Iteration	Posterior	Likelihood	Prior	rate_log_sd	tree_length
0	-406.4538	-546.6429	140.1892	1.93759	0.6057217
6	-405.9112	-546.1468	140.2356	1.848524	0.6978358
12	-407.6208	-547.8437	140.2229	1.725233	0.8841314
18	-416.3902	-556.4326	140.0424	1.887413	0.9048751
24	-418.6817	-558.6591	139.9774	2.165209	0.4578264
30	-406.3668	-546.3592	139.9925	2.150167	0.4578264
36	-404.1765	-543.8213	139.6449	2.408118	0.3138237
42	-410.1783	-549.9505	139.7722	2.346155	0.3907635
48	-403.1826	-542.9417	139.7592	2.343818	0.3667743
54	-408.9292	-548.6656	139.7364	2.366574	0.3667743
60	-416.6234	-556.5208	139.8974	2.221301	0.3913698
66	-403.1693	-542.9015	139.7322	2.386507	0.3913698
72	-400.435	-540.3317	139.8967	2.22204	0.3913698
78	-407.6644	-547.5509	139.8865	2.22204	0.3747842
84	-406.8305	-546.7285	139.898	2.22204	0.393758
90	-405.7072	-545.3838	139.6766	2.420019	0.3584184
96	-401.1142	-540.5983	139.4841	2.5593	0.306006
102	-399.8707	-539.6251	139.7543	2.289034	0.306006
108	-407.7161	-547.5257	139.8096	2.297443	0.3724615
114	-408.0988	-547.7734	139.6746	2.361787	0.3005822
120	-409.1735	-548.6685	139.495	2.50488	0.275817
126	-408.083	-547.6413	139.5583	2.50488	0.3227576
132	-414.55	-554.1825	139.6325	2.347524	0.2641741
138	-413.0726	-552.8275	139.7548	2.368623	0.4003734
144	-417.5787	-557.3317	139.753	2.383375	0.4326116
150	-417.5695	-557.3227	139.7532	2.344727	0.3600465
156	-410.2328	-549.9518	139.719	2.347191	0.3255501
162	-410.8432	-550.7028	139.8597	2.257441	0.3885428
168	-413.2438	-553.0557	139.8118	2.261224	0.3321187
174	-411.8973	-551.3266	139.4293	2.519394	0.2477455
180	-411.6289	-550.8689	139.24	2.669824	0.2299801
186	-406.6567	-545.9849	139.3282	2.58164	0.2299801
192	-417.1678	-556.5421	139.3743	2.58164	0.2513502
198	-421.7667	-561.1165	139.3498	2.598212	0.2473975
204	-423.6325	-563.2317	139.5993	1.378204	1.694826
210	-416.7346	-556.4275	139.6929	1.528159	1.517892
216	-420.2933	-560.3436	140.0503	1.676677	1.107214
222	-409.1367	-549.0606	139.924	1.593313	1.287483
228	-414.4307	-554.5728	140.1421	1.466029	1.211703
234	-411.4126	-551.2017	139.7891	1.26267	1.641754
240	-410.4659	-549.4689	139.003	1.171256	2.234673
246	-411.654	-549.939	138.285	0.8751322	2.866208
252	-402.8836	-541.6603	138.7768	1.023409	2.472251
258	-408.0267	-547.0709	139.0442	1.256692	2.152677
264	-408.9593	-548.177	139.2178	1.43088	1.922187
270	-416.1649	-555.8477	139.6828	1.224435	1.74432
276	-409.4209	-549.0516	139.6307	1.462538	1.611843
282	-416.7773	-555.597	138.8197	1.172761	2.350967
288	-416.0162	-555.1312	139.1151	1.279161	2.091635
294	-416.0217	-554.9541	138.9324	1.267004	2.218483
300	-422.1169	-561.1642	139.0474	1.389028	2.063854
306	-420.3379	-559.1358	138.7979	1.214251	2.338416
312	-417.002	-556.7904	139.7884	1.258228	1.645495
318	-425.4734	-564.0417	138.5683	1.22774	2.474845
324	-426.9037	-564.8325	137.9288	1.286741	2.832575
330	-408.4249	-547.1759	138.7509	1.153564	2.406655
336	-405.1239	-543.4744	138.3505	1.108941	2.68362
342	-408.8487	-548.4516	139.6029	1.4345	1.652122
348	-407.4443	-547.4165	139.9722	1.351999	1.439988
354	-406.9148	-546.4067	139.4919	1.140566	1.933111
360	-416.8154	-555.8867	139.0713	1.081345	2.248614
366	-414.0739	-554.2869	140.2131	1.254215	1.327955
372	-414.6473	-554.4069	139.7596	1.315681	1.624817
378	-399.8167	-539.5344	139.7177	1.389245	1.601911
384	-402.9148	-542.6384	139.7236	1.383347	1.601911
390	-407.9254	-547.664	139.7386	1.36836	1.601911
396	-407.8301	-547.4538	139.6237	1.237323	1.776606
402	-414.2506	-552.1606	137.91	1.213687	2.888239
408	-410.5979	-549.7545	139.1565	1.056025	2.209976
414	-405.1572	-544.2321	139.0749	1.197566	2.171169
420	-406.4045	-546.5612	140.1567	1.067772	1.515382
426	-401.0273	-541.184	140.1567	1.067772	1.515382
432	-416.2514	-556.2574	140.0061	1.067772	1.625875
438	-414.9689	-554.4209	139.4521	1.115444	1.976726
444	-414.3081	-553.8582	139.5501	1.293516	1.788689
450	-409.7981	-549.3396	139.5415	1.302159	1.788689
456	-407.3802	-546.533	139.1528	1.290538	2.059256
462	-406.4594	-546.4234	139.964	1.254555	1.519791
468	-410.9239	-551.2146	140.2907	1.585572	0.9625362
474	-413.2756	-553.3189	140.0432	2.090851	0.4256141
480	-410.8437	-550.8671	140.0234	2.115624	0.441619
486	-410.4769	-550.5654	140.0885	2.054334	0.5433655
492	-418.2459	-558.3368	140.0909	2.054191	0.5259271
498	-409.2154	-549.2601	140.0447	2.100376	0.5259271
504	-406.8682	-546.5546	139.6864	2.402252	0.3487595
510	-404.5266	-544.1738	139.6472	2.372704	0.2887867
516	-406.09	-545.567	139.477	2.499598	0.262239
522	-401.2027	-540.5695	139.3669	2.499598	0.2127778
528	-398.4082	-537.6782	139.27	2.623784	0.2233175
534	-402.7463	-542.0171	139.2708	2.574126	0.2050571
540	-410.124	-549.8042	139.6803	2.278492	0.252791
546	-403.4054	-542.9155	139.5101	2.466054	0.2619945
552	-405.3616	-544.6357	139.2741	2.616944	0.2222368
558	-408.4425	-548.2812	139.8386	2.268429	0.3725791
564	-407.6722	-547.5959	139.9237	1.638993	1.25001
570	-398.255	-538.1847	139.9297	1.665025	1.223079
576	-406.9118	-546.5727	139.661	1.514864	1.551445
582	-403.4936	-543.6086	140.1151	1.647117	1.074692
588	-408.3088	-548.5097	140.2009	1.561306	1.074692
594	-415.2487	-555.3453	140.0967	1.403045	1.301778
600	-412.0731	-552.0806	140.0075	1.436535	1.34649
606	-417.0499	-556.5097	139.4597	1.559758	1.664912
612	-413.3362	-553.6083	140.2722	1.648728	0.9147873
618	-400.2087	-540.4213	140.2127	1.708234	0.9147873
624	-410.8063	-550.9335	140.1272	1.784782	0.9245208
630	-410.996	-550.9126	139.9166	1.655891	1.241815
636	-413.1992	-553.0156	139.8164	1.797752	1.206568
642	-406.9972	-546.9335	139.9363	1.995947	0.9022153
648	-403.4549	-543.6852	140.2303	1.777822	0.8108853
654	-415.6332	-555.6231	139.9899	2.018288	0.8108853
660	-408.5469	-548.5281	139.9812	1.963249	0.8883874
666	-411.4976	-551.6316	140.134	1.575404	1.123082
672	-407.7434	-547.8124	140.069	1.789018	0.9813458
678	-407.9144	-547.9166	140.0022	2.072066	0.7146507
684	-405.4652	-545.4642	139.999	1.865865	0.9743784
690	-397.2941	-537.2366	139.9424	1.764357	1.125466
696	-403.7891	-543.5396	139.7505	1.797615	1.262075
702	-406.7109	-546.4368	139.7259	1.834445	1.251929
708	-411.0217	-551.0919	140.0702	1.682774	1.083277
714	-417.397	-557.2835	139.8865	1.732348	1.202539
720	-420.3117	-560.248	139.9363	1.690661	1.195599
726	-422.2338	-562.2356	140.0019	1.915861	0.918275
732	-425.1166	-565.1784	140.0619	1.999018	0.7361843
738	-422.1632	-562.1756	140.0123	2.102903	0.6354787
744	-422.8923	-562.8054	139.9131	2.202096	0.6354787
750	-411.1097	-551.0987	139.989	1.752637	1.093806
756	-422.676	-562.6214	139.9453	1.606348	1.259155
762	-410.4054	-550.6126	140.2072	1.563726	1.066453
768	-409.3	-549.2971	139.9971	1.537106	1.27357
774	-410.0088	-550.2842	140.2754	1.825179	0.6669844
780	-409.4919	-549.6824	140.1905	1.841517	0.7786495
786	-403.5532	-543.77	140.2168	1.867702	0.697078
792	-404.5885	-544.7188	140.1303	1.987209	0.6299023
798	-413.4286	-553.4478	140.0193	2.123557	0.5435173
804	-415.683	-555.7149	140.0319	2.036048	0.7250049
810	-415.0932	-555.3909	140.2977	1.813887	0.6437165
816	-411.8576	-551.7821	139.9245	2.211746	0.5745042
822	-404.3727	-544.4318	140.0591	2.058283	0.6302933
828	-404.57	-544.6746	140.1046	2.037273	0.5488154
834	-413.5581	-553.667	140.1089	2.037273	0.4901884
840	-403.4368	-543.708	140.2712	1.745191	0.8000058
846	-412.4503	-552.5963	140.1461	1.989054	0.5789086
852	-418.7769	-558.3426	139.5657	1.367229	1.726303
858	-417.3959	-556.8466	139.4508	1.491424	1.719782
864	-411.089	-551.2283	140.1392	1.609979	1.086788
870	-409.7763	-549.9998	140.2236	1.734459	0.872641
876	-408.071	-548.1815	140.1104	1.932122	0.7637008
882	-419.436	-559.703	140.267	1.827723	0.6784556
888	-412.3726	-552.6037	140.2311	1.69993	0.9035532
894	-416.2877	-556.3898	140.1021	1.491464	1.224043
900	-419.3746	-559.4607	140.0861	1.960528	0.7578185
906	-426.1801	-566.3157	140.1357	1.910932	0.7578185
912	-411.1835	-551.147	139.9636	2.080908	0.760914
918	-419.998	-560.1176	140.1196	1.891794	0.8066097
924	-417.3372	-556.4614	139.1242	1.208048	2.132209
930	-421.0133	-560.3122	139.2989	1.223034	2.007162
936	-427.2281	-566.1018	138.8737	1.115523	2.353031
942	-427.1441	-567.2545	140.1104	1.625074	1.099449
948	-421.5239	-561.5032	139.9793	1.557059	1.271791
954	-421.6378	-561.3981	139.7602	1.499044	1.489287
960	-421.8346	-561.8005	139.9659	1.679992	1.179292
966	-420.3149	-560.3343	140.0194	1.803296	1.016746
972	-413.65	-553.7642	140.1142	1.537854	1.173917
978	-413.0685	-553.24	140.1715	1.716053	0.9506883
984	-413.7921	-554.0786	140.2865	1.525759	1.026912
990	-419.533	-559.7914	140.2584	1.812754	0.7197527
996	-416.3969	-556.63	140.2331	1.7589	0.8314799
1002	-415.8039	-555.7745	139.9706	1.511574	1.31601
1008	-421.7954	-561.2413	139.4459	1.394801	1.790721
1014	-426.1028	-564.915	138.8122	2.971161	0.1853624
1020	-418.0197	-557.3645	139.3447	2.596791	0.2442794
1026	-417.0643	-556.6101	139.5459	2.424738	0.2590002
1032	-406.3511	-545.9734	139.6222	2.376618	0.2751856
1038	-404.1925	-543.9911	139.7985	2.332471	0.4173064
1044	-402.6543	-542.5502	139.8959	2.178883	0.713886
1050	-404.2112	-544.4547	140.2434	1.813855	0.7417499
1056	-413.0833	-553.3946	140.3114	1.814748	0.6076087
1062	-421.4349	-561.6053	140.1704	1.810162	0.8457457
1068	-417.6349	-557.8463	140.2114	1.838959	0.7521929
1074	-416.5992	-556.8457	140.2466	1.664444	0.9256361
1080	-417.0781	-557.1532	140.0751	1.587287	1.164916
1086	-419.6358	-559.1135	139.4777	1.66622	1.574894
1092	-409.0173	-549.0403	140.023	1.491629	1.289638
1098	-412.7136	-552.5793	139.8657	1.300991	1.558176
1104	-410.3378	-549.7729	139.4351	1.056009	2.027657
1110	-420.3503	-559.5172	139.1669	1.324175	2.027657
1116	-416.6945	-555.9012	139.2067	1.379734	1.964057
1122	-411.0524	-550.9984	139.9459	1.611911	1.254016
1128	-409.7541	-549.8323	140.0782	1.510605	1.228122
1134	-402.6111	-541.8907	139.2796	1.266536	1.99101
1140	-422.5506	-562.3674	139.8168	1.287966	1.603453
1146	-422.5833	-563.0388	140.4555	1.524193	0.8467374
1152	-418.9222	-559.1076	140.1854	1.68048	0.9733492
1158	-424.725	-564.549	139.824	1.481015	1.454624
1164	-420.5524	-559.9178	139.3654	1.515871	1.762474
1170	-420.6562	-560.6482	139.992	1.590399	1.23354
1176	-417.6789	-557.5282	139.8493	1.575359	1.361862
1182	-424.0088	-564.0914	140.0826	1.594954	1.151527
1188	-424.3191	-564.2136	139.8945	1.63534	1.277169
1194	-428.073	-567.9823	139.9093	1.620505	1.277169
1200	-414.8308	-555.1686	140.3378	1.711682	0.7535504
1206	-414.2845	-554.5175	140.233	1.910405	0.5395845
1212	-410.7012	-550.8882	140.187	1.948417	0.5777077
1218	-408.8183	-549.0487	140.2304	1.90503	0.5777077
1224	-407.6911	-547.8948	140.2037	1.882654	0.6938822
1230	-413.0233	-553.0276	140.0042	1.905777	0.9267017
1236	-413.7956	-553.7079	139.9123	1.68456	1.221257
1242	-421.586	-561.1855	139.5995	1.77874	1.398302
1248	-413.8394	-553.9241	140.0847	1.384692	1.326278
1254	-413.7728	-553.665	139.8922	1.511133	1.378623
1260	-409.7483	-549.6367	139.8884	1.352042	1.503443
1266	-401.5597	-541.4085	139.8489	1.539107	1.390679
1272	-399.633	-539.8742	140.2412	1.816994	0.7404196
1278	-411.3067	-551.4571	140.1504	1.996027	0.4989624
1284	-409.8036	-549.7262	139.9225	2.223845	0.4989624
1290	-407.3065	-546.93	139.6235	2.488403	0.3799271
1296	-409.9122	-549.7149	139.8027	2.343636	0.5052046
1302	-404.8109	-544.9137	140.1029	1.898987	0.8190298
1308	-407.6637	-547.8812	140.2175	1.749387	0.862194
1314	-413.6639	-553.4996	139.8357	1.538545	1.401339
1320	-409.8481	-550.0952	140.2471	1.619079	0.9729723
1326	-413.8755	-554.0368	140.1613	1.618201	1.058428
1332	-414.4983	-554.5485	140.0502	2.095034	0.5249698
1338	-409.9987	-550.0006	140.0019	2.134801	0.4334525
1344	-410.437	-550.31	139.873	2.246424	0.3927665
1350	-408.4873	-548.2991	139.8118	2.332653	0.4696055
1356	-407.7546	-547.5664	139.8118	2.332653	0.4696055
1362	-402.7792	-542.664	139.8847	2.241156	0.4054365
1368	-400.1759	-540.264	140.0881	2.054584	0.5440736
1374	-405.7472	-545.6921	139.945	2.196528	0.4521949
1380	-415.2474	-555.2221	139.9747	2.171201	0.4844967
1386	-417.9641	-558.0282	140.0641	2.067155	0.5921068
1392	-418.8937	-559.0783	140.1846	1.940673	0.6100119
1398	-417.7776	-557.7415	139.9639	2.181322	0.4766742
1404	-412.1498	-552.0831	139.9334	2.173589	0.3724458
1410	-406.9314	-546.9015	139.9702	2.173589	0.4644998
1416	-410.6952	-550.674	139.9788	2.160862	0.5602105
1422	-403.1611	-543.0039	139.8427	2.297854	0.4479809
1428	-416.9575	-556.9111	139.9536	2.191642	0.4763375
1434	-414.6593	-554.6123	139.953	2.191642	0.4711458
1440	-410.8803	-550.8998	140.0195	2.098228	0.389646
1446	-410.336	-550.5402	140.2042	1.832986	0.7714104
1452	-414.5773	-554.6548	140.0775	1.85835	0.898131
1458	-411.4428	-550.2152	138.7723	1.26923	2.319713
1464	-411.7809	-550.9628	139.1819	1.02798	2.211716
1470	-417.2067	-556.8043	139.5976	1.141282	1.860825
1476	-405.4316	-545.0656	139.634	1.298216	1.726812
1482	-408.266	-548.2958	140.0297	1.596527	1.196252
1488	-416.6202	-556.7814	140.1612	1.704907	0.9730623
1494	-417.6574	-557.0595	139.4021	1.491498	1.753866
1500	-407.9647	-548.0233	140.0586	1.754225	1.026336
1506	-412.1441	-552.0101	139.866	1.874751	1.094582
1512	-406.6363	-546.6029	139.9667	1.721202	1.142415
1518	-407.1072	-547.0683	139.9612	2.184471	0.5195996
1524	-403.758	-543.9583	140.2003	1.935913	0.5748417
1530	-410.7888	-550.9061	140.1173	1.959661	0.7100969
1536	-400.2376	-540.4193	140.1817	1.92352	0.6574625
1542	-411.1023	-551.3298	140.2275	1.8008	0.7838631
1548	-406.6356	-546.7348	140.0993	1.67305	1.065178
1554	-407.2863	-547.1951	139.9088	1.559023	1.327498
1560	-416.8697	-556.9794	140.1097	1.551849	1.165605
1566	-418.3146	-558.6772	140.3626	1.378333	1.094394
1572	-413.8412	-553.9676	140.1265	1.707338	1.0057
1578	-415.1273	-555.2472	140.1199	2.020701	0.5557441
1584	-414.6402	-554.7759	140.1358	2.003311	0.5629666
1590	-418.1188	-558.0501	139.9313	2.203492	0.4275983
1596	-414.4696	-554.1611	139.6915	2.381704	0.3322401
1602	-422.9938	-562.872	139.8782	2.225519	0.3678215
1608	-418.4674	-557.6899	139.2224	2.68009	0.2269044
1614	-412.8338	-552.2908	139.457	2.556829	0.2847253
1620	-415.8207	-555.2396	139.4189	2.463564	0.2188521
1626	-399.0064	-538.4186	139.4121	2.578498	0.270249
1632	-401.5587	-540.9051	139.3464	2.637359	0.2662463
1638	-407.9255	-547.0957	139.1703	2.706606	0.2166849
1644	-405.9366	-545.6204	139.6839	2.370646	0.3151516
1650	-407.1327	-546.5062	139.3735	2.513324	0.2205679
1656	-408.6672	-548.1617	139.4945	2.495996	0.2701593
1662	-400.7732	-540.4603	139.6871	2.337313	0.2919093
1668	-408.5966	-548.3983	139.8016	2.315233	0.3881568
1674	-402.4888	-542.4001	139.9113	2.234795	0.4876165
1680	-403.1667	-543.2582	140.0914	2.054623	0.4869492
1686	-401.9191	-542.0736	140.1545	1.990741	0.4766206
1692	-400.2257	-540.1709	139.9451	2.157317	0.3660102
1698	-404.8181	-544.6281	139.8099	2.328106	0.4381779
1704	-404.7548	-544.6981	139.9432	2.203139	0.4984759
1710	-397.1306	-537.2103	140.0797	2.021558	0.6656823
1716	-399.1496	-539.2069	140.0573	2.083695	0.4498826
1722	-404.2772	-544.363	140.0858	2.058651	0.531708
1728	-402.9413	-542.9821	140.0408	2.032063	0.7169857
1734	-409.8112	-549.6446	139.8334	2.27687	0.6466693
1740	-407.6403	-546.9359	139.2956	2.734522	0.2959746
1746	-411.3312	-550.9694	139.6382	2.435231	0.3324589
1752	-420.3165	-559.7815	139.4651	2.562577	0.2941957
1758	-417.2082	-556.7508	139.5426	2.484998	0.2941957
1764	-413.1079	-552.7215	139.6136	2.390596	0.2784844
1770	-417.5507	-557.4296	139.879	2.258835	0.4372982
1776	-405.7779	-545.7429	139.9651	2.174853	0.5591266
1782	-411.9135	-552.1238	140.2103	1.903739	0.6382129
1788	-413.1835	-553.2546	140.071	1.5933	1.163177
1794	-411.9194	-552.2048	140.2854	1.683096	0.8602886
1800	-412.6596	-553.0606	140.401	1.56749	0.8602886
1806	-407.7516	-547.5833	139.8318	1.740357	1.24213
1812	-417.0665	-556.9281	139.8616	1.347964	1.526461
1818	-420.7236	-560.7625	140.039	1.484073	1.28275
1824	-420.4646	-559.9417	139.4771	1.159761	1.930113
1830	-416.6015	-556.1634	139.5619	1.414236	1.695779
1836	-415.7785	-554.89	139.1115	1.300825	2.079697
1842	-419.5644	-559.2021	139.6377	1.504968	1.575849
1848	-415.9745	-556.0236	140.0491	1.374502	1.362737
1854	-431.6685	-571.1487	139.4802	1.324297	1.815808
1860	-426.9688	-566.5328	139.5641	1.240369	1.815808
1866	-428.3523	-568.3089	139.9566	1.259785	1.521358
1872	-421.6245	-560.9354	139.3109	1.657841	1.701013
1878	-427.5368	-566.8463	139.3095	1.043139	2.118921
1884	-420.7103	-559.8556	139.1453	1.243649	2.095099
1890	-423.6375	-563.6631	140.0256	1.82763	0.986202
1896	-415.257	-555.3387	140.0817	1.842954	0.910625
1902	-415.4257	-555.5337	140.108	1.913509	0.7931322
1908	-414.829	-554.9918	140.1628	1.803443	0.862905
1914	-406.9135	-546.8271	139.9136	1.594642	1.294858
1920	-410.4273	-550.7966	140.3694	1.775638	0.5269664
1926	-402.854	-543.0049	140.1509	1.909869	0.7363666
1932	-406.4033	-546.5194	140.1161	1.99123	0.6530547
1938	-410.1743	-550.2728	140.0985	1.951778	0.7523518
1944	-411.9293	-552.027	140.0977	1.986332	0.6979772
1950	-416.5624	-556.7151	140.1527	1.986332	0.5632049
1956	-414.3644	-554.4945	140.1302	1.994443	0.6117594
1962	-411.1808	-551.1982	140.0174	2.107235	0.6117594
1968	-409.3176	-549.4584	140.1407	1.992065	0.5871192
1974	-410.3015	-550.4176	140.116	1.903079	0.7963892
1980	-405.9269	-545.8222	139.8952	1.582913	1.319204
1986	-410.5059	-550.2797	139.7738	1.579459	1.417663
1992	-406.6258	-545.9834	139.3576	1.415421	1.837444
1998	-419.6177	-558.9585	139.3408	1.316378	1.916398
2004	-412.749	-552.1747	139.4257	1.179908	1.951168
2010	-419.2007	-559.0858	139.8851	1.399004	1.470555
2016	-420.9351	-560.8691	139.934	1.488381	1.36366
2022	-410.2894	-550.4421	140.1528	1.528566	1.148192
2028	-401.2327	-541.1711	139.9383	1.289724	1.512687
2034	-401.6255	-541.297	139.6715	1.4552	1.587498
2040	-396.557	-536.6186	140.0616	1.517893	1.235975
2046	-401.8493	-541.8954	140.0462	1.609476	1.170796
2052	-403.4594	-543.2672	139.8078	1.503985	1.449478
2058	-405.1203	-545.2017	140.0814	1.416038	1.303592
2064	-408.9932	-549.0922	140.099	1.421509	1.284807
2070	-417.8366	-557.4753	139.6387	1.634371	1.478907
2076	-417.0515	-557.1044	140.0529	1.587062	1.184401
2082	-414.2825	-554.2067	139.9242	2.044585	0.8599082
2088	-410.7673	-550.7541	139.9868	1.902189	0.94921
2094	-408.5382	-548.6543	140.116	1.820819	0.8969785
2100	-409.3598	-549.3367	139.9768	2.030264	0.8122669
2106	-411.6716	-551.7912	140.1196	1.887486	0.8122669
2112	-411.1794	-551.3081	140.1287	1.819493	0.8841031
2118	-421.0337	-561.0927	140.059	2.086341	0.5228379
2124	-414.714	-554.9732	140.2592	1.838803	0.6721492
2130	-412.037	-552.141	140.104	1.995761	0.6685871
2136	-405.911	-545.6754	139.7645	2.348688	0.3818959
2142	-409.2192	-549.122	139.9028	2.242529	0.5239482
2148	-406.6378	-546.7573	140.1195	2.025201	0.4715365
2154	-403.7818	-543.8785	140.0968	1.925229	0.7924699
2160	-408.8079	-548.6232	139.8153	2.315781	0.4176336
2166	-408.9208	-548.8564	139.9356	2.007993	0.889325
2172	-412.1299	-552.1438	140.0139	1.768974	1.0552
2178	-407.908	-548.091	140.183	1.918348	0.6655408
2184	-405.2177	-545.2142	139.9965	2.082499	0.7067009
2190	-403.0452	-543.0859	140.0406	2.087525	0.6016828
2196	-410.6905	-550.7667	140.0762	1.874927	0.8806385
2202	-420.9601	-560.8343	139.8742	2.144725	0.7966287
2208	-411.6165	-551.539	139.9224	1.595811	1.28668
2214	-416.4378	-556.3982	139.9605	1.837999	1.040298
2220	-411.4174	-551.3671	139.9497	1.882029	1.007753
2226	-419.5925	-559.7396	140.147	1.889546	0.7722987
2232	-422.7329	-562.9133	140.1804	1.889546	0.7218502
2238	-417.6915	-557.9865	140.295	1.774905	0.7218502
2244	-416.3704	-556.6899	140.3194	1.708659	0.7841202
2250	-421.2401	-560.9917	139.7516	1.542207	1.463199
2256	-408.3288	-547.9485	139.6197	1.58842	1.527545
2262	-401.1332	-540.5948	139.4615	1.354805	1.807612
2268	-402.2792	-542.5721	140.2929	1.467558	1.07632
2274	-409.3616	-549.3582	139.9966	1.763818	1.07632
2280	-405.7664	-545.9807	140.2143	1.68777	0.9352957
2286	-400.2748	-540.2187	139.9439	1.905894	0.9896522
2292	-409.0774	-548.9584	139.881	2.237209	0.6283654
2298	-412.3406	-552.3474	140.0068	2.124105	0.4171432
2304	-407.277	-547.09	139.813	2.211559	0.2920084
2310	-408.2569	-548.4522	140.1953	1.924109	0.6253063
2316	-419.3541	-559.0415	139.6873	2.39461	0.3412935
2322	-416.9831	-556.6568	139.6737	2.318141	0.2709414
2328	-410.0307	-549.6385	139.6077	2.430292	0.3018695
2334	-409.0604	-548.4825	139.4221	2.558774	0.2646141
2340	-417.8454	-557.5883	139.743	2.34762	0.3510286
2346	-423.7197	-563.6699	139.9502	2.177676	0.4098661
2352	-406.834	-546.4229	139.5889	2.490946	0.3391154
2358	-409.0697	-548.7948	139.7251	2.392421	0.3892287
2364	-408.5864	-548.4746	139.8882	2.234518	0.3988736
2370	-423.8156	-563.7411	139.9255	2.19716	0.3988736
2376	-430.3132	-570.5212	140.208	1.938175	0.4885983
2382	-431.9046	-571.7018	139.7971	2.302549	0.3623431
2388	-429.87	-569.9975	140.1274	1.878313	0.813978
2394	-424.1084	-564.2749	140.1665	1.933977	0.6671253
2400	-426.3633	-566.28	139.9167	1.885182	1.036964
2406	-427.7639	-567.525	139.7611	1.572165	1.433072
2412	-413.8937	-553.8642	139.9705	1.683198	1.172464
2418	-410.635	-550.581	139.946	1.707679	1.172464
2424	-405.716	-545.9358	140.2199	1.855055	0.7135694
2430	-412.715	-552.5505	139.8355	1.669002	1.297869
2436	-409.3357	-548.956	139.6203	1.5571	1.550294
2442	-402.8562	-542.8255	139.9693	1.397067	1.407508
2448	-398.1326	-537.8459	139.7133	1.472104	1.544396
2454	-397.9786	-538.0862	140.1075	1.669813	1.060436
2460	-402.498	-542.4299	139.9319	1.869064	1.037905
2466	-410.1832	-550.2885	140.1053	1.924208	0.7821518
2472	-410.7064	-551.0027	140.2963	1.733259	0.7821518
2478	-411.2299	-551.4057	140.1758	1.46639	1.182458
2484	-415.0524	-554.5963	139.5439	1.350167	1.75358
2490	-418.0876	-558.4057	140.3181	1.371616	1.140786
2496	-410.9713	-550.4342	139.4629	1.335404	1.820059
2502	-406.7388	-546.0159	139.2771	1.525654	1.816983
2508	-410.3008	-550.2968	139.9961	1.370379	1.407432
2514	-413.3452	-551.841	138.4958	1.154858	2.565502
2520	-407.902	-547.693	139.791	1.572782	1.409482
2526	-408.8107	-548.899	140.0883	1.341558	1.357734
2532	-418.199	-557.2975	139.0986	1.560016	1.915451
2538	-409.4831	-548.573	139.0899	1.203615	2.157481
2544	-414.0894	-554.0869	139.9976	1.576174	1.24075
2550	-408.406	-548.258	139.852	1.604955	1.336216
2556	-408.8172	-548.9568	140.1395	1.729452	0.970094
2562	-404.7763	-545.0221	140.2458	1.623223	0.970094
2568	-405.2963	-545.4318	140.1356	1.601841	1.097668
2574	-407.7954	-547.8347	140.0393	1.664264	1.128396
2580	-404.4484	-544.4681	140.0197	1.414523	1.35429
2586	-407.3801	-546.092	138.712	1.397936	2.276035
2592	-404.938	-544.1374	139.1994	1.219454	2.075433
2598	-405.7271	-545.5928	139.8657	1.241013	1.602042
2604	-396.8321	-536.5846	139.7525	1.434674	1.543081
2610	-402.4464	-542.5954	140.149	1.807674	0.8742371
2616	-409.4905	-549.2962	139.8057	1.605703	1.37235
2622	-419.1134	-557.2269	138.1135	1.555399	2.554179
2628	-426.0326	-566.1329	140.1003	1.471629	1.242249
2634	-428.3264	-567.1599	138.8335	1.596967	2.067796
2640	-416.943	-557.2084	140.2654	1.725211	0.8332189
2646	-424.6613	-564.9086	140.2473	1.810396	0.7411273
2652	-413.3305	-553.5595	140.229	1.855326	0.6974789
2658	-413.7349	-553.9747	140.2398	1.889648	0.5977651
2664	-419.4211	-559.702	140.2809	1.747336	0.7839746
2670	-417.5588	-557.655	140.0962	1.65279	1.086937
2676	-422.0626	-562.27	140.2074	1.613664	1.018293
2682	-424.7036	-564.6962	139.9926	1.83593	1.010947
2688	-418.1885	-558.4465	140.258	1.832374	0.6865893
2694	-414.7068	-554.9882	140.2813	1.514688	1.042624
2700	-414.4777	-554.2398	139.7621	1.586109	1.421527
2706	-404.4107	-544.7089	140.2982	1.550886	0.9904181
2712	-408.4644	-548.8202	140.3558	1.723447	0.7062443
2718	-416.2283	-556.4939	140.2656	1.806253	0.7186874
2724	-423.7602	-564.1025	140.3424	1.59553	0.8958247
2730	-427.7121	-567.6672	139.9552	1.50414	1.334341
2736	-417.7422	-557.7863	140.0441	1.591147	1.188449
2742	-411.6436	-551.8136	140.1701	1.857752	0.7845326
2748	-412.5232	-552.6495	140.1263	1.942616	0.7234591
2754	-410.4628	-550.4685	140.0057	2.140722	0.5007214
2760	-403.2118	-543.2551	140.0433	2.100529	0.465006
2766	-402.4518	-542.2779	139.8261	2.271948	0.3602377
2772	-413.7417	-553.8121	140.0704	1.815061	0.952908
2778	-410.9871	-551.278	140.2908	1.631552	0.9131445
2784	-411.8928	-552.0416	140.1488	1.820555	0.8592296
2790	-413.8641	-553.9706	140.1065	1.870047	0.8506057
2796	-413.5424	-553.7741	140.2317	1.88412	0.6340897
2802	-417.7068	-557.521	139.8143	2.33159	0.4836125
2808	-409.9666	-550.0623	140.0957	2.010745	0.6548427
2814	-408.8842	-549.1756	140.2915	1.774285	0.7285447
2820	-407.7286	-547.7135	139.9849	1.576445	1.251099
2826	-399.656	-539.6753	140.0194	1.541994	1.251099
2832	-410.6471	-550.4395	139.7924	1.171161	1.704684
2838	-410.6696	-549.5408	138.8712	1.162212	2.324907
2844	-409.2335	-549.3474	140.1139	1.232511	1.422948
2850	-410.0191	-549.9285	139.9094	1.419461	1.436407
2856	-410.4513	-550.6758	140.2245	1.782104	0.8129034
2862	-409.2227	-549.4883	140.2656	1.846604	0.6423721
2868	-415.1404	-555.2278	140.0874	1.742663	1.009412
2874	-418.603	-558.8101	140.2071	1.752158	0.8712375
2880	-413.6821	-554.0307	140.3485	1.527275	0.9630221
2886	-428.5823	-568.8965	140.3142	1.520813	1.004511
2892	-420.8441	-561.2	140.3559	1.636513	0.830957
2898	-412.3784	-552.5286	140.1502	1.805533	0.8752787
2904	-415.5097	-555.7349	140.2252	1.779811	0.8149998
2910	-412.2093	-552.4564	140.2471	1.535532	1.055419
2916	-413.9443	-553.9736	140.0293	1.759066	1.049955
2922	-407.8542	-547.5453	139.6911	1.463088	1.567369
2928	-405.6951	-545.7135	140.0184	1.647227	1.162043
2934	-404.4111	-544.1931	139.7819	1.883686	1.162043
2940	-407.0986	-547.0405	139.9419	1.809739	1.084513
2946	-409.1813	-549.4733	140.2919	1.764094	0.7437041
2952	-411.3326	-551.273	139.9404	2.082831	0.7907423
2958	-406.7047	-546.8264	140.1216	1.996364	0.6288054
2964	-407.2427	-547.3024	140.0597	2.036731	0.6751418
2970	-402.3222	-542.4171	140.0949	2.00261	0.6730252
2976	-413.9869	-554.0617	140.0749	1.965878	0.7663379
2982	-411.3844	-551.531	140.1466	1.875694	0.7921313
2988	-405.5985	-545.399	139.8005	2.05217	0.9867875
2994	-407.2876	-547.3977	140.1101	1.823098	0.9011336
3000	-411.4169	-551.5449	140.1281	1.714641	0.9968431
3006	-415.3633	-555.3304	139.9671	1.793183	1.076447
3012	-404.6835	-544.8368	140.1532	1.668333	1.017834
3018	-405.061	-545.1984	140.1374	1.974016	0.6442304
3024	-401.4685	-541.3938	139.9253	2.212119	0.4361295
3030	-408.2692	-548.5318	140.2626	1.82071	0.6992325
3036	-405.5244	-545.8325	140.3081	1.722603	0.7804974
3042	-404.7851	-544.8467	140.0617	1.945892	0.8116634
3048	-400.7719	-540.9991	140.2272	1.879581	0.6541565
3054	-403.587	-543.8461	140.2591	1.88714	0.5076738
3060	-402.8653	-543.0604	140.1951	1.94414	0.5620485
3066	-400.0075	-540.0516	140.0441	2.044387	0.689977
3072	-401.0112	-540.8842	139.873	2.253177	0.4060447
3078	-404.0939	-544.2207	140.1268	2.019365	0.5099373
3084	-402.7307	-542.7227	139.992	2.148834	0.5546028
3090	-399.7668	-539.8299	140.0631	2.077733	0.5546028
3096	-402.5638	-542.4162	139.8524	2.292303	0.4712726
3102	-400.2401	-539.9273	139.6872	2.41167	0.3612946
3108	-400.5862	-540.4377	139.8515	2.247401	0.3612946
3114	-411.6356	-551.4572	139.8217	2.230515	0.7495391
3120	-407.5677	-547.6897	140.122	1.93015	0.7495391
3126	-399.7527	-539.8558	140.103	1.865501	0.8602106
3132	-412.1602	-552.1808	140.0206	1.858193	0.9598848
3138	-424.6087	-564.6906	140.0818	1.892546	0.8532113
3144	-423.3808	-563.5087	140.1279	2.018156	0.4877977
3150	-418.2421	-558.2681	140.026	2.119062	0.526213
3156	-411.8349	-551.9387	140.1038	2.041266	0.526213
3162	-413.0159	-553.2824	140.2665	1.837468	0.6600233
3168	-414.2769	-554.3345	140.0576	1.485335	1.266424
3174	-410.2785	-550.0245	139.746	1.191046	1.723406
3180	-400.7146	-540.2415	139.527	1.181964	1.881272
3186	-401.2479	-539.8033	138.5554	1.309486	2.431598
3192	-395.9899	-534.9658	138.9759	1.321336	2.15505
3198	-395.7096	-535.9646	140.255	1.855468	0.6463108
3204	-401.6467	-541.8168	140.1701	1.540573	1.121977
3210	-403.0067	-543.0924	140.0857	1.530205	1.205071
3216	-403.5837	-543.5143	139.9306	1.613574	1.265364
3222	-407.3296	-547.6255	140.2959	1.592517	0.9498639
3228	-409.9612	-550.2107	140.2495	1.600271	0.9896944
3234	-412.2434	-552.2354	139.9919	1.641959	1.189667
3240	-410.8499	-550.1419	139.292	1.475208	1.841463
3246	-405.8754	-545.7719	139.8964	1.423892	1.442953
3252	-400.3357	-540.3306	139.9948	1.932453	0.9077063
3258	-393.1679	-533.196	140.0281	2.109079	0.5710303
3264	-400.6195	-540.6511	140.0315	2.109079	0.5556716
3270	-402.195	-542.3877	140.1927	1.950851	0.4631059
3276	-397.6522	-537.9374	140.2852	1.599249	0.9540284
3282	-407.2118	-547.4501	140.2383	1.605386	0.9958552
3288	-409.5005	-549.6029	140.1024	1.521939	1.197859
3294	-411.5692	-551.5805	140.0113	1.417303	1.358773
3300	-406.2399	-546.4092	140.1694	1.627698	1.041638
3306	-413.3235	-553.3878	140.0643	1.445341	1.293738
3312	-418.7947	-558.9575	140.1628	1.787889	0.8811917
3318	-419.5112	-559.5879	140.0767	2.027215	0.6601504
3324	-416.0488	-556.2682	140.2193	1.88461	0.6601504
3330	-419.1763	-559.0761	139.8999	1.97436	0.9646734
3336	-423.6492	-563.776	140.1269	1.69535	1.017179
3342	-410.0366	-550.0868	140.0502	1.721324	1.065892
3348	-407.3287	-547.546	140.2173	1.878036	0.6771868
3354	-412.1981	-552.1177	139.9196	2.226105	0.5190679
3360	-421.8688	-561.8331	139.9643	2.181961	0.506444
3366	-412.2977	-552.4079	140.1102	2.035349	0.4797456
3372	-409.2875	-549.567	140.2795	1.84817	0.60307
3378	-411.3285	-551.2952	139.9667	2.177054	0.46462
3384	-416.3008	-556.0636	139.7628	2.370181	0.422394
3390	-423.4357	-563.1881	139.7523	2.357816	0.3771923
3396	-426.6004	-566.3137	139.7133	2.398266	0.3793181
3402	-413.1165	-553.26	140.1435	2.002873	0.4959171
3408	-416.4635	-556.6601	140.1966	1.943673	0.5574062
3414	-425.6674	-565.7031	140.0357	2.103028	0.5642746
3420	-422.7078	-562.7921	140.0844	2.04967	0.4255121
3426	-426.9163	-567.0116	140.0953	2.025209	0.6225352
3432	-425.7241	-565.96	140.2358	1.825649	0.7352514
3438	-415.0865	-555.2398	140.1533	1.833413	0.8381256
3444	-414.0536	-554.3023	140.2487	1.730929	0.8468016
3450	-411.4052	-551.3706	139.9654	2.178071	0.5394527
3456	-420.6838	-560.4486	139.7648	2.356754	0.3967316
3462	-416.4772	-556.3936	139.9164	2.203844	0.3942421
3468	-416.8794	-556.7066	139.8272	2.275507	0.3664472
3474	-413.8084	-553.9113	140.1029	2.030764	0.4243806
3480	-404.7714	-544.7902	140.0189	2.127461	0.4942046
3486	-412.551	-552.709	140.1579	1.973785	0.5906541
3492	-415.9762	-556.1274	140.1512	1.952388	0.6608481
3498	-420.7813	-561.1403	140.3589	1.660871	0.7954711
3504	-422.6466	-562.781	140.1344	1.889363	0.7901069
3510	-422.4368	-562.7178	140.281	1.862713	0.5373972
3516	-414.4993	-554.5762	140.0769	2.059563	0.4327286
3522	-418.4953	-558.09	139.5947	2.486709	0.3407222
3528	-411.098	-550.9348	139.8369	2.244523	0.3407222
3534	-409.3412	-549.1526	139.8115	2.299179	0.3779434
3540	-408.9184	-548.82	139.9016	2.212996	0.3842665
3546	-404.9038	-545.0124	140.1086	2.037487	0.5121974
3552	-415.9291	-556.272	140.3429	1.803397	0.5067148
3558	-429.9666	-569.9743	140.0077	2.065593	0.7163503
3564	-418.538	-558.724	140.186	1.907638	0.6804651
3570	-419.4003	-559.583	140.1826	1.92577	0.6508204
3576	-419.6177	-559.9433	140.3257	1.782837	0.6505397
3582	-411.3662	-551.626	140.2598	1.855807	0.6344685
3588	-411.9185	-552.1315	140.213	1.595824	1.030229
3594	-418.8301	-558.586	139.7559	1.42687	1.546303
3600	-408.4649	-548.1562	139.6913	1.43847	1.585241
3606	-417.7545	-557.4891	139.7346	1.24881	1.69059
3612	-416.5789	-555.666	139.0871	1.335127	2.073225
3618	-417.0565	-556.7852	139.7286	1.357884	1.616703
3624	-416.4458	-556.3103	139.8645	1.359921	1.515398
3630	-417.087	-557.2771	140.19	1.614547	1.03439
3636	-420.3297	-560.6115	140.2818	1.863942	0.5183574
3642	-414.2547	-554.5483	140.2935	1.769811	0.7323656
3648	-416.6332	-556.6026	139.9694	2.110866	0.7045958
3654	-416.1765	-556.3444	140.1679	1.937519	0.6571852
3660	-409.5626	-549.5617	139.999	2.134767	0.4248354
3666	-405.3615	-545.6311	140.2697	1.87146	0.5531422
3672	-402.4639	-542.6283	140.1643	1.95244	0.6317819
3678	-421.6842	-561.9478	140.2635	1.808441	0.718494
3684	-408.2231	-548.4065	140.1834	1.951966	0.5780947
3690	-411.4794	-551.6934	140.214	1.847503	0.7351812
3696	-401.206	-541.3747	140.1687	1.853888	0.7916381
3702	-414.426	-554.7835	140.3575	1.665096	0.7916381
3708	-404.1351	-544.1026	139.9675	2.055072	0.7916381
3714	-395.7358	-535.9326	140.1967	1.848257	0.7601711
3720	-401.1764	-541.4845	140.3081	1.558411	0.9726195
3726	-404.9953	-545.0583	140.063	1.66335	1.107742
3732	-410.6497	-550.8715	140.2219	1.797233	0.7964014
3738	-413.9187	-553.9997	140.0809	1.644657	1.108448
3744	-403.9027	-544.1292	140.2265	1.499144	1.108448
3750	-398.7984	-538.6922	139.8938	1.336875	1.510746
3756	-400.2872	-540.1331	139.8459	1.289502	1.581158
3762	-408.8983	-548.8485	139.9502	1.210668	1.562499
3768	-409.7213	-549.1408	139.4195	1.21098	1.934409
3774	-413.777	-553.8329	140.0559	1.576704	1.190777
3780	-403.837	-544.068	140.231	1.614823	0.9937219
3786	-408.64	-548.7475	140.1075	1.607844	1.117745
3792	-403.7931	-544.1344	140.3413	1.560409	0.9356518
3798	-407.6566	-547.8068	140.1501	1.527035	1.151882
3804	-410.1085	-550.076	139.9676	1.577106	1.26496
3810	-418.452	-558.178	139.726	1.628774	1.416462
3816	-404.9732	-544.9568	139.9835	1.461721	1.345533
3822	-405.575	-545.1418	139.5668	1.318417	1.759751
3828	-413.5644	-552.7881	139.2236	1.590778	1.808925
3834	-401.5874	-541.6984	140.1109	1.531704	1.182092
3840	-403.6003	-543.7986	140.1983	1.67996	0.9604675
3846	-407.8559	-548.0256	140.1697	1.389853	1.252617
3852	-404.9052	-544.9518	140.0466	1.672286	1.11454
3858	-405.3861	-545.6569	140.2708	1.77043	0.7655684
3864	-411.6703	-552.0589	140.3886	1.559515	0.8841733
3870	-413.1201	-553.4196	140.2995	1.648796	0.8839793
3876	-415.2942	-555.568	140.2738	1.793398	0.7262799
3882	-417.3794	-557.2086	139.8292	1.619867	1.34248
3888	-411.6497	-551.8933	140.2436	1.595819	1.000162
3894	-411.1852	-551.378	140.1928	1.653449	0.9932861
3900	-430.3728	-570.1178	139.7449	2.349178	0.3552553
3906	-430.4756	-570.5059	140.0303	2.108513	0.4410333
3912	-422.38	-562.1218	139.7419	2.329317	0.3303217
3918	-419.6739	-559.3756	139.7016	2.418698	0.3943559
3924	-417.8396	-557.5378	139.6982	2.359195	0.317647
3930	-409.4079	-549.1801	139.7723	2.307315	0.3388096
3936	-410.8784	-550.5434	139.665	2.373523	0.3022717
3942	-414.6472	-554.1035	139.4563	2.487856	0.2455224
3948	-418.3025	-557.638	139.3355	2.61167	0.2469939
3954	-423.6103	-563.3655	139.7552	2.385811	0.4500026
3960	-415.8291	-555.4466	139.6174	2.463346	0.3400305
3966	-417.7763	-557.2405	139.4642	2.522662	0.268052
3972	-421.2332	-560.8811	139.6479	2.477329	0.4039966
3978	-412.5084	-552.5202	140.0117	2.134249	0.5147698
3984	-405.3241	-545.3295	140.0053	2.14063	0.5147698
3990	-411.0042	-550.9439	139.9397	2.205394	0.5264168
3996	-407.9555	-547.7597	139.8041	2.319811	0.4014118
4002	-410.4546	-550.3751	139.9206	2.213393	0.4253331
4008	-412.0431	-551.565	139.5219	2.541516	0.322942
4014	-409.7565	-549.7024	139.9458	2.195933	0.4534306
4020	-406.3833	-546.2232	139.8399	2.282057	0.3973659
4026	-415.167	-555.1551	139.9881	2.154703	0.5436835
4032	-411.2332	-551.2508	140.0176	2.122439	0.4458831
4038	-412.8289	-552.7533	139.9244	2.221731	0.4883951
4044	-405.6962	-545.831	140.1349	1.894897	0.78183
4050	-408.4149	-548.6386	140.2237	1.703723	0.9075135
4056	-412.2488	-552.3741	140.1253	1.722239	0.9919513
4062	-425.4914	-565.6089	140.1175	1.6232	1.094589
4068	-419.8016	-559.8828	140.0812	1.692508	1.063843
4074	-424.3383	-564.2614	139.9231	1.671763	1.223027
4080	-418.645	-559.1654	140.5204	1.317109	1.002019
4086	-409.9468	-550.239	140.2921	1.636456	0.9062481
4092	-405.0302	-545.3914	140.3612	1.621393	0.8431619
4098	-412.4356	-552.7556	140.32	1.728544	0.7549528
4104	-416.1529	-556.2432	140.0902	1.968159	0.7400915
4110	-415.453	-555.8009	140.3479	1.72227	0.7214226
4116	-415.9399	-555.8979	139.958	1.992805	0.880995
4122	-416.3739	-556.4639	140.09	1.992805	0.7001091
4128	-417.3869	-557.5069	140.1201	1.760775	0.9577887
4134	-402.7546	-542.8848	140.1302	1.954875	0.696131
4140	-401.1479	-541.3815	140.2336	1.851449	0.696131
4146	-409.2017	-549.4215	140.2198	1.865254	0.696131
4152	-412.833	-553.0809	140.248	1.800651	0.7548035
4158	-406.5953	-546.7332	140.1379	2.008474	0.4985742
4164	-407.1059	-547.1128	140.0068	2.138891	0.5182818
4170	-398.0523	-538.2034	140.1511	1.994688	0.5182818
4176	-401.8146	-541.9038	140.0892	2.022159	0.6442181
4182	-409.9743	-550.0778	140.1035	2.038472	0.5485359
4188	-404.6997	-544.9212	140.2215	1.862763	0.6975383
4194	-406.0154	-546.3374	140.322	1.755112	0.7099547
4200	-410.0517	-550.288	140.2362	1.715813	0.8795927
4206	-422.5825	-562.4172	139.8347	1.613419	1.343258
4212	-412.2846	-552.3527	140.0682	1.482856	1.259698
4218	-414.0624	-554.1118	140.0494	1.945038	0.8284422
4224	-417.4934	-557.5061	140.0127	1.798594	1.027871
4230	-412.5947	-552.1222	139.5275	1.506158	1.654767
4236	-406.7678	-547.1064	140.3386	1.548657	0.9510139
4242	-401.9775	-542.0295	140.0521	1.474317	1.279995
4248	-409.045	-548.4778	139.4328	1.137749	1.974711
4254	-396.6885	-536.4262	139.7377	1.186365	1.73252
4260	-400.8541	-540.2717	139.4176	1.325377	1.858047
4266	-408.3411	-548.2476	139.9065	1.423798	1.435312
4272	-400.7483	-540.7893	140.041	1.428474	1.326168
4278	-407.6907	-547.6854	139.9947	1.474758	1.326168
4284	-405.7094	-545.624	139.9146	1.377662	1.464327
4290	-408.2275	-548.6873	140.4599	1.546304	0.813426
4296	-408.0653	-548.3175	140.2522	1.631338	0.9549779
4302	-416.37	-556.3014	139.9314	2.195757	0.4081583
4308	-414.8604	-554.8457	139.9853	2.159403	0.4714337
4314	-417.6983	-557.7722	140.0739	2.067158	0.5534395
4320	-419.4535	-559.5074	140.0539	2.087154	0.5534395
4326	-417.9177	-558.0017	140.084	2.059834	0.5366859
4332	-413.8741	-553.9407	140.0666	2.077534	0.534143
4338	-414.632	-554.6981	140.0661	2.077534	0.5378648
4344	-404.098	-544.056	139.958	2.170419	0.4110793
4350	-408.6272	-548.4698	139.8426	2.28572	0.4109668
4356	-404.5128	-544.6028	140.09	1.793212	0.9552748
4362	-410.0172	-550.4406	140.4234	1.558023	0.8445935
4368	-406.0922	-546.2302	140.138	1.928254	0.7277322
4374	-403.9875	-544.0596	140.0721	1.855808	0.9070107
4380	-403.9551	-544.063	140.1079	2.001999	0.6475657
4386	-398.3861	-538.4914	140.1053	2.004553	0.6475657
4392	-401.4542	-541.6088	140.1545	1.962932	0.6300624
4398	-401.7902	-542.0577	140.2675	1.662036	0.9052266
4404	-403.0083	-543.1271	140.1189	1.808273	0.907867
4410	-402.2533	-542.4557	140.2023	1.858793	0.7358067
4416	-406.2682	-546.4429	140.1746	1.560762	1.099507
4422	-408.5455	-548.5153	139.9699	1.894551	0.9748047
4428	-408.5458	-548.2469	139.7011	1.616255	1.445219
4434	-410.6475	-550.6736	140.0261	1.291281	1.445219
4440	-411.1195	-550.9184	139.7989	1.566416	1.408314
4446	-401.8668	-541.9709	140.104	1.494764	1.219654
4452	-410.4505	-550.3168	139.8664	1.436455	1.456321
4458	-408.1382	-547.7273	139.5891	1.265895	1.780779
4464	-412.4844	-552.0488	139.5644	1.36373	1.729669
4470	-410.2405	-549.9392	139.6987	1.311457	1.671572
4476	-403.2413	-543.278	140.0367	1.433275	1.325747
4482	-411.4017	-550.6809	139.2792	1.371331	1.920885
4488	-412.0337	-551.5853	139.5516	1.292785	1.788148
4494	-418.5227	-557.6652	139.1425	1.261702	2.085069
4500	-414.8893	-553.4918	138.6025	0.9675556	2.615459
4506	-416.0363	-553.9528	137.9165	1.020768	3.000512
4512	-404.4668	-543.1138	138.647	1.01907	2.555935
4518	-400.4213	-539.6523	139.231	1.40733	1.929126
4524	-396.0995	-535.9065	139.807	1.442224	1.496808
4530	-400.9394	-540.8621	139.9227	1.769922	1.138175
4536	-402.394	-542.2539	139.8599	1.3678	1.512949
4542	-400.9393	-540.6399	139.7006	1.527123	1.512949
4548	-403.1974	-542.4897	139.2924	1.456715	1.853861
4554	-398.6487	-538.7549	140.1063	1.551001	1.16937
4560	-407.7095	-547.7552	140.0457	1.410374	1.336927
4566	-396.5625	-536.7602	140.1977	1.509355	1.125207
4572	-400.7862	-540.7529	139.9667	1.561487	1.278529
4578	-402.9905	-543.2114	140.2209	1.460024	1.148605
4584	-401.0017	-541.5028	140.501	1.284753	1.05243
4590	-414.5898	-554.4419	139.8521	1.456375	1.452001
4596	-420.6273	-560.7901	140.1628	1.506942	1.158464
4602	-414.3419	-554.772	140.4301	1.484874	0.9212638
4608	-407.1472	-547.1986	140.0515	1.585208	1.187254
4614	-411.5274	-551.8396	140.3122	1.279713	1.225506
4620	-416.2166	-556.2515	140.035	1.405362	1.349463
4626	-411.8145	-552.0182	140.2037	1.823166	0.7857712
4632	-408.2038	-548.3789	140.1751	1.545226	1.113207
4638	-412.1771	-551.7185	139.5414	1.203639	1.856621
4644	-406.4649	-545.3895	138.9246	1.33151	2.181776
4650	-396.9993	-537.078	140.0787	1.563739	1.182228
4656	-401.3654	-541.5477	140.1823	1.898893	0.7029207
4662	-407.8183	-548.1765	140.3582	1.787914	0.4889357
4668	-402.9465	-543.0814	140.135	1.997664	0.4215284
4674	-405.0845	-545.1632	140.0787	1.985084	0.731641
4680	-403.5143	-543.6933	140.179	1.882675	0.735045
4686	-406.9456	-547.2808	140.3352	1.759392	0.6786858
4692	-413.4066	-553.6541	140.2475	1.84708	0.6786858
4698	-410.968	-550.5946	139.6265	1.572616	1.534201
4704	-413.5588	-553.7959	140.237	1.539805	1.060907
4710	-420.9943	-561.2511	140.2568	1.452892	1.122868
4716	-418.699	-558.8028	140.1038	1.677697	1.056478
4722	-415.9099	-556.0843	140.1744	1.866574	0.7659859
4728	-415.3702	-555.5815	140.2114	1.829499	0.7661279
4734	-414.4756	-553.7816	139.306	1.912222	1.520021
4740	-410.9029	-551.197	140.2941	1.516318	1.028719
4746	-406.9027	-547.1404	140.2377	1.433133	1.157443
4752	-410.1789	-549.8389	139.66	1.373038	1.655231
4758	-401.9999	-542.2905	140.2906	1.457167	1.088132
4764	-414.0578	-554.2555	140.1976	1.583861	1.056527
4770	-407.4323	-547.4264	139.9941	1.714849	1.12354
4776	-407.4283	-547.5094	140.0811	2.041163	0.6179305
4782	-411.6235	-551.8508	140.2274	1.896037	0.615002
4788	-416.9028	-556.8945	139.9916	2.145071	0.4336036
4794	-414.3314	-554.3196	139.9882	2.149813	0.5677533
4800	-406.6259	-546.7854	140.1595	1.964538	0.6133807
4806	-416.7947	-556.9084	140.1137	2.031386	0.5256762
4812	-415.0727	-555.1706	140.0978	1.824812	0.9128444
4818	-416.5312	-556.4905	139.9593	1.625897	1.231118
4824	-413.6133	-553.7414	140.1281	1.730056	0.9811742
4830	-404.5473	-544.8254	140.2781	1.732472	0.8077547
4836	-396.8897	-537.3044	140.4147	1.482022	0.9410506
4842	-402.7423	-542.7694	140.0271	1.562517	1.227406
4848	-400.802	-541.0879	140.2859	1.394736	1.14882
4854	-410.3426	-549.6928	139.3502	1.34272	1.892166
4860	-416.5228	-556.3163	139.7935	1.363382	1.565391
4866	-412.2143	-552.0774	139.863	1.333791	1.535917
4872	-410.6066	-550.6206	140.014	1.626172	1.184198
4878	-415.4253	-555.8859	140.4606	1.572361	0.7773343
4884	-426.0496	-566.3723	140.3228	1.65031	0.8547817
4890	-413.8557	-553.9908	140.135	1.303911	1.350567
4896	-412.4233	-552.5656	140.1423	1.29772	1.349705
4902	-419.5587	-558.59	139.0313	1.250397	2.165196
4908	-413.4738	-553.1027	139.6289	1.33534	1.704218
4914	-418.6042	-557.8189	139.2148	1.139511	2.117825
4920	-418.1661	-558.0563	139.8902	1.230371	1.591988
4926	-419.5222	-559.2432	139.7209	1.470663	1.539799
4932	-416.9755	-556.8318	139.8564	1.590917	1.343913
4938	-417.0037	-556.8325	139.8288	1.689859	1.286376
4944	-407.9401	-547.8887	139.9486	1.646299	1.222992
4950	-399.8398	-539.553	139.7132	1.457069	1.555583
4956	-396.1989	-536.5323	140.3334	1.574405	0.9290915
4962	-400.5579	-540.3811	139.8233	1.948969	1.065276
4968	-404.1671	-544.1103	139.9433	1.90708	0.9891272
4974	-402.8514	-542.9026	140.0513	1.778189	1.010032
4980	-402.781	-542.5879	139.8069	1.29916	1.602523
4986	-422.7357	-562.3142	139.5785	1.499376	1.622939
4992	-428.1124	-566.4312	138.3189	1.313308	2.577001
4998	-423.1428	-562.99	139.8472	1.277018	1.589298
5004	-415.2321	-554.8896	139.6575	1.534173	1.539736
5010	-412.9689	-553.0067	140.0378	1.553756	1.225798
5016	-412.4449	-552.2783	139.8334	1.409983	1.501246
5022	-408.4242	-547.433	139.0089	1.21758	2.201003
5028	-408.8853	-547.8828	138.9975	1.256711	2.183008
5034	-398.4049	-538.1586	139.7538	1.526108	1.473731
5040	-400.4425	-540.3631	139.9206	1.411338	1.434063
5046	-402.2007	-542.1845	139.9837	1.34821	1.434063
5052	-400.3132	-540.4746	140.1614	1.539688	1.130609
5058	-409.5529	-549.3501	139.7972	1.900039	1.134055
5064	-401.1248	-541.1284	140.0037	2.142679	0.4948521
5070	-405.5696	-545.3317	139.762	2.38127	0.4617309
5076	-400.4299	-540.5649	140.135	1.940128	0.7132331
5082	-404.2863	-544.1974	139.9111	1.720277	1.191799
5088	-407.8815	-548.1047	140.2233	1.530854	1.082218
5094	-411.4073	-551.5891	140.1817	1.684687	0.9727248
5100	-415.1505	-555.3461	140.1957	1.482062	1.151404
5106	-416.0775	-555.78	139.7024	1.432906	1.581194
5112	-419.6028	-559.5382	139.9354	1.251537	1.543245
5118	-419.2786	-558.9511	139.6725	1.436664	1.600288
5124	-419.2409	-559.1438	139.903	1.503875	1.375912
5130	-417.3348	-557.5869	140.2521	1.61445	0.9725637
5136	-414.5143	-554.7761	140.2618	1.49702	1.077854
5142	-404.2886	-544.5042	140.2156	1.706945	0.9129505
5148	-404.5252	-544.4633	139.9382	1.475886	1.370224
5154	-404.1583	-544.3353	140.177	1.436327	1.207294
5160	-410.0217	-550.1708	140.1492	1.586414	1.099334
5166	-413.5991	-553.9576	140.3585	1.617352	0.8513943
5172	-421.7511	-561.7397	139.9886	1.537731	1.280029
5178	-417.9873	-558.1064	140.1191	1.825132	0.8885525
5184	-415.7379	-555.8884	140.1506	1.959168	0.6478892
5190	-411.1677	-551.4196	140.2519	1.857809	0.6478892
5196	-415.1803	-555.3063	140.126	1.917512	0.7622505
5202	-406.4977	-546.6584	140.1607	1.901937	0.7333983
5208	-401.4585	-541.6312	140.1726	1.952048	0.6115526
5214	-394.5636	-534.6528	140.0892	2.003042	0.6831232
5220	-404.9209	-545.0673	140.1464	1.975371	0.6193786
5226	-407.1818	-547.0653	139.8836	2.242492	0.6077482
5232	-405.1434	-545.246	140.1026	2.043755	0.5052429
5238	-417.1106	-557.1633	140.0528	2.032876	0.6950977
5244	-410.4939	-550.4676	139.9737	1.859639	1.006159
5250	-413.3919	-553.288	139.896	1.621583	1.287198
5256	-405.8271	-546.05	140.2229	1.672416	0.9424853
5262	-412.2297	-552.148	139.9184	1.822061	1.094879
5268	-412.3967	-552.3251	139.9284	1.556898	1.313472
5274	-409.6704	-549.9489	140.2784	1.805759	0.6976895
5280	-412.3064	-552.5636	140.2572	1.835323	0.682544
5286	-409.9132	-550.1013	140.1881	1.644213	1.007154
5292	-408.2172	-548.3967	140.1795	1.813561	0.830202
5298	-409.6074	-549.8526	140.2452	1.845575	0.6857585
5304	-410.4586	-550.654	140.1954	1.909169	0.6588756
5310	-407.7373	-548.1045	140.3672	1.675867	0.7630368
5316	-407.5634	-547.735	140.1716	1.785878	0.8732494
5322	-411.6622	-552.0145	140.3524	1.757786	0.6469886
5328	-414.1999	-554.1925	139.9926	2.153643	0.4914773
5334	-413.4203	-553.5392	140.119	2.027277	0.4914773
5340	-413.2296	-553.242	140.0124	2.133836	0.4914773
5346	-415.4021	-555.4428	140.0407	2.071527	0.3804863
5352	-411.5667	-551.8261	140.2594	1.882503	0.5488178
5358	-413.5355	-553.664	140.1285	2.017531	0.5133741
5364	-416.2739	-556.5539	140.28	1.682457	0.8674215
5370	-417.3402	-557.6202	140.28	1.682457	0.8674215
5376	-410.1747	-550.2408	140.066	2.054275	0.6231134
5382	-406.3818	-546.6941	140.3123	1.80802	0.6231134
5388	-412.9232	-553.2958	140.3725	1.695646	0.7246752
5394	-414.2707	-554.5449	140.2742	1.757793	0.7787222
5400	-413.7781	-554.0453	140.2671	1.874353	0.5511126
5406	-411.8862	-551.9976	140.1114	1.950092	0.7353072
5412	-406.0324	-546.0992	140.0668	2.074652	0.5514314
5418	-411.6324	-551.7162	140.0838	2.0489	0.5872513
5424	-407.3115	-547.3786	140.0671	1.92945	0.8257866
5430	-404.8987	-545.0006	140.1019	1.802294	0.9329935
5436	-407.6153	-547.8399	140.2246	1.679588	0.9329935
5442	-417.6274	-557.6725	140.0451	1.553021	1.220249
5448	-414.1436	-554.2005	140.0569	1.453061	1.293431
5454	-410.8043	-550.8802	140.0759	1.700406	1.061416
5460	-414.5636	-554.7216	140.158	1.700406	0.9809888
5466	-422.6182	-562.6026	139.9844	2.085201	0.7223866
5472	-414.2911	-554.4962	140.2051	1.883326	0.6901344
5478	-414.4306	-554.5182	140.0876	1.802442	0.9481387
5484	-415.8496	-556.1089	140.2592	1.668008	0.9077478
5490	-411.2307	-551.5454	140.3148	1.498616	1.025837
5496	-415.2508	-555.4751	140.2243	1.589064	1.025837
5502	-413.7074	-553.7829	140.0755	1.737871	1.025837
5508	-410.5365	-550.7622	140.2257	1.644905	0.9684206
5514	-410.8774	-550.9147	140.0373	1.836881	0.9647246
5520	-413.8141	-554.0605	140.2464	1.855691	0.6640072
5526	-418.2963	-558.3881	140.0918	2.040837	0.5876623
5532	-416.3633	-556.5746	140.2114	1.841164	0.7489745
5538	-405.5457	-545.7407	140.1951	1.93922	0.581938
5544	-401.4526	-541.468	140.0154	2.129262	0.4711688
5550	-414.422	-554.6672	140.2452	1.89385	0.562955
5556	-409.3875	-549.5428	140.1553	1.792222	0.8848815
5562	-408.2377	-548.5032	140.2655	1.866414	0.5898302
5568	-402.3451	-542.5164	140.1713	1.898856	0.7214589
5574	-414.6593	-554.8646	140.2054	1.912098	0.6300863
5580	-417.5827	-557.7868	140.2041	1.913037	0.6308701
5586	-412.0456	-552.1719	140.1263	1.924252	0.7519888
5592	-418.5322	-558.5655	140.0333	2.084453	0.6293401
5598	-414.8431	-554.9064	140.0633	2.019617	0.6999258
5604	-411.1202	-550.6443	139.5241	1.676828	1.532915
5610	-424.625	-564.07	139.445	1.566075	1.67089
5616	-421.2418	-560.7722	139.5304	1.295061	1.80126
5622	-437.6878	-577.6572	139.9694	2.167783	0.4351997
5628	-428.9655	-568.8806	139.9151	2.03221	0.8850291
5634	-422.436	-562.5323	140.0963	1.541401	1.18637
5640	-422.8694	-560.2191	137.3497	1.14781	3.262228
5646	-415.4389	-554.4917	139.0528	1.082762	2.259586
5652	-423.1715	-562.2567	139.0851	1.255977	2.126435
5658	-415.7242	-555.9055	140.1813	1.652453	1.005769
5664	-407.4595	-547.5804	140.1209	1.806659	0.9074113
5670	-406.0329	-546.2847	140.2518	1.875321	0.6045739
5676	-408.1713	-548.1381	139.9668	2.101089	0.7251174
5682	-406.9209	-546.8667	139.9458	2.184923	0.4165274
5688	-412.0949	-552.1672	140.0724	2.006358	0.707183
5694	-410.7918	-550.7774	139.9856	2.160728	0.5056537
5700	-412.9939	-553.0464	140.0525	2.091897	0.4691405
5706	-405.453	-545.4577	140.0048	2.139624	0.4691405
5712	-405.3165	-545.4307	140.1142	2.011602	0.6083476
5718	-403.3894	-543.5689	140.1795	1.892006	0.7191804
5724	-409.2258	-549.3366	140.1108	2.032526	0.5402166
5730	-411.7525	-551.8451	140.0925	2.048017	0.5560755
5736	-417.025	-557.131	140.106	2.024469	0.5945439
5742	-426.2059	-566.3701	140.1643	1.90612	0.7210862
5748	-419.5125	-559.7985	140.2859	1.773195	0.7389425
5754	-425.3682	-565.5973	140.2291	1.890899	0.6237627
5760	-426.6372	-566.8848	140.2476	1.781715	0.7824534
5766	-414.461	-554.6647	140.2037	1.753055	0.8741469
5772	-413.694	-553.9476	140.2536	1.753055	0.8128611
5778	-410.8551	-551.0445	140.1894	1.87137	0.7364312
5784	-407.1673	-547.3052	140.1379	1.8626	0.820758
5790	-399.7314	-540.0088	140.2774	1.856795	0.5821684
5796	-401.6518	-541.8818	140.2299	1.67463	0.9325911
5802	-398.8973	-539.109	140.2117	1.869502	0.7028814
5808	-408.5909	-548.7423	140.1514	1.850472	0.8189548
5814	-404.7025	-544.3883	139.6858	1.356266	1.648732
5820	-405.3742	-545.2116	139.8374	1.331542	1.556526
5826	-411.1986	-550.8989	139.7003	1.380272	1.620984
5832	-420.9648	-559.8509	138.8861	1.184752	2.301023
5838	-414.5446	-554.1061	139.5615	1.245572	1.814011
5844	-411.3883	-550.9897	139.6014	1.13388	1.863288
5850	-402.4961	-542.2002	139.7041	1.254377	1.708297
5856	-407.2403	-545.9606	138.7203	1.223579	2.381754
5862	-399.1748	-538.8308	139.656	1.338067	1.683046
5868	-405.9299	-545.7007	139.7707	1.223336	1.683046
5874	-410.3983	-550.6336	140.2353	1.693963	0.9054834
5880	-406.654	-546.7352	140.0811	2.01905	0.6677527
5886	-398.9454	-539.07	140.1246	1.889762	0.8027169
5892	-398.1769	-538.4383	140.2614	1.727033	0.8359553
5898	-400.881	-541.3	140.4189	1.657657	0.7107806
5904	-401.9348	-542.2866	140.3517	1.678691	0.7808952
5910	-411.3665	-551.3402	139.9738	1.426533	1.381034
5916	-405.3742	-545.2988	139.9246	1.475692	1.381034
5922	-407.78	-547.9145	140.1346	1.723454	0.9813532
5928	-407.3055	-547.607	140.3016	1.527143	1.010782
5934	-416.8919	-555.9991	139.1072	1.271869	2.101595
5940	-410.0386	-549.525	139.4863	1.485396	1.698885
5946	-399.0205	-538.6533	139.6328	1.512894	1.573622
5952	-403.6315	-543.3223	139.6908	1.354726	1.646251
5958	-406.8065	-546.5103	139.7038	1.383141	1.616421
5964	-411.3532	-550.6857	139.3324	1.218453	1.987861
5970	-416.2176	-555.4905	139.273	1.2779	1.987861
5976	-414.5235	-553.707	139.1834	1.452904	1.930485
5982	-407.211	-546.7826	139.5716	1.274063	1.787274
5988	-409.0524	-549.0015	139.9491	1.268173	1.520758
5994	-401.7871	-541.6578	139.8707	1.583946	1.338045
6000	-397.0471	-537.2131	140.1661	1.663698	1.009724
6006	-399.3586	-539.5255	140.1669	1.960223	0.6047699
6012	-410.3542	-550.4472	140.0931	1.925838	0.7966578
6018	-407.0472	-546.9645	139.9174	1.725938	1.181516
6024	-409.9785	-549.9384	139.9599	1.888464	0.9911385
6030	-406.8648	-547.0164	140.1516	1.898558	0.7525435
6036	-405.9984	-546.2024	140.204	1.885202	0.688681
6042	-413.8838	-553.8149	139.9311	2.214146	0.5244194
6048	-413.7273	-553.8133	140.086	2.038277	0.6125843
6054	-407.8835	-547.5578	139.6743	2.353967	0.294652
6060	-404.9469	-544.8815	139.9346	2.17101	0.3704643
6066	-405.9228	-545.7758	139.8531	2.287742	0.4489437
6072	-405.1326	-544.9763	139.8438	2.301299	0.5261798
6078	-406.7927	-547.0113	140.2186	1.833134	0.7501963
6084	-410.1619	-550.2369	140.075	1.959637	0.7750652
6090	-409.0046	-549.2212	140.2166	1.817976	0.7750652
6096	-415.8159	-556.0342	140.2182	1.657132	0.9634909
6102	-416.482	-556.4474	139.9653	1.731204	1.134664
6108	-418.8141	-558.8157	140.0017	1.747717	1.086617
6114	-413.4953	-553.5288	140.0335	1.805554	1.00053
6120	-406.8519	-546.9866	140.1346	1.927296	0.7345533
6126	-405.7088	-545.8095	140.1007	1.715206	1.023326
6132	-419.0256	-558.972	139.9464	2.180016	0.6066789
6138	-412.5546	-552.5044	139.9498	2.179568	0.4132361
6144	-409.5377	-549.325	139.7873	2.352001	0.442947
6150	-417.7356	-557.6258	139.8902	2.252561	0.5440413
6156	-413.9207	-553.8319	139.9111	2.229125	0.4467036
6162	-407.2329	-547.2904	140.0575	2.077627	0.578776
6168	-406.8012	-546.7877	139.9864	2.156509	0.4596595
6174	-402.7979	-542.8098	140.0119	2.133433	0.4774313
6180	-408.1133	-548.1085	139.9952	2.125155	0.6230068
6186	-413.6412	-553.6363	139.9952	2.125155	0.6230068
6192	-412.7641	-552.8579	140.0939	1.971423	0.7292662
6198	-415.1702	-555.0206	139.8504	2.038022	0.9498034
6204	-409.6892	-549.8328	140.1436	1.827193	0.8575024
6210	-418.0643	-558.2555	140.1913	1.360556	1.259038
6216	-414.4459	-554.6657	140.2197	1.46822	1.14232
6222	-417.3536	-557.1899	139.8364	1.542248	1.397971
6228	-415.4984	-555.5786	140.0802	1.33477	1.369536
6234	-408.1342	-548.2532	140.119	1.717102	1.003459
6240	-410.221	-550.4665	140.2455	1.82046	0.7282257
6246	-405.1296	-545.2978	140.1682	1.85553	0.7901178
6252	-408.5222	-548.3905	139.8684	2.258371	0.4072758
6258	-418.1894	-557.8905	139.701	2.429996	0.4173571
6264	-423.7774	-564.0087	140.2314	1.853847	0.6958451
6270	-416.4958	-556.5604	140.0647	1.813225	0.9608557
6276	-408.3234	-548.2338	139.9104	1.667784	1.237039
6282	-411.388	-551.3027	139.9147	1.663452	1.237039
6288	-413.7784	-553.7798	140.0013	1.576876	1.237039
6294	-412.2369	-552.0394	139.8025	1.824855	1.195297
6300	-419.342	-559.3664	140.0244	1.902537	0.9080824
6306	-418.9829	-558.7959	139.8129	1.927618	1.094764
6312	-411.1109	-551.0956	139.9847	1.657202	1.182731
6318	-412.0138	-551.8956	139.8818	1.692745	1.240081
6324	-413.7433	-553.8405	140.0972	2.019205	0.6326735
6330	-417.6186	-557.5262	139.9076	2.020763	0.9065213
6336	-412.1316	-552.2291	140.0975	1.631866	1.104994
6342	-420.021	-560.2554	140.2344	1.644393	0.9599281
6348	-416.9775	-557.1233	140.1458	1.929253	0.7134145
6354	-406.4192	-546.6859	140.2666	1.848739	0.6350747
6360	-407.0902	-547.1034	140.0133	2.111775	0.6105569
6366	-406.1631	-546.1939	140.0308	2.113489	0.5329229
6372	-401.5687	-541.8238	140.2551	1.89131	0.5010396
6378	-398.6576	-538.6224	139.9648	2.181496	0.4939188
6384	-396.2007	-535.8845	139.6838	2.360601	0.306805
6390	-397.888	-537.4912	139.6032	2.432426	0.3000408
6396	-404.4115	-544.2842	139.8727	2.211735	0.3439557
6402	-406.7724	-545.811	139.0387	2.849486	0.2210767
6408	-397.1254	-536.344	139.2186	2.651117	0.2139832
6414	-407.6525	-546.7623	139.1098	2.759882	0.2139832
6420	-399.8027	-539.1643	139.3616	2.532688	0.2235264
6426	-394.5502	-533.7873	139.2371	2.554613	0.187843
6432	-405.4438	-544.9199	139.4761	2.509484	0.2672988
6438	-410.2242	-549.7003	139.4761	2.509484	0.2672988
6444	-410.8525	-550.2554	139.4029	2.582633	0.2672988
6450	-412.3626	-551.9968	139.6342	2.475247	0.3760942
6456	-407.4647	-547.2101	139.7454	2.298233	0.3061948
6462	-410.7997	-550.6455	139.8458	2.20937	0.3156918
6468	-402.7405	-542.39	139.6495	2.333991	0.2661199
6474	-405.772	-545.2725	139.5005	2.483019	0.2661199
6480	-411.4322	-550.9373	139.5051	2.478361	0.2661199
6486	-411.6243	-551.2134	139.5891	2.404153	0.2717957
6492	-413.6834	-553.3055	139.6221	2.404153	0.2931987
6498	-412.9389	-552.7937	139.8547	2.26783	0.398616
6504	-415.6192	-555.6216	140.0023	2.144045	0.4991438
6510	-410.8239	-550.8262	140.0023	2.144045	0.4991438
6516	-417.1394	-557.5379	140.3985	1.746249	0.5294523
6522	-429.215	-569.0315	139.8165	1.644469	1.333015
6528	-414.6495	-554.6897	140.0402	1.711337	1.084654
6534	-412.2038	-552.4113	140.2075	1.723371	0.9036792
6540	-416.6631	-556.3791	139.716	1.456435	1.553965
6546	-418.7171	-559.1187	140.4016	1.315313	1.11632
6552	-414.7524	-555.0127	140.2603	1.877479	0.5684078
6558	-413.598	-553.7441	140.146	1.991773	0.5684078
6564	-415.2122	-555.4294	140.2172	1.920615	0.5684078
6570	-406.7255	-546.3986	139.6731	2.387444	0.3204115
6576	-404.9208	-544.6397	139.7189	2.325249	0.3065955
6582	-409.3099	-549.3667	140.0567	2.089188	0.5154268
6588	-409.9567	-550.1309	140.1742	1.964911	0.5626939
6594	-408.048	-547.9749	139.927	2.212151	0.5626939
6600	-405.0402	-544.9638	139.9236	2.220692	0.468203
6606	-405.2237	-545.2062	139.9825	1.964216	0.8857978
6612	-400.2333	-540.4274	140.1941	1.949748	0.5363361
6618	-405.5658	-545.4887	139.9229	2.222141	0.5264795
6624	-409.1325	-548.9973	139.8648	2.273336	0.4384294
6630	-405.6281	-545.4918	139.8637	2.243371	0.3725359
6636	-408.0788	-547.87	139.7912	2.324576	0.3861991
6642	-408.3047	-547.607	139.3023	2.627903	0.2389705
6648	-413.2953	-552.7289	139.4336	2.529229	0.2548881
6654	-409.4268	-549.0506	139.6238	2.446502	0.3294001
6660	-412.88	-552.2295	139.3495	2.662166	0.2832667
6666	-409.9689	-549.5114	139.5425	2.54188	0.3439139
6672	-408.0703	-548.3268	140.2564	1.76337	0.7954509
6678	-419.7928	-559.9416	140.1488	1.987509	0.5745132
6684	-420.5198	-560.6117	140.092	2.044324	0.5745132
6690	-406.5075	-546.7851	140.2776	1.836161	0.638863
6696	-408.4002	-548.3814	139.9812	2.105344	0.6934373
6702	-412.5838	-552.7838	140.2001	1.935946	0.5755791
6708	-414.9423	-554.9871	140.0448	1.615904	1.166343
6714	-419.5373	-559.1545	139.6173	1.533562	1.569851
6720	-415.2057	-555.1497	139.944	1.578791	1.282947
6726	-424.8656	-564.8979	140.0323	1.691129	1.110398
6732	-412.6885	-552.5277	139.8392	1.462853	1.4569
6738	-418.7714	-558.921	140.1496	1.78298	0.9018137
6744	-424.4084	-564.3027	139.8943	1.832114	1.107676
6750	-429.6271	-569.5212	139.8941	1.463271	1.414438
6756	-425.6442	-565.7329	140.0887	1.855678	0.8884067
6762	-428.5891	-568.8479	140.2588	1.685581	0.8884067
6768	-436.8582	-576.2715	139.4133	1.583551	1.681037
6774	-420.1497	-559.2219	139.0722	1.145731	2.206531
6780	-421.2319	-560.9813	139.7493	1.436648	1.543943
6786	-422.056	-561.9321	139.8761	1.304932	1.547592
6792	-422.272	-562.3629	140.0908	1.500546	1.225936
6798	-414.9416	-555.0637	140.122	1.690089	1.027081
6804	-411.3561	-551.4738	140.1177	1.701294	1.020354
6810	-420.5666	-560.6253	140.0587	1.970603	0.7825045
6816	-416.6755	-556.8285	140.153	1.926298	0.706124
6822	-418.7541	-558.9071	140.153	1.926298	0.706124
6828	-418.2705	-558.4474	140.177	1.810467	0.8372151
6834	-418.6327	-558.8443	140.2116	1.930103	0.5502709
6840	-415.1595	-555.3659	140.2064	1.936548	0.5427235
6846	-423.3923	-563.6572	140.2649	1.879934	0.5286421
6852	-422.8479	-562.9706	140.1227	2.023574	0.492954
6858	-425.2329	-565.4854	140.2525	1.886022	0.5652931
6864	-410.0147	-550.0989	140.0842	2.051835	0.5755139
6870	-410.3917	-550.4134	140.0217	2.124102	0.4824997
6876	-415.9564	-556.2672	140.3108	1.736983	0.75602
6882	-414.3341	-554.3945	140.0603	1.991221	0.7504674
6888	-419.8175	-560.0656	140.2481	1.803492	0.7504674
6894	-424.7754	-564.9246	140.1492	1.848469	0.8244
6900	-419.8334	-559.9275	140.0941	1.940562	0.7749814
6906	-405.8257	-545.968	140.1423	1.917198	0.7383524
6912	-405.0732	-545.115	140.0418	2.049838	0.6841882
6918	-413.0437	-553.1727	140.129	1.962655	0.6841882
6924	-406.0906	-546.4458	140.3552	1.767266	0.6174765
6930	-410.588	-550.8739	140.2859	1.837566	0.6148119
6936	-420.9257	-561.209	140.2833	1.724874	0.8108753
6942	-414.163	-554.2502	140.0872	2.036536	0.6142277
6948	-428.5087	-568.313	139.8042	2.34107	0.4771707
6954	-420.4612	-560.6872	140.226	1.919865	0.4843188
6960	-416.8552	-557.1212	140.266	1.732751	0.8230135
6966	-413.265	-553.3342	140.0692	1.854162	0.9120999
6972	-408.6665	-548.8004	140.1339	1.867151	0.820053
6978	-406.7859	-546.7101	139.9242	1.793944	1.115249
6984	-410.2131	-550.4695	140.2564	1.593648	0.9894388
6990	-406.3243	-546.2518	139.9274	1.765464	1.13793
6996	-401.8136	-541.9618	140.1483	1.711031	0.980054
7002	-411.4975	-551.7138	140.2163	1.778521	0.8279976
7008	-407.1403	-547.3416	140.2012	1.756608	0.8728568
7014	-411.4083	-551.6324	140.2242	1.851203	0.7128373
7020	-413.9557	-554.2778	140.3222	1.753206	0.7128373
7026	-407.3901	-547.6572	140.2671	1.855426	0.6173401
7032	-405.0767	-545.2482	140.1715	1.953449	0.610794
7038	-398.1768	-538.3645	140.1877	1.937277	0.610794
7044	-407.4861	-547.5477	140.0616	2.075197	0.5726793
7050	-399.1032	-538.9988	139.8956	2.246843	0.4569264
7056	-401.5553	-541.3966	139.8413	2.295912	0.4352593
7062	-407.138	-546.9251	139.7871	2.272436	0.3194731
7068	-408.0035	-547.7021	139.6986	2.378054	0.335775
7074	-409.6513	-549.341	139.6897	2.378054	0.3269839
7080	-407.8362	-547.3344	139.4982	2.551097	0.3107652
7086	-406.7082	-546.2579	139.5497	2.436832	0.2678836
7092	-413.906	-553.6477	139.7417	2.315533	0.3174823
7098	-405.9842	-546.0039	140.0197	2.11907	0.4408951
7104	-413.6831	-553.669	139.9859	2.16035	0.4918405
7110	-415.9591	-556.0828	140.1237	2.014328	0.5676159
7116	-421.6777	-561.6264	139.9487	2.1706	0.6255928
7122	-409.2248	-549.4421	140.2174	1.895811	0.6402011
7128	-408.2434	-548.2636	140.0203	1.840122	0.978917
7134	-401.1286	-541.1205	139.9919	1.614699	1.212994
7140	-403.9217	-544.2205	140.2988	1.614699	0.9228969
7146	-406.0703	-546.4756	140.4053	1.70292	0.6511905
7152	-406.2936	-546.4924	140.1988	1.920244	0.6262298
7158	-409.6924	-549.7468	140.0544	2.055805	0.6469231
7164	-399.1334	-539.3255	140.1921	1.94963	0.4531048
7170	-397.2242	-537.3589	140.1346	1.959002	0.6804501
7176	-398.1102	-538.2501	140.1399	1.971119	0.6449673
7182	-416.5987	-556.7308	140.1321	1.826031	0.8725323
7188	-417.547	-557.377	139.83	1.769206	1.219332
7194	-406.3618	-546.5681	140.2063	1.846985	0.7477875
7200	-416.6604	-557.0395	140.3791	1.715028	0.6795693
7206	-415.0763	-555.0166	139.9403	1.813308	1.082664
7212	-405.9672	-546.2588	140.2916	1.736654	0.7839171
7218	-407.2554	-547.4539	140.1985	1.665283	0.9754752
7224	-408.5372	-548.6657	140.1285	1.473659	1.216823
7230	-405.3407	-544.992	139.6513	1.353259	1.675547
7236	-400.9067	-541.0786	140.1718	1.417784	1.227416
7242	-407.4923	-547.6426	140.1503	1.631038	1.05664
7248	-409.1243	-549.0222	139.8979	1.727914	1.196643
7254	-406.0004	-545.8481	139.8477	1.308691	1.565738
7260	-402.3013	-542.2616	139.9602	1.655499	1.205235
7266	-407.7722	-547.7052	139.933	1.682709	1.205235
7272	-408.0687	-548.1224	140.0537	1.422925	1.320457
7278	-408.5923	-548.5356	139.9433	1.702989	1.178955
7284	-400.9961	-540.6769	139.6808	1.430713	1.598557
7290	-403.658	-543.4001	139.7421	1.369394	1.598557
7296	-408.5499	-548.3004	139.7505	1.318973	1.628997
7302	-410.3021	-550.3547	140.0526	1.644048	1.134602
7308	-408.1087	-548.1217	140.013	1.783754	1.041914
7314	-404.5471	-544.592	140.0449	1.918531	0.8663325
7320	-407.6364	-547.6919	140.0555	1.677002	1.102113
7326	-413.7523	-553.9915	140.2392	1.690418	0.9050905
7332	-407.1748	-547.2768	140.102	1.709065	1.028086
7338	-400.5019	-540.3594	139.8576	1.621415	1.318548
7344	-404.4623	-543.9984	139.5361	1.812015	1.421613
7350	-410.3378	-550.5	140.1622	1.657989	1.019193
7356	-408.1901	-548.3589	140.1689	1.422282	1.226126
7362	-410.3943	-550.5225	140.1282	1.576921	1.126987
7368	-411.5895	-551.8053	140.2158	1.748243	0.8656129
7374	-410.5249	-550.773	140.2481	1.773751	0.7926578
7380	-415.7762	-556.0243	140.2481	1.773751	0.7926578
7386	-418.7053	-558.894	140.1887	1.952992	0.5499863
7392	-410.1034	-549.9768	139.8734	2.262232	0.4302929
7398	-413.0267	-553.009	139.9822	2.030663	0.8046443
7404	-409.7852	-549.7622	139.977	2.070799	0.7560906
7410	-407.8977	-548.154	140.2563	1.811178	0.7257731
7416	-404.0016	-543.5768	139.5752	1.675975	1.495347
7422	-412.262	-552.1369	139.8749	1.376292	1.495347
7428	-408.927	-548.6995	139.7725	1.515399	1.467687
7434	-411.1369	-551.2526	140.1157	1.603769	1.113992
7440	-413.4999	-553.2592	139.7592	1.440183	1.533991
7446	-415.7506	-555.5977	139.8471	1.526866	1.401582
7452	-415.3641	-554.7141	139.35	1.385177	1.863373
7458	-415.1074	-554.5159	139.4085	1.499244	1.743976
7464	-410.7542	-550.4391	139.6849	1.428086	1.597482
7470	-416.6148	-556.4708	139.8561	1.676209	1.275187
7476	-408.1411	-548.3985	140.2575	1.75202	0.8091294
7482	-408.3043	-548.6397	140.3354	1.674124	0.8091294
7488	-403.2136	-543.4993	140.2858	1.553927	0.9998345
7494	-415.543	-555.791	140.248	1.851262	0.6695173
7500	-412.1788	-552.3649	140.1861	1.690574	0.9621613
7506	-416.6676	-556.877	140.2094	1.547368	1.079728
7512	-416.6525	-556.9411	140.2886	1.4736	1.074688
7518	-409.697	-549.8809	140.1839	1.959161	0.5421174
7524	-410.5941	-550.7453	140.1512	1.995092	0.5085307
7530	-413.946	-554.1152	140.1692	1.88798	0.7419588
7536	-406.4951	-546.9201	140.425	1.694158	0.6259346
7542	-411.3899	-551.5815	140.1917	1.932377	0.6132804
7548	-424.5973	-564.7685	140.1712	1.95287	0.6132804
7554	-407.4857	-547.7606	140.2749	1.762165	0.7715959
7560	-415.1016	-555.2327	140.1311	2.015249	0.4955631
7566	-418.891	-559.0188	140.1277	2.00964	0.5701577
7572	-413.8949	-554.3094	140.4145	1.412443	1.012481
7578	-413.3892	-553.3943	140.0051	1.841508	0.9928641
7584	-404.1013	-544.2445	140.1433	1.951212	0.678874
7590	-414.764	-554.759	139.9951	2.151296	0.4974725
7596	-411.9208	-551.9089	139.9881	2.151296	0.5615698
7602	-419.9261	-559.9917	140.0656	2.07471	0.5571322
7608	-411.8766	-551.8225	139.9459	1.449297	1.385056
7614	-414.9079	-554.8463	139.9385	1.740907	1.14994
7620	-412.9951	-553.163	140.1679	1.671573	1.000093
7626	-411.6669	-551.6847	140.0178	1.697885	1.117468
7632	-420.6829	-560.9503	140.2675	1.697885	0.8639996
7638	-420.199	-560.3275	140.1285	1.898902	0.7851037
7644	-417.4892	-557.6486	140.1594	1.867959	0.7851037
7650	-423.5329	-563.1344	139.6015	1.855606	1.336086
7656	-420.2893	-559.8899	139.6006	1.649761	1.49598
7662	-400.5947	-540.6528	140.0581	1.434686	1.307427
7668	-398.6012	-538.6323	140.0311	1.461689	1.307427
7674	-398.9939	-538.9857	139.9918	1.769772	1.075289
7680	-397.4909	-537.6641	140.1732	1.536291	1.123031
7686	-408.6477	-548.918	140.2703	1.792244	0.7335481
7692	-419.8511	-559.5648	139.7138	1.814619	1.278378
7698	-411.0798	-551.3609	140.2811	1.766765	0.7559313
7704	-407.6413	-547.6499	140.0086	1.545699	1.256974
7710	-405.0751	-545.2785	140.2034	1.841693	0.7600107
7716	-404.3941	-544.6051	140.211	1.743076	0.8772126
7722	-401.912	-541.996	140.084	1.971455	0.744601
7728	-418.5527	-558.7979	140.2452	1.762729	0.8111364
7734	-416.8071	-557.0905	140.2834	1.724598	0.8111364
7740	-418.0209	-558.1467	140.1258	1.725298	0.9883934
7746	-424.1207	-564.3455	140.2248	1.573639	1.040342
7752	-421.5207	-561.882	140.3613	1.72672	0.6907474
7758	-413.6552	-553.5113	139.856	2.290347	0.5032558
7764	-403.7356	-544.0104	140.2747	1.846551	0.6205506
7770	-412.3922	-552.45	140.0578	1.821371	0.9594874
7776	-405.6905	-545.8993	140.2088	1.616461	1.014158
7782	-409.198	-549.477	140.2789	1.68691	0.8634154
7788	-411.1361	-551.1521	140.0159	1.671614	1.142704
7794	-401.6069	-541.8524	140.2455	1.897361	0.5428948
7800	-405.9873	-546.1785	140.1912	1.954847	0.5133782
7806	-400.0705	-540.1137	140.0432	1.641797	1.144972
7812	-408.3755	-548.6327	140.2572	1.518538	1.061936
7818	-413.7593	-553.8715	140.1123	1.98444	0.6746047
7824	-412.1772	-552.3661	140.1889	1.650361	1.000255
7830	-413.5499	-553.484	139.9341	1.527851	1.332253
7836	-413.1377	-551.5604	138.4227	1.456483	2.422589
7842	-408.6882	-546.5935	137.9053	0.9247758	3.064689
7848	-416.5565	-554.1769	137.6204	1.233276	3.050599
7854	-415.6451	-554.7868	139.1418	1.048367	2.224452
7860	-400.8322	-540.0667	139.2346	1.052981	2.161373
7866	-404.2903	-543.1564	138.8661	0.9567758	2.457992
7872	-416.2297	-552.9231	136.6934	0.6687717	3.921992
7878	-416.0666	-552.6691	136.6025	0.7596066	3.921992
7884	-416.6838	-556.3054	139.6216	0.9213206	1.99315
7890	-415.7624	-554.0742	138.3118	0.9130802	2.826933
7896	-410.0229	-548.2723	138.2494	0.9754918	2.826933
7902	-408.4951	-546.7516	138.2565	1.060871	2.770599
7908	-415.1469	-553.5972	138.4503	0.9676715	2.709084
7914	-422.1818	-561.6586	139.4768	1.209986	1.896324
7920	-420.8601	-559.4081	138.5481	1.15992	2.529853
7926	-420.2656	-557.9563	137.6908	0.9088217	3.201838
7932	-421.6887	-561.4122	139.7235	1.140528	1.774531
7938	-419.2266	-558.3808	139.1542	1.242619	2.089938
7944	-420.4586	-559.5736	139.115	1.178216	2.157679
7950	-411.7499	-550.903	139.153	1.081479	2.195783
7956	-412.2409	-550.9022	138.6613	0.9318204	2.601201
7962	-407.9312	-547.7187	139.7875	1.273508	1.635139
7968	-406.3807	-546.0545	139.6739	1.538833	1.524143
7974	-408.343	-548.2554	139.9124	1.423068	1.43137
7980	-414.718	-554.7569	140.039	1.371165	1.373323
7986	-414.8027	-554.7022	139.8995	1.49477	1.385774
7992	-416.3643	-556.6399	140.2756	1.696323	0.8561382
7998	-410.2464	-550.1956	139.9492	1.743352	1.138229
8004	-421.775	-560.9906	139.2156	1.365565	1.967613
8010	-413.3988	-553.4735	140.0747	1.913051	0.8368547
8016	-411.679	-551.8806	140.2016	1.747715	0.8827184
8022	-417.6125	-557.7342	140.1217	1.513084	1.188881
8028	-417.9897	-558.1887	140.199	1.598666	1.041081
8034	-428.0446	-567.4381	139.3935	1.805695	1.534169
8040	-417.8774	-557.5554	139.678	1.398966	1.623586
8046	-419.5149	-559.2084	139.6935	1.540127	1.508527
8052	-418.641	-558.4016	139.7606	1.734593	1.305466
8058	-423.9255	-563.9266	140.001	1.620341	1.200424
8064	-413.1194	-553.1503	140.0309	1.88261	0.9229138
8070	-410.6845	-550.7599	140.0754	1.718153	1.044989
8076	-417.0669	-557.2503	140.1834	1.614717	1.040657
8082	-412.5656	-552.6364	140.0708	1.72726	1.040657
8088	-417.9618	-557.9054	139.9437	1.854398	1.040657
8094	-424.6946	-564.6647	139.9702	2.068033	0.7699856
8100	-424.2791	-564.1283	139.8492	2.291021	0.557864
8106	-418.7078	-558.3536	139.6458	2.405607	0.3125014
8112	-413.9398	-553.6167	139.6769	2.374514	0.3125014
8118	-420.69	-560.8214	140.1314	2.002544	0.4252378
8124	-416.4072	-556.5986	140.1914	1.891674	0.6995825
8130	-414.8607	-554.8295	139.9688	1.694637	1.163949
8136	-409.2361	-549.4448	140.2087	1.49951	1.124205
8142	-411.4638	-551.5759	140.1121	1.534676	1.178495
8148	-400.9762	-541.0425	140.0663	1.468998	1.27265
8154	-400.1036	-540.2851	140.1815	1.888249	0.7220567
8160	-403.656	-543.9668	140.3108	1.822591	0.5849278
8166	-401.8034	-541.9425	140.139	1.723247	0.9769914
8172	-406.0474	-546.3107	140.2634	1.845122	0.6505531
8178	-401.1592	-541.2909	140.1318	2.005286	0.5714476
8184	-398.8179	-538.9896	140.1718	1.929372	0.665868
8190	-398.652	-538.6946	140.0426	1.727914	1.066913
8196	-396.1955	-536.3632	140.1677	1.681008	0.990762
8202	-403.1498	-543.1583	140.0086	1.753196	1.075091
8208	-411.1163	-551.4314	140.315	1.517975	1.006525
8214	-401.7333	-541.9506	140.2173	1.615724	1.006525
8220	-412.2475	-552.2892	140.0416	1.81041	0.9874085
8226	-406.6324	-546.8101	140.1777	1.674371	0.9874085
8232	-420.8982	-561.0123	140.1142	1.637402	1.084593
8238	-415.5517	-555.4353	139.8836	1.584749	1.327089
8244	-413.2775	-553.3331	140.0556	1.439967	1.305165
8250	-420.5886	-560.713	140.1244	1.895563	0.7952393
8256	-418.6617	-558.7861	140.1244	1.895563	0.7952393
8262	-410.7857	-550.9954	140.2097	1.895563	0.6573799
8268	-407.9397	-548.1683	140.2286	1.477907	1.125729
8274	-404.5691	-544.9068	140.3378	1.6766	0.8027165
8280	-414.3821	-554.5966	140.2145	1.625241	0.9997914
8286	-408.8065	-548.9107	140.1042	1.580058	1.145642
8292	-406.9879	-547.0755	140.0876	1.58832	1.152995
8298	-404.7054	-544.8498	140.1444	1.778763	0.9123106
8304	-411.0347	-551.167	140.1323	1.985898	0.6283875
8310	-415.5478	-555.7744	140.2266	1.909159	0.5764937
8316	-407.5065	-547.441	139.9344	2.158478	0.6818276
8322	-407.8559	-547.6861	139.8302	1.668958	1.302227
8328	-406.3426	-546.6104	140.2678	1.786422	0.7464416
8334	-396.376	-536.7517	140.3756	1.698721	0.7145165
8340	-400.3203	-540.6968	140.3765	1.727639	0.6596675
8346	-396.7984	-537.0323	140.2339	1.401202	1.18863
8352	-402.1727	-542.0129	139.8402	1.545944	1.392123
8358	-404.011	-543.9785	139.9675	1.418621	1.392123
8364	-405.334	-545.3611	140.0271	1.396254	1.362874
8370	-400.6714	-540.6157	139.9443	1.673925	1.203097
8376	-401.4303	-541.5605	140.1302	1.605775	1.098934
8382	-398.3899	-538.4563	140.0664	1.515202	1.234197
8388	-399.1171	-539.3008	140.1837	1.891872	0.7125103
8394	-407.1897	-547.5233	140.3336	1.709345	0.7631576
8400	-416.3795	-556.4956	140.116	1.834837	0.8809823
8406	-408.3998	-548.3105	139.9107	1.717144	1.194875
8412	-421.2947	-561.4263	140.1316	1.522329	1.172254
8418	-416.6976	-556.6148	139.9173	1.880492	1.040972
8424	-416.0555	-555.9749	139.9193	1.830633	1.086068
8430	-413.6562	-553.6674	140.0112	1.840705	0.9875815
8436	-394.3557	-534.7301	140.3744	1.61517	0.8346208
8442	-394.8096	-534.7042	139.8945	1.631366	1.28041
8448	-406.2286	-546.2986	140.07	1.757954	1.011522
8454	-417.4676	-557.5095	140.0419	1.692766	1.100157
8460	-432.5794	-571.7394	139.16	1.212391	2.105957
8466	-424.8607	-563.7269	138.8662	1.131815	2.347426
8472	-425.6607	-563.6932	138.0324	1.137379	2.860331
8478	-424.5921	-564.2076	139.6155	1.336644	1.712741
8484	-420.518	-560.2113	139.6932	1.51487	1.527573
8490	-429.5741	-568.9672	139.3931	1.363244	1.848897
8496	-423.1874	-562.941	139.7536	1.274164	1.659007
8502	-421.6621	-561.8253	140.1632	1.300366	1.330907
8508	-420.1362	-559.1254	138.9892	1.245855	2.195446
8514	-415.2184	-554.2441	139.0257	1.03151	2.309751
8520	-418.5381	-556.7504	138.2123	0.9553596	2.861638
8526	-412.8633	-553.1698	140.3064	1.394802	1.130493
8532	-417.4575	-557.5406	140.0831	1.79001	0.9658211
8538	-408.7429	-548.902	140.1592	1.562609	1.111933
8544	-408.7074	-548.6878	139.9803	1.705821	1.143918
8550	-410.3507	-550.5655	140.2148	1.461079	1.153021
8556	-422.1007	-561.8686	139.768	1.408759	1.55079
8562	-411.5461	-551.6793	140.1333	1.644659	1.059894
8568	-409.6965	-549.9131	140.2166	1.74047	0.8737324
8574	-408.7127	-548.9208	140.2081	1.710532	0.917311
8580	-415.2145	-555.3569	140.1425	1.707643	0.9893641
8586	-400.8584	-540.9852	140.1267	1.475981	1.21633
8592	-402.8394	-542.9426	140.1031	1.768776	0.967089
8598	-406.1481	-545.7073	139.5592	1.510127	1.629114
8604	-405.0307	-545.2342	140.2036	1.622683	1.013181
8610	-401.3473	-541.5478	140.2005	1.703196	0.9335018
8616	-398.1643	-538.5127	140.3484	1.762943	0.6443998
8622	-405.4646	-545.6373	140.1727	1.6679	0.9989263
8628	-408.9077	-549.1004	140.1927	1.653912	0.9928823
8634	-415.2906	-555.595	140.3044	1.774746	0.7063686
8640	-412.7457	-552.6609	139.9152	2.228971	0.5339755
8646	-406.8929	-547.1323	140.2394	1.89314	0.5878229
8652	-407.001	-547.2018	140.2008	1.934234	0.5792191
8658	-406.174	-546.2556	140.0816	1.8251	0.9302829
8664	-406.021	-545.9254	139.9045	1.536361	1.349043
8670	-406.2962	-546.4519	140.1558	1.466163	1.199937
8676	-409.5517	-549.4936	139.9419	1.502678	1.346047
8682	-412.1528	-552.4142	140.2614	1.699385	0.8694558
8688	-417.8853	-557.9549	140.0696	2.076076	0.5186637
8694	-414.657	-554.7249	140.0679	2.076076	0.5354189
8700	-408.0183	-547.8352	139.8169	2.327854	0.4720867
8706	-412.7392	-552.8141	140.0749	2.04116	0.6334707
8712	-412.2012	-552.2671	140.0658	2.080174	0.4862104
8718	-407.8138	-547.9416	140.1278	1.993714	0.6200025
8724	-413.6023	-553.6404	140.038	2.083486	0.6200025
8730	-415.6719	-555.5017	139.8298	2.291186	0.3955525
8736	-414.1902	-554.0198	139.8297	2.307901	0.4364585
8742	-408.5592	-548.0492	139.49	2.515321	0.279212
8748	-407.7271	-547.4619	139.7348	2.375755	0.3777726
8754	-408.5317	-548.2124	139.6808	2.376239	0.3172747
8760	-406.0721	-545.9593	139.8872	2.244369	0.4188058
8766	-411.8001	-551.821	140.0209	2.059613	0.7040512
8772	-410.373	-550.2566	139.8836	2.258138	0.4533519
8778	-417.325	-557.116	139.791	2.295879	0.3466901
8784	-404.4735	-544.3438	139.8702	2.242446	0.3811505
8790	-408.9609	-548.5482	139.5874	2.506769	0.3553109
8796	-400.614	-540.5297	139.9156	2.191302	0.3723947
8802	-398.3238	-537.961	139.6372	2.393309	0.2963
8808	-397.196	-536.8097	139.6137	2.393309	0.2803061
8814	-397.175	-537.119	139.944	2.188879	0.4223116
8820	-411.2882	-551.3078	140.0196	1.695167	1.118306
8826	-406.1749	-546.5377	140.3629	1.667365	0.7811855
8832	-406.8903	-546.7075	139.8172	1.59953	1.368102
8838	-410.9659	-550.7824	139.8165	1.387047	1.53095
8844	-411.3634	-550.8824	139.5189	1.30428	1.802854
8850	-405.7393	-545.2733	139.534	1.380192	1.739455
8856	-405.9042	-545.4383	139.534	1.380192	1.739455
8862	-411.3081	-550.8302	139.5221	1.392147	1.739455
8868	-409.1059	-549.1421	140.0362	1.73833	1.063082
8874	-407.9199	-547.8341	139.9143	1.847708	1.074876
8880	-403.5587	-543.5191	139.9604	1.958737	0.9167642
8886	-411.0074	-550.9858	139.9784	1.735037	1.119491
8892	-429.3433	-568.5756	139.2323	2.623006	0.2086945
8898	-416.3456	-556.0492	139.7036	2.363131	0.3260246
8904	-407.119	-547.1102	139.9912	2.14912	0.4469668
8910	-406.5826	-546.5907	140.0081	2.133748	0.4539957
8916	-419.3745	-559.3195	139.945	2.196914	0.4539957
8922	-411.8214	-551.7914	139.9701	2.154576	0.4028015
8928	-411.8536	-551.8807	140.0271	2.10253	0.4139902
8934	-413.4617	-553.8633	140.4015	1.557775	0.8711242
8940	-419.6634	-559.6931	140.0297	1.807625	1.002254
8946	-413.1466	-553.2611	140.1146	1.858273	0.8550651
8952	-417.2321	-557.5864	140.3543	1.678906	0.7770484
8958	-412.2586	-552.4705	140.2119	1.837393	0.7538924
8964	-411.6033	-551.7481	140.1447	1.80328	0.884261
8970	-416.9479	-557.1487	140.2008	1.687425	0.9500092
8976	-419.3543	-559.566	140.2117	1.580349	1.046448
8982	-419.2568	-559.4328	140.176	1.451989	1.194773
8988	-413.5912	-553.8984	140.3073	1.496297	1.03536
8994	-415.1577	-554.8441	139.6863	1.487403	1.553013
9000	-420.0437	-559.777	139.7334	1.440347	1.553013
9006	-422.4381	-562.0782	139.6401	1.378165	1.665795
9012	-411.1772	-551.3798	140.2026	1.778888	0.8444918
9018	-412.7756	-552.6093	139.8338	1.61788	1.340454
9024	-426.9846	-566.8266	139.842	1.442779	1.469989
9030	-422.4893	-562.6926	140.2034	1.451717	1.171253
9036	-411.7083	-551.6614	139.9531	1.582942	1.272086
9042	-419.1052	-559.3509	140.2457	1.74411	0.8342808
9048	-418.2943	-558.3751	140.0808	1.424276	1.297397
9054	-422.7536	-562.1337	139.3802	1.429897	1.811942
9060	-414.3416	-553.9615	139.62	1.626949	1.498579
9066	-413.8109	-552.9901	139.1793	1.326577	2.017878
9072	-407.7015	-546.7896	139.088	1.257474	2.123577
9078	-405.6898	-544.7996	139.1097	1.23575	2.123577
9084	-423.4127	-563.1985	139.7858	1.459353	1.499886
9090	-424.7392	-565.065	140.3258	1.410552	1.098613
9096	-410.4296	-550.6237	140.1941	1.354788	1.261491
9102	-413.8133	-553.7424	139.929	1.589405	1.286522
9108	-418.9211	-559.2352	140.314	1.700773	0.8021017
9114	-420.7698	-560.9609	140.1911	1.831949	0.7910261
9120	-418.7022	-558.8556	140.1534	1.831949	0.839776
9126	-416.2788	-556.0954	139.8166	2.168759	0.839776
9132	-413.6217	-553.5775	139.9558	2.004045	0.8705251
9138	-416.167	-556.1012	139.9341	1.736963	1.157231
9144	-424.9831	-564.9537	139.9707	2.166225	0.5721299
9150	-413.3667	-553.6831	140.3164	1.617855	0.8998924
9156	-412.2777	-552.3664	140.0887	1.587045	1.153105
9162	-419.86	-560.0761	140.2161	1.704523	0.9150502
9168	-420.3679	-560.5987	140.2308	1.687258	0.9179056
9174	-412.3978	-552.2068	139.809	1.486475	1.461902
9180	-411.1942	-551.0469	139.8527	1.435561	1.467393
9186	-402.8968	-542.8473	139.9505	1.446037	1.383962
9192	-405.0754	-545.1362	140.0608	2.028101	0.6892181
9198	-407.2011	-547.3872	140.1862	1.908631	0.6782382
9204	-408.2099	-548.317	140.1071	1.908631	0.8009209
9210	-414.3415	-554.6378	140.2963	1.743734	0.7673291
9216	-416.8956	-556.8126	139.917	1.428934	1.423272
9222	-425.4138	-564.8296	139.4157	1.558369	1.697207
9228	-424.4779	-564.016	139.5381	1.117102	1.917747
9234	-423.2247	-561.8864	138.6617	1.086552	2.504765
9240	-417.1079	-555.7616	138.6537	1.101197	2.50058
9246	-413.2736	-552.8185	139.5449	1.152331	1.889265
9252	-410.8617	-550.043	139.1813	1.222018	2.085667
9258	-405.5978	-545.4501	139.8523	1.412282	1.485278
9264	-411.1347	-550.8523	139.7176	1.37102	1.61518
9270	-411.586	-550.8489	139.2629	1.602312	1.773723
9276	-417.8165	-557.3793	139.5629	1.302296	1.773723
9282	-415.4069	-554.6724	139.2654	1.315915	1.967485
9288	-411.3081	-550.7716	139.4636	1.347936	1.810933
9294	-409.5731	-549.4309	139.8578	1.335604	1.538453
9300	-409.5568	-548.7758	139.219	1.263238	2.033558
9306	-409.7952	-549.9897	140.1945	1.478627	1.155456
9312	-404.9576	-544.7698	139.8121	1.336107	1.571751
9318	-404.8674	-544.7052	139.8378	1.336107	1.55284
9324	-409.5537	-549.9007	140.347	1.674412	0.7932858
9330	-415.837	-556.2423	140.4052	1.596708	0.8188918
9336	-411.4993	-551.5658	140.0665	1.9353	0.8190968
9342	-409.4208	-549.692	140.2712	1.849119	0.6230938
9348	-420.4618	-560.621	140.1591	1.743973	0.9341561
9354	-418.35	-558.3593	140.0093	1.89381	0.9341561
9360	-410.7389	-550.756	140.0171	1.697051	1.118867
9366	-413.74	-553.8311	140.0911	1.627805	1.114569
9372	-408.3502	-548.4356	140.0854	1.706124	1.046913
9378	-412.8545	-552.9897	140.1352	1.96073	0.6760855
9384	-421.9599	-561.9444	139.9846	2.159984	0.5310308
9390	-414.8776	-554.8294	139.9518	2.190599	0.4564007
9396	-408.4474	-548.6736	140.2263	1.882022	0.6510373
9402	-410.6486	-550.7546	140.106	2.026595	0.5877171
9408	-423.232	-563.2316	139.9996	2.14093	0.556164
9414	-420.9701	-561.099	140.1289	1.910031	0.7688703
9420	-424.4142	-564.0484	139.6342	1.570194	1.53034
9426	-425.0017	-564.604	139.6023	1.26776	1.770348
9432	-426.8929	-566.7605	139.8676	1.543908	1.372215
9438	-419.7708	-559.6912	139.9204	1.462839	1.394347
9444	-418.6687	-558.4629	139.7943	1.545883	1.427735
9450	-415.3254	-555.1315	139.8061	1.340063	1.573254
9456	-415.9262	-556.1291	140.2029	1.681047	0.9545026
9462	-408.7614	-548.6519	139.8904	1.993548	0.9545026
9468	-408.4593	-548.3361	139.8768	2.147942	0.7887352
9474	-406.1332	-546.2605	140.1273	1.897473	0.7887352
9480	-409.8457	-549.8475	140.0017	2.051429	0.7480623
9486	-412.6617	-552.9441	140.2824	1.851033	0.5848019
9492	-410.8982	-551.0181	140.1199	1.807082	0.9081063
9498	-411.816	-551.4607	139.6448	1.764113	1.374297
9504	-409.8426	-550.0738	140.2311	1.81643	0.7563721
9510	-406.7078	-546.8855	140.1777	1.815192	0.8304403
9516	-410.7498	-550.9505	140.2007	1.744122	0.8879042
9522	-418.6277	-558.877	140.2493	1.823594	0.7170176
9528	-415.0685	-555.3694	140.3009	1.620347	0.9144289
9534	-413.4899	-553.618	140.1281	1.376518	1.297796
9540	-410.407	-550.5224	140.1154	1.415321	1.276463
9546	-405.7924	-546.22	140.4276	1.623788	0.7506766
9552	-399.3824	-539.6679	140.2855	1.688322	0.8538408
9558	-401.0877	-541.0175	139.9298	1.639135	1.24476
9564	-403.4729	-543.6331	140.1602	1.627824	1.050311
9570	-418.7474	-557.2322	138.4849	2.621883	1.602036
9576	-408.3116	-548.2285	139.9169	1.56753	1.314148
9582	-407.8643	-547.952	140.0877	1.677621	1.071727
9588	-409.6128	-549.0609	139.4481	1.430674	1.764259
9594	-408.7772	-548.6329	139.8557	1.363933	1.519
9600	-409.0756	-547.9036	138.828	1.165367	2.350405
9606	-413.0418	-552.1617	139.1199	1.209999	2.133788
9612	-406.6901	-546.069	139.3789	1.344275	1.87154
9618	-406.645	-545.1451	138.5001	1.088539	2.603973
9624	-410.9534	-550.5407	139.5873	1.302525	1.756556
9630	-405.6199	-545.263	139.6431	1.161094	1.81596
9636	-409.1516	-549.0697	139.9181	1.501344	1.365965
9642	-399.8211	-539.6521	139.831	1.550567	1.395648
9648	-392.7081	-532.972	140.264	1.809028	0.7167777
9654	-402.5605	-542.9142	140.3537	1.660401	0.8030774
9660	-413.3086	-553.1939	139.8853	1.598712	1.314463
9666	-405.9726	-545.3517	139.3791	1.289605	1.908632
9672	-400.0005	-539.7773	139.7768	1.481667	1.489868
9678	-401.8436	-541.7629	139.9194	1.534224	1.3389
9684	-417.3059	-557.5363	140.2304	1.642173	0.9664359
9690	-413.7786	-553.5934	139.8147	1.549017	1.409509
9696	-410.0069	-550.1381	140.1312	1.809389	0.8927363
9702	-412.7185	-552.9254	140.2069	1.522507	1.105005
9708	-412.317	-552.122	139.805	1.644285	1.342324
9714	-407.8531	-547.9567	140.1037	1.582712	1.143729
9720	-417.5557	-557.299	139.7433	1.534895	1.47499
9726	-412.8517	-552.557	139.7052	1.530149	1.507201
9732	-420.6719	-560.7237	140.0518	1.808547	0.9789777
9738	-410.3143	-550.3173	140.003	1.817173	1.019194
9744	-413.1858	-552.2483	139.0625	1.379259	2.060345
9750	-415.1679	-554.5287	139.3608	1.312079	1.905742
9756	-422.0576	-562.0853	140.0277	1.355481	1.394393
9762	-418.1269	-558.1092	139.9823	1.489132	1.324592
9768	-409.6298	-549.5491	139.9193	1.642366	1.250843
9774	-405.9079	-545.8301	139.9222	1.639513	1.250843
9780	-410.9495	-550.8908	139.9414	1.816474	1.078738
9786	-409.2484	-549.307	140.0587	1.66177	1.113126
9792	-406.1635	-546.2689	140.1054	2.03642	0.4535487
9798	-410.3781	-550.4376	140.0595	2.066856	0.4064198
9804	-402.6496	-542.6781	140.0285	2.117831	0.5026292
9810	-404.7961	-544.5957	139.7995	2.297024	0.358316
9816	-404.1448	-543.721	139.5762	2.4984	0.3336596
9822	-404.0075	-543.824	139.8165	2.293196	0.3764536
9828	-405.4908	-545.1461	139.6553	2.418752	0.3330916
9834	-410.78	-550.3772	139.5972	2.453372	0.3117843
9840	-411.192	-550.8561	139.6641	2.404606	0.327916
9846	-408.6655	-548.4923	139.8268	2.249698	0.3355771
9852	-409.0052	-548.9961	139.9909	2.103923	0.356164
9858	-414.0146	-554.1648	140.1501	1.972063	0.3979467
9864	-411.7511	-551.6588	139.9078	2.208272	0.386717
9870	-413.6062	-553.6746	140.0684	2.072229	0.4482706
9876	-430.7703	-570.8464	140.0761	2.064122	0.4465982
9882	-430.1256	-570.121	139.9954	2.141131	0.5735487
9888	-418.8369	-558.8196	139.9826	2.161246	0.465417
9894	-425.7499	-565.8314	140.0815	2.055844	0.5704242
9900	-422.1066	-561.858	139.7514	2.35586	0.37289
9906	-413.7385	-553.7252	139.9867	2.156911	0.4634431
9912	-414.2218	-554.0448	139.823	2.316048	0.4417843
9918	-423.0844	-562.9507	139.8663	2.274858	0.4506109
9924	-410.2092	-550.3779	140.1686	1.857196	0.7872684
9930	-409.8596	-549.9507	140.0911	2.038582	0.5971261
9936	-399.4788	-539.5654	140.0866	2.0593	0.484864
9942	-403.643	-543.5534	139.9104	2.212123	0.3986163
9948	-398.0779	-537.9931	139.9152	2.212123	0.4085866
9954	-397.2258	-537.2716	140.0458	2.092326	0.4382914
9960	-399.7831	-539.979	140.196	1.926673	0.6170048
9966	-402.7644	-542.6571	139.8927	1.633126	1.280475
9972	-411.8154	-551.7406	139.9252	1.706479	1.191593
9978	-401.6755	-542.1447	140.4692	1.576361	0.7593747
9984	-406.3338	-546.5122	140.1784	1.742754	0.9145165
9990	-409.1357	-549.1828	140.0471	1.884943	0.902409
9996	-401.2468	-541.5532	140.3065	1.834659	0.5531337
10002	-411.2302	-551.3036	140.0734	2.047174	0.6224203
10008	-424.6397	-564.506	139.8663	1.955787	1.017324
10014	-417.2803	-557.4853	140.205	1.725203	0.9044503
10020	-418.7549	-558.905	140.1501	1.510666	1.166348
10026	-409.9441	-550.1182	140.1741	1.509905	1.145802
10032	-413.8496	-553.8638	140.0142	1.371033	1.39283
10038	-410.6883	-550.9368	140.2485	1.830958	0.705905
10044	-401.287	-541.6136	140.3266	1.761939	0.6899646
10050	-400.1107	-540.369	140.2583	1.887316	0.4810825
10056	-405.7885	-545.8366	140.0481	2.096545	0.5299078
10062	-414.414	-554.4799	140.0659	2.078298	0.5338625
10068	-409.5042	-549.5557	140.0515	2.092144	0.4636441
10074	-414.9319	-554.8191	139.8872	2.257366	0.5308983
10080	-412.4648	-552.2062	139.7414	2.3761	0.3892642
10086	-405.1337	-545.1593	140.0257	2.093456	0.392158
10092	-407.215	-547.0725	139.8575	2.269689	0.4082144
10098	-406.7299	-546.7179	139.9879	2.150185	0.4384131
10104	-399.409	-539.3714	139.9624	2.174035	0.4327544
10110	-400.319	-540.2766	139.9575	2.174035	0.4187496
10116	-400.0818	-540.239	140.1572	1.989105	0.5050796
10122	-400.4264	-540.6058	140.1794	1.932929	0.6421111
10128	-413.0473	-553.4187	140.3714	1.623763	0.8274867
10134	-413.3562	-553.1987	139.8425	1.658218	1.301002
10140	-402.8267	-542.7073	139.8807	1.409914	1.46563
10146	-413.2379	-553.2917	140.0539	1.525424	1.236093
10152	-414.7087	-554.9712	140.2626	1.632582	0.9426837
10158	-406.4504	-546.5723	140.1219	1.773272	0.9426837
10164	-408.2547	-548.561	140.3063	1.498237	1.034394
10170	-407.2359	-547.3145	140.0786	1.468978	1.262528
10176	-410.1217	-550.0547	139.933	1.750782	1.146068
10182	-409.8801	-549.8508	139.9707	1.7889	1.077072
10188	-404.458	-544.5464	140.0884	1.810259	0.9388844
10194	-403.6172	-543.7206	140.1033	1.806373	0.9270197
10200	-396.2084	-536.3214	140.1131	1.963608	0.7106589
10206	-406.8848	-547.0381	140.1532	1.888201	0.7653636
10212	-404.5904	-544.7396	140.1492	1.954836	0.659965
10218	-405.5349	-545.5125	139.9776	2.087446	0.7296615
10224	-410.7649	-550.9345	140.1696	1.953988	0.6146224
10230	-424.935	-564.5844	139.6494	2.103651	1.083212
10236	-409.993	-550.1075	140.1145	1.630882	1.090306
10242	-411.808	-551.705	139.897	1.48448	1.395744
10248	-412.8883	-552.489	139.6007	1.606643	1.528117
10254	-412.6113	-552.1271	139.5158	1.118297	1.932027
10260	-411.8799	-550.7109	138.831	1.197866	2.327797
10266	-407.1482	-547.1391	139.9909	1.349371	1.42763
10272	-403.3399	-543.3811	140.0412	1.538808	1.23552
10278	-405.4119	-545.3963	139.9845	1.797738	1.05584
10284	-406.3012	-546.5254	140.2242	1.774362	0.823181
10290	-401.3011	-541.2118	139.9107	1.971768	0.9560278
10296	-405.6602	-545.7414	140.0811	1.773777	0.9845146
10302	-401.4679	-541.6803	140.2124	1.881903	0.6792426
10308	-416.0939	-556.2338	140.1399	1.963783	0.6607463
10314	-424.9019	-564.7843	139.8825	2.009939	0.9455845
10320	-409.4238	-549.4412	140.0174	1.685031	1.129353
10326	-412.5444	-552.469	139.9246	1.558646	1.315086
10332	-410.0567	-549.4783	139.4216	1.397167	1.805904
10338	-409.7411	-549.7469	140.0057	1.87776	0.9549873
10344	-407.1485	-547.3195	140.171	1.905142	0.7115798
10350	-414.852	-554.9686	140.1166	1.95951	0.7115798
10356	-410.1113	-550.0957	139.9844	1.699443	1.145977
10362	-410.5009	-550.5435	140.0426	1.909416	0.8796671
10368	-408.6553	-548.7613	140.1061	1.709704	1.023472
10374	-418.2063	-558.3892	140.1829	1.510681	1.137319
10380	-410.4713	-550.7135	140.2421	1.501761	1.09168
10386	-414.2228	-554.0553	139.8325	1.725043	1.254274
10392	-404.1763	-544.3275	140.1512	1.676195	1.012068
10398	-404.0116	-544.0756	140.064	1.841628	0.9314338
10404	-406.2855	-546.386	140.1005	1.797108	0.9400274
10410	-421.9838	-562.1302	140.1464	1.996777	0.4610101
10416	-421.3817	-561.3445	139.9628	2.183571	0.4979642
10422	-417.149	-557.4264	140.2774	1.775193	0.7489124
10428	-409.776	-549.953	140.1771	1.879154	0.7434214
10434	-413.2147	-553.4631	140.2484	1.856323	0.6585502
10440	-413.3356	-553.2771	139.9414	2.204147	0.5203327
10446	-413.2195	-553.2933	140.0738	2.048474	0.6180261
10452	-415.7224	-556.0212	140.2988	1.771479	0.7213162
10458	-416.5188	-556.6211	140.1023	1.727712	1.009445
10464	-405.8721	-546.0067	140.1345	1.713753	0.99121
10470	-408.8965	-549.1004	140.2039	1.638096	0.9974982
10476	-412.9511	-553.0635	140.1124	1.964204	0.7107944
10482	-416.4033	-556.3223	139.919	2.227282	0.4921716
10488	-407.6923	-547.6768	139.9845	2.158859	0.5400805
10494	-414.6491	-554.7791	140.13	1.92706	0.7421787
10500	-416.1922	-556.1998	140.0077	1.872613	0.9583752
10506	-413.0296	-553.0641	140.0345	1.88953	0.9112841
10512	-406.7118	-546.8622	140.1505	1.857984	0.8104989
10518	-410.9824	-551.1006	140.1182	2.024459	0.5443228
10524	-426.2892	-566.301	140.0118	2.057615	0.7226413
10530	-410.7757	-551.0363	140.2606	1.762579	0.7908132
10536	-408.7664	-549.0483	140.282	1.781633	0.7319649
10542	-409.6969	-549.8104	140.1135	1.710438	1.015504
10548	-417.0587	-557.1859	140.1272	1.650672	1.059932
10554	-414.015	-553.3233	139.3083	1.335896	1.925187
10560	-415.3201	-555.4649	140.1448	1.73259	0.9613547
10566	-413.6402	-553.6454	140.0052	2.127202	0.5884551
10572	-410.1877	-550.4282	140.2405	1.897086	0.5694379
10578	-409.9476	-549.8473	139.8997	2.218441	0.3903918
10584	-405.106	-544.8099	139.704	2.394968	0.3613408
10590	-414.0716	-553.876	139.8044	2.312043	0.3874228
10596	-415.8161	-555.8093	139.9932	2.145619	0.4409348
10602	-421.8771	-562.0361	140.159	1.864478	0.7904114
10608	-423.7975	-564.1034	140.3058	1.819902	0.6085947
10614	-419.9047	-559.9515	140.0468	2.099464	0.5070045
10620	-412.5435	-552.6847	140.1412	1.985987	0.604524
10626	-425.5767	-565.7168	140.1401	1.987618	0.6029876
10632	-418.2872	-558.436	140.1488	1.904089	0.7483956
10638	-413.2225	-553.5316	140.3091	1.651118	0.8700581
10644	-415.9192	-555.9731	140.0538	1.666669	1.113105
10650	-416.3625	-555.5338	139.1713	1.508304	1.901205
10656	-421.7556	-561.4752	139.7196	1.305427	1.660977
10662	-408.0634	-547.9586	139.8952	1.396899	1.464489
10668	-412.1813	-552.2942	140.1129	1.650812	1.07325
10674	-412.8628	-552.7326	139.8698	1.607533	1.319893
10680	-421.6969	-561.7248	140.0279	1.589284	1.203964
10686	-424.8527	-563.932	139.0793	1.30002	2.101445
10692	-421.9001	-561.8381	139.938	2.155904	0.3550415
10698	-416.3511	-556.4492	140.0982	2.045229	0.5396527
10704	-418.5591	-558.7578	140.1987	1.930338	0.5989058
10710	-405.9323	-546.0161	140.0838	2.062171	0.4858017
10716	-409.8349	-549.8572	140.0224	2.122003	0.5325667
10722	-405.5804	-545.4739	139.8935	2.215342	0.3752523
10728	-409.4578	-549.1037	139.6459	2.378746	0.2920596
10734	-398.7914	-538.4201	139.6287	2.378746	0.2805703
10740	-403.5737	-543.0055	139.4318	2.562822	0.2726006
10746	-404.7977	-544.1995	139.4017	2.491596	0.2231488
10752	-409.0436	-548.9001	139.8566	2.163017	0.2885718
10758	-406.8426	-546.7409	139.8983	2.220502	0.3914936
10764	-412.2997	-552.0584	139.7587	2.319527	0.3373829
10770	-409.8074	-549.7018	139.8945	2.248091	0.4575073
10776	-415.5746	-555.5588	139.9842	2.158343	0.4575073
10782	-418.5818	-558.7076	140.1258	1.87424	0.8213262
10788	-405.6909	-545.9246	140.2337	1.907573	0.5520891
10794	-417.8468	-557.8166	139.9699	2.171462	0.5520891
10800	-422.124	-562.266	140.142	1.517607	1.167349
10806	-422.4634	-562.5957	140.1323	1.684098	1.022841
10812	-424.5827	-564.0483	139.4655	2.491509	0.2518964
10818	-428.5345	-567.7966	139.2621	2.638985	0.2263082
10824	-423.3578	-562.8519	139.4941	2.541787	0.3002112
10830	-423.8062	-563.6281	139.8219	2.2645	0.3462008
10836	-426.8939	-566.5673	139.6735	2.430749	0.3684944
10842	-422.3195	-562.1288	139.8093	2.320095	0.4134999
10848	-429.1222	-568.986	139.8638	2.259855	0.4007822
10854	-420.3942	-560.2913	139.8971	2.19957	0.3583947
10860	-418.2074	-557.2621	139.0546	2.652389	0.1648271
10866	-412.9846	-552.4062	139.4217	2.54485	0.2568167
10872	-414.8465	-554.1497	139.3032	2.596261	0.2256482
10878	-405.214	-544.4899	139.276	2.596261	0.2149213
10884	-407.2712	-546.4659	139.1947	2.709738	0.2276967
10890	-406.3894	-545.6554	139.2661	2.566756	0.2009127
10896	-405.2831	-544.6631	139.38	2.567531	0.2471719
10902	-407.248	-546.1716	138.9236	2.876998	0.1905386
10908	-414.3456	-553.5694	139.2238	2.636003	0.2103258
10914	-420.2211	-559.2343	139.0132	2.767155	0.1844674
10920	-421.2788	-560.2873	139.0085	2.782682	0.1876997
10926	-413.3026	-552.2674	138.9648	2.780373	0.174614
10932	-418.7941	-557.7392	138.9451	2.848019	0.1882703
10938	-423.6988	-563.4083	139.7095	2.348682	0.3183219
10944	-423.7142	-563.3775	139.6633	2.424288	0.3475908
10950	-424.5571	-564.3138	139.7567	2.372282	0.412376
10956	-421.2787	-560.8727	139.5941	2.533224	0.4085377
10962	-415.9176	-556.1587	140.2411	1.804272	0.7596517
10968	-415.6479	-555.8681	140.2203	1.731598	0.879824
10974	-410.4109	-550.5473	140.1364	1.869222	0.8141837
10980	-428.3276	-567.5996	139.272	1.541903	1.809284
10986	-423.9155	-563.8778	139.9623	1.55935	1.283897
10992	-414.7102	-554.3959	139.6857	1.544333	1.511197
10998	-409.3746	-549.4968	140.1223	1.297317	1.365872
11004	-408.4005	-547.7115	139.311	1.388785	1.887507
11010	-412.2271	-551.7354	139.5083	1.177708	1.896897
11016	-405.7546	-544.2246	138.4701	1.084744	2.62488
11022	-408.5972	-547.7683	139.1711	1.140951	2.145436
11028	-409.7215	-549.1517	139.4302	1.350497	1.832143
11034	-400.9985	-540.2641	139.2656	1.247133	2.013307
11040	-397.5644	-537.1271	139.5627	1.284585	1.786132
11046	-398.0239	-537.4756	139.4517	1.395668	1.786132
11052	-400.3699	-539.4097	139.0398	1.108081	2.251653
11058	-407.0879	-546.7671	139.6792	1.459497	1.578768
11064	-410.2722	-550.145	139.8728	1.777058	1.175823
11070	-410.3207	-550.4936	140.1729	1.774968	0.8844138
11076	-410.4536	-550.7304	140.2768	1.668117	0.8877798
11082	-413.8094	-553.8223	140.0129	1.925194	0.8955731
11088	-414.2693	-553.6607	139.3914	1.891455	1.471508
11094	-421.5059	-561.5306	140.0247	1.564652	1.22768
11100	-412.0781	-552.0977	140.0195	1.612368	1.191375
11106	-412.2608	-552.0694	139.8086	1.551585	1.412292
11112	-404.1205	-544.4223	140.3018	1.525201	1.012436
11118	-406.6774	-545.5158	138.8384	1.559769	2.089058
11124	-404.4147	-543.7292	139.3145	1.209318	2.005912
11130	-403.0551	-541.9287	138.8736	0.9974121	2.427727
11136	-405.977	-545.413	139.436	1.47083	1.744612
11142	-403.1903	-542.2803	139.0899	1.556819	1.923446
11148	-400.9818	-540.9145	139.9327	1.326951	1.488981
11154	-408.1026	-547.6854	139.5829	1.306881	1.756588
11160	-407.7341	-547.176	139.4419	1.306881	1.85405
11166	-411.115	-550.0607	138.9456	1.182992	2.264037
11172	-409.7845	-549.1034	139.3189	1.246363	1.978261
11178	-404.6973	-542.6164	137.9191	1.253327	2.858722
11184	-409.9543	-549.5015	139.5472	1.126692	1.905096
11190	-414.2818	-552.7523	138.4705	1.268589	2.51045
11196	-413.5154	-552.163	138.6476	1.043662	2.540259
11202	-410.7417	-549.1692	138.4275	1.202853	2.578112
11208	-408.1274	-547.5098	139.3824	1.27982	1.91297
11214	-408.5044	-547.8096	139.3052	1.281901	1.963592
11220	-407.946	-547.6796	139.7335	1.375564	1.600324
11226	-408.8023	-548.9292	140.1269	1.45554	1.233494
11232	-410.3589	-550.3247	139.9658	1.630888	1.221422
11238	-410.6514	-550.8135	140.1622	1.608964	1.066316
11244	-408.9684	-548.9527	139.9842	1.47609	1.333528
11250	-420.0329	-559.8843	139.8514	1.608957	1.333528
11256	-413.9065	-553.3636	139.4571	1.415906	1.76828
11262	-417.8823	-557.3679	139.4856	1.175019	1.914066
11268	-414.7996	-554.6592	139.8596	1.594597	1.338399
11274	-415.408	-555.51	140.102	1.775343	0.9614447
11280	-411.7626	-551.9975	140.2349	1.730193	0.8643528
11286	-409.7896	-550.0818	140.2922	1.604195	0.9413683
11292	-420.2147	-560.4206	140.206	1.817555	0.7904213
11298	-415.158	-555.1362	139.9781	1.712406	1.140033
11304	-407.9959	-548.1256	140.1298	1.453859	1.232473
11310	-411.858	-550.3329	138.4749	1.391994	2.430344
11316	-410.4009	-549.6739	139.273	1.132107	2.084458
11322	-406.1506	-546.0608	139.9101	1.250482	1.562666
11328	-401.2046	-541.3399	140.1353	1.286717	1.36398
11334	-395.3866	-535.4545	140.0679	1.75498	1.016552
11340	-400.6481	-540.9961	140.348	1.502306	0.989203
11346	-405.5339	-545.6659	140.132	1.69903	1.008482
11352	-412.3459	-552.5861	140.2402	1.446353	1.143597
11358	-410.9191	-551.0595	140.1404	1.539043	1.149865
11364	-410.6435	-550.7391	140.0956	1.535	1.192507
11370	-415.4103	-555.4547	140.0444	1.524621	1.244718
11376	-417.8967	-557.471	139.5743	1.413498	1.687511
11382	-404.2684	-544.2322	139.9638	1.427263	1.388269
11388	-405.6102	-545.5681	139.9579	1.435743	1.386265
11394	-405.6279	-545.7437	140.1158	1.466945	1.233226
11400	-407.0698	-547.1865	140.1167	1.70264	1.020039
11406	-408.798	-549.1352	140.3372	1.423621	1.075945
11412	-412.2455	-551.9079	139.6624	1.327955	1.685708
11418	-406.7584	-545.9716	139.2132	1.280672	2.025828
11424	-412.5923	-551.863	139.2708	1.25858	2.002214
11430	-413.9213	-554.0836	140.1622	1.401272	1.249318
11436	-411.3962	-551.6235	140.2272	1.569153	1.0423
11442	-414.8065	-555.0772	140.2707	1.708521	0.8473659
11448	-417.1504	-557.3988	140.2483	1.730856	0.8473659
11454	-414.5956	-554.7859	140.1903	1.760068	0.8815046
11460	-414.8994	-555.246	140.3466	1.748886	0.6768772
11466	-414.552	-554.9785	140.4265	1.689978	0.6323959
11472	-414.2304	-554.6122	140.3818	1.729493	0.6444076
11478	-413.0053	-553.3637	140.3584	1.729493	0.6910314
11484	-416.0811	-556.1012	140.0202	1.334109	1.416851
11490	-415.1318	-555.1319	140	1.677167	1.151867
11496	-417.7645	-557.7283	139.9638	1.667749	1.191677
11502	-412.7028	-552.8887	140.1859	1.396895	1.233164
11508	-413.7292	-553.6533	139.9241	1.21635	1.577417
11514	-408.4263	-548.3809	139.9545	1.666774	1.200462
11520	-405.5802	-545.5934	140.0132	1.848194	0.977908
11526	-406.1006	-546.2125	140.1119	1.67787	1.048661
11532	-408.279	-548.2467	139.9677	1.798056	1.071392
11538	-410.9369	-551.1343	140.1973	1.43123	1.194242
11544	-420.9958	-561.1902	140.1944	1.624076	1.020866
11550	-404.9655	-545.1377	140.1722	1.347094	1.285833
11556	-406.7158	-546.5223	139.8065	1.712776	1.285833
11562	-400.8272	-540.8974	140.0702	2.050809	0.6211705
11568	-405.2295	-545.328	140.0985	2.045367	0.4653059
11574	-396.4575	-536.5991	140.1416	1.999717	0.5523435
11580	-398.264	-538.2543	139.9903	2.156077	0.5030426
11586	-407.2178	-547.0155	139.7977	2.31042	0.3740468
11592	-401.6795	-541.4132	139.7337	2.374338	0.3740468
11598	-410.1544	-550.0638	139.9094	2.231463	0.4493166
11604	-411.864	-551.9101	140.0461	2.094848	0.4495825
11610	-406.7038	-546.7537	140.0499	2.094848	0.5290177
11616	-418.2921	-558.1966	139.9045	2.214292	0.3916291
11622	-412.1049	-552.2113	140.1065	2.038441	0.5279065
11628	-420.6573	-560.6713	140.014	2.130534	0.53151
11634	-409.7698	-549.7864	140.0167	2.090246	0.6539846
11640	-413.7189	-553.9013	140.1823	1.924557	0.6539846
11646	-423.7417	-563.8466	140.1049	1.947223	0.7496766
11652	-425.8299	-565.8916	140.0617	1.766075	1.011725
11658	-423.4728	-563.6544	140.1816	1.907907	0.688088
11664	-428.7436	-567.9079	139.1642	1.116334	2.165911
11670	-429.6492	-568.843	139.1938	1.031873	2.201517
11676	-434.105	-573.3971	139.2922	1.051249	2.124929
11682	-431.3848	-570.5085	139.1237	1.129461	2.183713
11688	-428.1902	-567.8149	139.6247	1.186133	1.811427
11694	-407.4534	-547.1493	139.6959	1.32833	1.661487
11700	-407.7962	-547.2944	139.4982	1.365163	1.774975
11706	-408.8732	-549.0291	140.156	1.573507	1.104923
11712	-418.5321	-558.6564	140.1242	1.793511	0.9182508
11718	-420.6059	-560.6781	140.0722	1.715333	1.05077
11724	-419.6376	-559.8384	140.2009	1.38431	1.231156
11730	-419.1215	-558.9293	139.8078	1.445472	1.493802
11736	-418.1893	-558.2849	140.0956	1.54541	1.183507
11742	-414.3839	-554.2785	139.8947	1.746347	1.183507
11748	-412.358	-552.4601	140.1021	2.011583	0.6390299
11754	-413.2758	-553.4231	140.1473	1.996728	0.5350088
11760	-398.4862	-538.5878	140.1016	2.032468	0.582547
11766	-406.199	-546.3775	140.1786	1.949802	0.6010689
11772	-412.1615	-552.3552	140.1937	1.869965	0.731905
11778	-404.6814	-544.5939	139.9125	1.471199	1.394033
11784	-413.4029	-551.8586	138.4557	1.217839	2.551318
11790	-418.5573	-558.6717	140.1144	2.02543	0.5593137
11796	-413.5913	-553.8368	140.2455	1.874514	0.623819
11802	-416.1769	-556.2185	140.0416	2.07838	0.623819
11808	-415.2214	-555.1188	139.8974	2.248834	0.5091644
11814	-414.6649	-554.51	139.8451	2.301125	0.5091644
11820	-405.8941	-546.0984	140.2044	1.901912	0.6552697
11826	-408.8167	-548.9757	140.159	1.917067	0.7117103
11832	-407.4386	-547.5493	140.1108	1.82014	0.9036519
11838	-405.5154	-545.5616	140.0462	2.032249	0.7076528
11844	-405.1148	-545.17	140.0551	2.053207	0.6508704
11850	-402.0896	-542.2791	140.1894	1.819333	0.8100494
11856	-407.114	-546.9972	139.8832	2.25823	0.5515914
11862	-410.0111	-550.2502	140.2392	1.907168	0.5046716
11868	-414.1859	-554.2103	140.0244	2.115214	0.5603181
11874	-416.6405	-556.7189	140.0784	1.89514	0.8542142
11880	-426.7642	-566.9164	140.1522	1.488109	1.184148
11886	-418.8957	-558.2806	139.3848	1.484607	1.770769
11892	-424.1246	-564.2922	140.1676	1.734023	0.9357863
11898	-411.2747	-551.3833	140.1086	1.533029	1.182939
11904	-410.7061	-550.7461	140.04	1.40153	1.348518
11910	-411.8329	-551.5594	139.7265	1.326068	1.641177
11916	-412.0156	-552.1986	140.1829	1.460364	1.181517
11922	-410.626	-550.8302	140.2042	1.312583	1.287859
11928	-405.3508	-545.5135	140.1627	1.73207	0.9430918
11934	-402.5942	-542.888	140.2938	1.600987	0.9430918
11940	-404.303	-544.4834	140.1803	1.775106	0.8756616
11946	-401.6849	-542.0401	140.3552	1.600241	0.8756616
11952	-406.7227	-546.9158	140.1931	1.673257	0.9728565
11958	-409.257	-549.3139	140.0569	1.638526	1.135687
11964	-410.3685	-550.2013	139.8327	1.551124	1.393892
11970	-404.1793	-544.4772	140.2979	1.601118	0.9385416
11976	-404.4104	-544.5154	140.1049	1.854721	0.8707561
11982	-407.7405	-547.75	140.0095	1.806472	1.023281
11988	-415.8472	-555.5253	139.6781	1.483136	1.562208
11994	-412.8466	-553.0458	140.1992	1.54419	1.092162
12000	-411.9513	-551.9763	140.025	1.416418	1.348575
12006	-420.7721	-560.4852	139.7131	1.518314	1.510181
12012	-419.9754	-559.9016	139.9262	1.793834	1.113491
12018	-412.1665	-552.3268	140.1603	1.851936	0.8054982
12024	-413.582	-553.619	140.037	1.991174	0.7840267
12030	-404.5977	-544.9485	140.3508	1.656173	0.8124003
12036	-412.0712	-552.3011	140.23	1.86801	0.6721372
12042	-403.3437	-543.3931	140.0494	2.087407	0.5726068
12048	-410.6138	-550.5094	139.8956	2.221496	0.3885008
12054	-408.5551	-548.4624	139.9073	2.221496	0.4120686
12060	-410.9278	-550.8539	139.9261	2.188719	0.3847298
12066	-405.7428	-545.963	140.2202	1.901207	0.6201801
12072	-405.4884	-545.6157	140.1273	2.016856	0.5343047
12078	-412.9559	-553.0806	140.1247	2.019752	0.5319157
12084	-405.3572	-545.5863	140.2292	1.916233	0.5226747
12090	-403.2986	-543.5355	140.2369	1.902694	0.5605537
12096	-404.6214	-545.0149	140.3935	1.549047	0.8905504
12102	-402.2863	-542.0521	139.7658	1.333906	1.607134
12108	-406.4047	-546.1907	139.786	1.520008	1.453894
12114	-401.6101	-541.1831	139.5731	1.463693	1.652542
12120	-406.0144	-546.0906	140.0763	1.391932	1.327199
12126	-419.84	-558.6979	138.8579	1.223705	2.294131
12132	-419.0567	-558.5267	139.4699	1.407893	1.764906
12138	-416.0777	-555.0869	139.0092	1.155825	2.240643
12144	-415.8076	-553.6867	137.8791	0.751427	3.183521
12150	-415.3355	-554.1599	138.8245	1.32598	2.250021
12156	-406.6878	-546.4624	139.7746	1.335361	1.599719
12162	-419.7759	-559.2412	139.4654	0.909512	2.10434
12168	-410.6949	-549.5939	138.8991	1.115582	2.336848
12174	-413.931	-553.3508	139.4198	1.393296	1.809859
12180	-412.4672	-552.4028	139.9356	1.271395	1.528393
12186	-408.9433	-549.1124	140.1691	1.718641	0.9505854
12192	-406.1532	-546.5102	140.357	1.555151	0.9243501
12198	-420.0796	-559.6899	139.6103	1.800195	1.37304
12204	-408.4797	-548.6872	140.2075	1.800195	0.8114208
12210	-408.2113	-548.4537	140.2424	1.865232	0.6524925
12216	-406.585	-546.8547	140.2697	1.803213	0.7169295
12222	-415.352	-555.4487	140.0967	1.976245	0.7169295
12228	-422.5147	-562.7687	140.254	1.856648	0.6458247
12234	-416.2272	-556.2384	140.0112	2.134522	0.5189477
12240	-408.5911	-548.544	139.9529	2.047367	0.8210876
12246	-416.5228	-556.3432	139.8205	2.325689	0.489094
12252	-414.6344	-554.3832	139.7489	2.364394	0.3820792
12258	-410.1404	-549.6639	139.5235	2.5073	0.2964747
12264	-409.6223	-549.3847	139.7624	2.321269	0.3431521
12270	-409.5236	-549.1985	139.6749	2.383997	0.3189257
12276	-405.1853	-544.8112	139.6259	2.450461	0.3354245
12282	-412.7359	-552.6527	139.9168	2.159508	0.3354245
12288	-416.698	-556.4668	139.7688	2.331196	0.3627241
12294	-410.7795	-550.652	139.8725	2.227509	0.3627241
12300	-410.7004	-550.3613	139.6609	2.411505	0.3314529
12306	-407.3095	-547.009	139.6995	2.334319	0.2986918
12312	-410.6946	-549.4243	138.7297	2.887123	0.1446456
12318	-417.0164	-555.8031	138.7867	2.919874	0.1647226
12324	-410.2701	-548.7096	138.4394	3.06839	0.1246238
12330	-411.3431	-549.7296	138.3866	3.121259	0.1246238
12336	-412.7849	-551.1182	138.3334	3.121259	0.1161883
12342	-427.4103	-565.7025	138.2923	3.152163	0.1146591
12348	-432.2896	-570.5831	138.2935	3.189559	0.1206054
12354	-419.8291	-558.8497	139.0206	2.684912	0.1644537
12360	-419.2843	-557.7324	138.4481	3.023357	0.1187802
12366	-416.9764	-555.4323	138.4559	3.018415	0.1192213
12372	-412.5665	-551.0805	138.5141	3.050488	0.1345348
12378	-410.5196	-548.7088	138.1892	3.199362	0.1067201
12384	-413.7209	-551.9415	138.2207	3.199362	0.1110995
12390	-416.1794	-554.4712	138.2918	3.121668	0.1101719
12396	-421.1608	-559.3913	138.2306	3.121668	0.1019342
12402	-423.7049	-561.7671	138.0621	3.269826	0.09937866
12408	-426.6111	-565.1314	138.5202	3.004469	0.1274674
12414	-416.1699	-555.1992	139.0293	2.781148	0.1936131
12420	-407.7184	-546.8144	139.096	2.714376	0.1936131
12426	-402.3832	-541.4469	139.0636	2.818426	0.218683
12432	-405.2374	-544.5649	139.3275	2.603067	0.2391427
12438	-405.0152	-544.4543	139.4391	2.545013	0.2664997
12444	-404.7339	-544.6573	139.9234	2.18193	0.370005
12450	-408.5283	-548.5037	139.9754	2.169352	0.4717698
12456	-408.6188	-548.5597	139.941	2.169352	0.3774616
12462	-413.0649	-552.7586	139.6936	2.364511	0.3182738
12468	-412.176	-552.0052	139.8292	2.257724	0.3467747
12474	-404.8501	-544.808	139.9579	2.135277	0.354107
12480	-401.0119	-540.8541	139.8422	2.270217	0.3807737
12486	-409.1404	-549.0338	139.8934	2.202828	0.3579035
12492	-409.7539	-549.5737	139.8198	2.25904	0.3380032
12498	-410.9075	-550.0661	139.1586	2.639467	0.1897686
12504	-413.8155	-553.2563	139.4409	2.557872	0.275121
12510	-408.4778	-547.8977	139.42	2.452206	0.2149006
12516	-403.719	-543.038	139.319	2.566339	0.2199726
12522	-409.8933	-549.3573	139.464	2.524993	0.269314
12528	-404.0658	-543.4628	139.397	2.542031	0.2430823
12534	-401.2552	-540.6215	139.3662	2.60811	0.2610125
12540	-404.7872	-543.5409	138.7537	2.852591	0.1425292
12546	-410.6726	-549.7125	139.0399	2.729381	0.1812868
12552	-409.1172	-547.9443	138.8271	2.890694	0.1674962
12558	-412.9723	-552.8344	139.8621	2.24741	0.3762139
12564	-407.5178	-547.3344	139.8166	2.292569	0.375629
12570	-410.1962	-549.8991	139.7028	2.379186	0.3413558
12576	-416.1802	-555.7325	139.5523	2.482702	0.2995663
12582	-402.2661	-541.7147	139.4486	2.486532	0.2412743
12588	-408.2211	-547.5746	139.3536	2.515694	0.2138098
12594	-415.4298	-555.1654	139.7357	2.355073	0.3511841
12600	-418.6845	-558.3895	139.705	2.355073	0.3199934
12606	-417.8357	-556.329	138.4933	3.03617	0.1282855
12612	-421.2397	-559.6939	138.4542	3.075319	0.1282855
12618	-412.0019	-550.4665	138.4646	3.075319	0.1301088
12624	-408.495	-547.0796	138.5846	3.034994	0.1452251
12630	-412.1183	-551.3008	139.1825	2.764142	0.2467207
12636	-399.7245	-539.1218	139.3973	2.549307	0.2467207
12642	-404.1578	-543.5565	139.3987	2.549307	0.2473846
12648	-401.5541	-540.5253	138.9712	2.736197	0.164914
12654	-407.0516	-545.6352	138.5836	3.078245	0.1542474
12660	-403.4152	-542.0806	138.6654	2.970517	0.1486206
12666	-414.0318	-553.0447	139.0129	2.819218	0.2006702
12672	-411.9356	-551.482	139.5464	2.469097	0.2858408
12678	-416.3151	-555.6428	139.3277	2.545927	0.2154524
12684	-404.7687	-544.2153	139.4466	2.545927	0.2713673
12690	-406.5701	-546.1059	139.5358	2.546989	0.3421965
12696	-416.1512	-555.5162	139.365	2.636502	0.276816
12702	-403.2156	-543.0295	139.8139	2.284073	0.3601307
12708	-411.1619	-550.7626	139.6007	2.497336	0.3601307
12714	-405.6253	-545.3463	139.7211	2.421823	0.4594065
12720	-408.3459	-548.461	140.1151	2.012892	0.6020895
12726	-413.3899	-553.4887	140.0988	1.918755	0.7984783
12732	-407.4256	-547.5481	140.1225	1.895015	0.7984783
12738	-407.0226	-547.1535	140.131	1.960142	0.6851874
12744	-407.2088	-547.2497	140.0409	2.088927	0.5965893
12750	-407.4166	-547.2067	139.7901	2.284373	0.3335403
12756	-411.7089	-551.3583	139.6495	2.384491	0.298786
12762	-412.7888	-552.6586	139.8697	2.234286	0.3682002
12768	-409.6319	-549.2744	139.6425	2.461482	0.3682002
12774	-404.3374	-543.9312	139.5938	2.466352	0.3200475
12780	-407.3178	-546.7238	139.4061	2.538135	0.2455661
12786	-416.7906	-556.6774	139.8868	2.232032	0.3916459
12792	-417.1456	-557.1051	139.9595	2.180376	0.5590864
12798	-423.2228	-563.1582	139.9355	2.180376	0.6340008
12804	-416.3265	-556.3184	139.9919	2.143204	0.5789854
12810	-414.5942	-554.7363	140.1421	1.99627	0.5658893
12816	-408.5124	-548.6719	140.1595	1.617566	1.060698
12822	-407.7336	-547.9024	140.1688	1.60889	1.060098
12828	-399.561	-539.6778	140.1168	1.695832	1.026595
12834	-411.658	-551.6055	139.9476	2.193512	0.4501486
12840	-421.3003	-561.4948	140.1946	1.860809	0.7446557
12846	-415.2564	-555.4017	140.1453	1.840004	0.8398887
12852	-419.0668	-559.1689	140.1021	1.994726	0.6743439
12858	-428.9321	-569.1683	140.2362	1.779851	0.8004497
12864	-423.0378	-563.1008	140.063	1.585612	1.176954
12870	-426.3535	-566.5015	140.148	1.769688	0.9183227
12876	-420.462	-560.5652	140.1032	2.008401	0.6436583
12882	-422.9653	-563.0143	140.049	2.094713	0.5377297
12888	-417.0898	-557.0951	140.0053	2.125525	0.4168898
12894	-405.3341	-545.2409	139.9068	2.21933	0.4059858
12900	-412.5579	-552.6882	140.1304	1.987323	0.6295834
12906	-406.1242	-546.2886	140.1644	1.922896	0.692112
12912	-417.7079	-557.8816	140.1738	1.95948	0.5854584
12918	-420.1065	-560.1941	140.0876	2.045655	0.5854584
12924	-408.3898	-548.2877	139.8979	2.228371	0.4063066
12930	-404.5841	-544.4949	139.9108	2.228371	0.4423164
12936	-408.4285	-548.3627	139.9341	2.212242	0.5008718
12942	-412.1811	-551.8099	139.6289	2.41759	0.3084463
12948	-402.6741	-542.5683	139.8942	2.239077	0.4234614
12954	-403.6059	-543.3991	139.7932	2.324839	0.3901351
12960	-412.9728	-552.7777	139.8048	2.324839	0.4140157
12966	-412.3926	-552.2027	139.81	2.319615	0.4140157
12972	-414.2784	-554.2237	139.9453	2.201123	0.4982972
12978	-414.1148	-554.3472	140.2324	1.858128	0.6862179
12984	-420.8151	-560.6392	139.8242	2.203864	0.7841916
12990	-416.476	-555.8891	139.4131	1.727704	1.577184
12996	-422.0483	-562.3655	140.3173	1.519065	1.003207
13002	-414.7882	-554.6227	139.8346	2.309374	0.4656979
13008	-405.1316	-545.2018	140.0702	2.069179	0.4430212
13014	-407.5019	-547.65	140.1481	1.729155	0.9615327
13020	-404.4386	-544.7045	140.2658	1.49518	1.075782
13026	-407.4274	-547.2249	139.7975	1.447937	1.49964
13032	-412.7751	-552.1942	139.4192	1.235261	1.918274
13038	-415.149	-554.9609	139.812	1.50029	1.449112
13044	-408.8691	-549.0454	140.1763	1.822538	0.8228744
13050	-410.0974	-550.247	140.1496	1.798602	0.884039
13056	-420.2592	-560.3347	140.0755	1.944752	0.7948462
13062	-416.3581	-556.5717	140.2136	1.682431	0.9417324
13068	-421.7382	-561.8765	140.1383	1.665178	1.035421
13074	-427.8767	-567.8027	139.926	1.963893	0.9482654
13080	-428.0585	-568.2452	140.1867	1.959626	0.493411
13086	-419.415	-559.6938	140.2788	1.855585	0.5816523
13092	-422.5147	-562.6549	140.1401	2.004343	0.4697426
13098	-413.5462	-553.8118	140.2656	1.834344	0.6682992
13104	-416.4926	-556.5994	140.1067	2.027862	0.5807876
13110	-410.8828	-550.9366	140.0538	2.089117	0.5430775
13116	-402.2655	-542.3853	140.1198	2.023079	0.5430775
13122	-405.0799	-545.1997	140.1198	2.023079	0.5430775
13128	-402.9268	-543.1032	140.1764	1.961897	0.5664015
13134	-404.7914	-544.9621	140.1708	1.68523	0.9833897
13140	-396.4757	-536.5836	140.1079	1.994783	0.6627448
13146	-404.5672	-544.7025	140.1353	2.008256	0.5385399
13152	-408.353	-548.5399	140.1869	1.957364	0.5337389
13158	-404.3081	-544.0329	139.7248	2.394092	0.3916338
13164	-414.5738	-553.8704	139.2966	2.641025	0.2424053
13170	-409.9845	-549.1753	139.1908	2.641025	0.2005717
13176	-408.2046	-547.7981	139.5935	2.426678	0.2889769
13182	-406.2916	-546.4988	140.2072	1.936446	0.5379911
13188	-401.6578	-541.8321	140.1742	1.597984	1.065274
13194	-398.7405	-538.7209	139.9804	1.430228	1.372925
13200	-406.4636	-546.6742	140.2106	1.627539	1.001399
13206	-410.9834	-550.5987	139.6153	1.477319	1.612305
13212	-408.3165	-548.5997	140.2833	1.71953	0.8178066
13218	-410.1041	-550.4579	140.3537	1.710005	0.7317333
13224	-402.0526	-542.0822	140.0295	1.710005	1.095689
13230	-399.4179	-539.4739	140.056	1.858056	0.9223183
13236	-404.9596	-544.626	139.6664	1.724266	1.388555
13242	-399.6964	-540.0316	140.3351	1.551983	0.9511932
13248	-403.3482	-543.5987	140.2505	1.756635	0.8121997
13254	-407.2124	-547.2438	140.0314	1.577457	1.21113
13260	-405.0247	-545.0263	140.0016	1.606332	1.211893
13266	-402.6033	-542.8335	140.2302	1.691384	0.9140813
13272	-401.171	-541.3146	140.1436	1.919577	0.7326664
13278	-408.5048	-548.8043	140.2996	1.833373	0.5865453
13284	-410.2103	-550.4257	140.2154	1.868017	0.6990075
13290	-402.0664	-542.461	140.3945	1.680731	0.7130134
13296	-400.9654	-541.2052	140.2398	1.835442	0.7130134
13302	-410.3827	-550.6225	140.2399	1.906443	0.507112
13308	-400.6395	-540.7308	140.0913	2.04873	0.4457765
13314	-410.044	-549.8192	139.7751	2.315413	0.3509356
13320	-408.4474	-548.253	139.8056	2.284927	0.3509356
13326	-407.5023	-547.1919	139.6897	2.366163	0.3162544
13332	-406.5348	-546.1655	139.6307	2.404233	0.2995053
13338	-409.2837	-549.1189	139.8352	2.283455	0.3912493
13344	-414.1091	-554.1522	140.0431	2.093179	0.4321293
13350	-412.3509	-552.33	139.979	2.163109	0.4552067
13356	-411.7614	-551.4586	139.6972	2.391982	0.3493578
13362	-415.0619	-554.8819	139.82	2.318512	0.4398293
13368	-416.6592	-555.2969	138.6377	3.009896	0.1511075
13374	-414.7356	-553.7461	139.0105	2.674346	0.1595026
13380	-421.5712	-561.1588	139.5876	2.407415	0.2728525
13386	-426.7201	-566.9232	140.2031	1.938203	0.5519929
13392	-420.7269	-561.108	140.3811	1.639535	0.7943014
13398	-412.6883	-552.8673	140.179	1.500557	1.149801
13404	-419.9507	-559.8171	139.8664	1.538067	1.377751
13410	-415.4895	-555.7013	140.2117	1.460152	1.15657
13416	-415.1987	-555.5361	140.3374	1.620678	0.8725932
13422	-415.6248	-555.9134	140.2886	1.706212	0.8279274
13428	-416.3013	-556.2881	139.9868	1.595493	1.233589
13434	-412.6344	-552.5202	139.8858	1.588315	1.322499
13440	-413.7763	-553.7041	139.9278	1.859342	1.051153
13446	-412.8829	-552.8687	139.9857	2.020768	0.8130254
13452	-413.2825	-553.573	140.2905	1.605897	0.9413747
13458	-411.0559	-551.1695	140.1136	1.771702	0.953052
13464	-418.8158	-558.2227	139.4069	1.535366	1.71972
13470	-423.2932	-563.2497	139.9566	1.485903	1.347748
13476	-424.7511	-564.5051	139.754	1.319033	1.626424
13482	-415.4645	-555.5977	140.1331	1.979154	0.6422034
13488	-411.1731	-551.3012	140.1281	1.97301	0.6658453
13494	-403.6781	-543.6967	140.0186	2.09136	0.647323
13500	-396.9973	-537.1008	140.1035	2.006531	0.647323
13506	-407.7206	-547.8381	140.1175	1.811672	0.9056202
13512	-407.1989	-547.2982	140.0992	2.025953	0.6101343
13518	-401.3716	-541.73	140.3583	1.750347	0.6501719
13524	-405.5967	-545.9567	140.36	1.645704	0.8140563
13530	-404.6552	-544.8575	140.2023	1.543433	1.08995
13536	-399.6736	-539.7313	140.0577	1.362416	1.365443
13542	-401.1235	-541.0548	139.9313	1.785035	1.116848
13548	-402.2377	-542.4707	140.2331	1.70495	0.8956833
13554	-407.2802	-547.5922	140.312	1.570367	0.956147
13560	-404.4401	-544.7571	140.317	1.681398	0.8234709
13566	-405.9905	-546.3695	140.379	1.443227	1.0172
13572	-403.219	-543.4954	140.2765	1.60171	0.9605626
13578	-405.0101	-545.087	140.077	1.672054	1.086923
13584	-406.7528	-546.8356	140.0828	1.686831	1.067732
13590	-405.6302	-545.7588	140.1286	1.844576	0.8546082
13596	-402.7051	-542.7895	140.0844	1.888786	0.8546082
13602	-412.052	-552.2995	140.2474	1.711181	0.8719814
13608	-409.8803	-550.0245	140.1442	1.611002	1.081227
13614	-412.9971	-553.0843	140.0872	1.436113	1.28254
13620	-407.1294	-547.3381	140.2087	1.6107	1.019964
13626	-402.1232	-542.5019	140.3788	1.5004	0.9595095
13632	-408.3587	-548.629	140.2703	1.49108	1.075474
13638	-407.4209	-547.6916	140.2708	1.429395	1.131443
13644	-407.9058	-548.2321	140.3263	1.47254	1.039906
13650	-412.4158	-552.6793	140.2635	1.843088	0.6547349
13656	-411.4197	-551.4054	139.9857	2.160582	0.5072198
13662	-413.4839	-553.4808	139.9969	2.137396	0.4262122
13668	-402	-542.1041	140.1041	2.03229	0.4325964
13674	-403.7134	-543.8378	140.1244	2.020764	0.5251243
13680	-405.4553	-545.552	140.0967	2.049697	0.4970969
13686	-410.4755	-550.6968	140.2213	1.827029	0.7552356
13692	-408.4764	-548.7265	140.2501	1.570705	1.018524
13698	-406.0008	-546.0766	140.0758	1.866372	0.8910009
13704	-410.8404	-550.8611	140.0207	2.111321	0.5896162
13710	-394.8826	-534.935	140.0524	2.091686	0.5347093
13716	-407.4673	-547.6468	140.1795	1.830178	0.8088406
13722	-405.3165	-545.365	140.0485	2.076764	0.6099043
13728	-408.6709	-548.607	139.9361	2.208491	0.4705152
13734	-403.6289	-543.4089	139.78	2.29722	0.3363139
13740	-406.6964	-546.8813	140.1849	1.949609	0.5809991
13746	-414.0977	-554.1024	140.0046	2.132211	0.572255
13752	-413.3095	-553.4083	140.0988	2.032227	0.4173945
13758	-408.7638	-548.7433	139.9795	2.151215	0.4165711
13764	-403.7337	-543.6288	139.8951	2.237579	0.4216637
13770	-416.4417	-556.3434	139.9017	2.244665	0.4975857
13776	-416.4828	-556.4181	139.9353	2.195343	0.416342
13782	-399.8599	-539.7754	139.9156	2.228378	0.5358408
13788	-402.8994	-542.9495	140.0502	2.092347	0.4573549
13794	-402.6674	-542.7612	140.0938	1.989717	0.6988826
13800	-400.8798	-541.03	140.1502	1.925678	0.7118975
13806	-396.7989	-536.8406	140.0417	2.0567	0.6713101
13812	-395.1849	-535.2988	140.1139	1.965282	0.7063787
13818	-395.8421	-535.954	140.1119	2.034119	0.5141499
13824	-399.9586	-540.1093	140.1507	1.993892	0.5307138
13830	-402.6294	-542.7746	140.1452	1.995158	0.5568223
13836	-407.333	-547.6546	140.3217	1.818732	0.5568223
13842	-407.2614	-547.5077	140.2464	1.871815	0.6283671
13848	-402.061	-542.2908	140.2298	1.888385	0.6283671
13854	-397.4613	-537.596	140.1347	1.865039	0.8217312
13860	-397.7708	-538.1036	140.3328	1.73862	0.7194023
13866	-395.6666	-535.6784	140.0118	2.132552	0.5326074
13872	-413.7106	-553.618	139.9074	2.238674	0.513003
13878	-405.3987	-545.532	140.1333	2.001938	0.5783075
13884	-405.547	-545.859	140.312	1.739689	0.7502507
13890	-403.6633	-543.6349	139.9717	1.835375	1.032005
13896	-410.3214	-550.5185	140.1971	1.899692	0.6744224
13902	-414.0423	-553.9725	139.9302	2.191262	0.6200303
13908	-405.1021	-544.9111	139.809	2.325499	0.5812628
13914	-401.8228	-541.2488	139.426	2.551179	0.262556
13920	-408.2811	-548.128	139.8469	2.291648	0.4400226
13926	-406.8427	-546.251	139.4083	2.646478	0.3153154
13932	-409.7918	-548.7684	138.9766	2.777765	0.1771199
13938	-406.1241	-544.8109	138.6867	2.869691	0.1330502
13944	-411.5008	-550.5046	139.0038	2.770089	0.1825965
13950	-402.2918	-540.9738	138.682	2.884193	0.1348438
13956	-412.094	-551.2096	139.1156	2.614981	0.1707702
13962	-409.8876	-548.7495	138.8619	2.863622	0.1694751
13968	-406.0369	-544.3734	138.3365	3.142834	0.1200099
13974	-405.7445	-544.3265	138.582	3.00777	0.1392897
13980	-402.9818	-541.6276	138.6458	3.083431	0.1704148
13986	-399.7711	-538.7508	138.9797	2.774166	0.1769725
13992	-408.4699	-547.674	139.2041	2.759237	0.2551353
13998	-414.249	-553.3537	139.1047	2.759237	0.2118401
14004	-414.8025	-553.4242	138.6218	3.04187	0.1546446
14010	-403.4524	-542.3735	138.9211	2.748314	0.1559466
14016	-408.8954	-547.8693	138.9739	2.778805	0.1766683
14022	-404.8882	-544.2683	139.3802	2.521156	0.2264086
14028	-404.626	-544.0921	139.4662	2.521156	0.2683341
14034	-410.3875	-549.929	139.5415	2.499913	0.3044296
14040	-419.7022	-559.4012	139.699	2.406672	0.3705572
14046	-412.5838	-552.3077	139.7238	2.381839	0.3705572
14052	-408.4602	-547.9645	139.5043	2.519788	0.2916756
14058	-404.6302	-544.6368	140.0066	2.13504	0.4527727
14064	-398.4215	-538.4361	140.0146	2.125658	0.4467213
14070	-395.71	-535.7278	140.0178	2.125658	0.5392936
14076	-403.5229	-543.728	140.2051	1.802864	0.8111473
14082	-400.6041	-540.9695	140.3654	1.678965	0.7610484
14088	-407.4293	-547.7685	140.3392	1.684154	0.7905743
14094	-411.0599	-551.3489	140.2891	1.684154	0.8545979
14100	-406.7549	-546.9881	140.2332	1.625181	0.9809866
14106	-407.3153	-547.4762	140.1609	1.981967	0.5434152
14112	-416.4265	-556.5389	140.1123	1.990341	0.6627829
14118	-427.3136	-567.4047	140.0911	2.02713	0.6283511
14124	-407.6974	-547.777	140.0796	1.968641	0.7554112
14130	-408.0499	-548.0765	140.0266	1.988994	0.8010295
14136	-412.8974	-553.0819	140.1845	1.960475	0.5274194
14142	-407.7239	-547.7985	140.0746	2.071675	0.5070558
14148	-408.4054	-548.598	140.1926	1.8107	0.8171797
14154	-415.3305	-555.3428	140.0124	1.758504	1.06654
14160	-426.989	-566.9237	139.9347	1.836214	1.06654
14166	-418.8727	-559.0704	140.1977	1.718783	0.9196531
14172	-411.7396	-551.8234	140.0838	1.812213	0.9417302
14178	-413.7941	-554.1388	140.3447	1.687287	0.7787385
14184	-409.6558	-550.1082	140.4523	1.654797	0.6535279
14190	-407.9474	-548.2455	140.2981	1.58955	0.9506515
14196	-413.2621	-553.2566	139.9945	1.584333	1.236528
14202	-412.0267	-552.1157	140.089	1.489801	1.236528
14208	-410.3146	-549.8381	139.5235	1.248022	1.838474
14214	-406.9768	-546.6567	139.6799	1.295986	1.69597
14220	-415.7569	-555.4466	139.6897	1.441121	1.584477
14226	-417.2018	-557.1662	139.9644	1.680031	1.180564
14232	-419.0504	-559.097	140.0466	1.692603	1.096004
14238	-415.721	-555.9111	140.1901	1.431356	1.200319
14244	-406.2253	-546.3217	140.0964	1.525064	1.200319
14250	-405.4492	-545.6841	140.2349	1.674092	0.9278141
14256	-400.8495	-541.0217	140.1722	1.889569	0.7347523
14262	-402.2694	-542.3797	140.1103	1.971353	0.7020666
14268	-411.2547	-551.4035	140.1489	1.699614	0.9910272
14274	-411.063	-551.182	140.119	1.96029	0.706155
14280	-407.9912	-548.1525	140.1613	1.959334	0.6221079
14286	-411.4093	-551.4732	140.064	1.84623	0.9265162
14292	-410.3352	-550.5649	140.2297	1.849218	0.7068833
14298	-408.9691	-549.0503	140.0812	1.935347	0.7998652
14304	-407.9136	-547.9688	140.0552	1.96385	0.7964262
14310	-407.3981	-547.5429	140.1447	1.874325	0.7964262
14316	-413.6419	-553.6413	139.9994	1.701875	1.13046
14322	-425.6516	-565.5528	139.9012	1.661071	1.250371
14328	-422.6162	-562.6547	140.0385	1.527285	1.247421
14334	-419.8687	-559.0909	139.2222	1.474407	1.889652
14340	-413.7479	-553.1197	139.3719	1.2713	1.925881
14346	-407.4402	-547.5923	140.1521	1.520787	1.155677
14352	-417.0886	-556.8605	139.7718	1.387167	1.563843
14358	-414.7074	-554.5007	139.7933	1.536043	1.436009
14364	-406.2231	-546.096	139.8729	1.361124	1.508212
14370	-413.178	-552.08	138.902	1.226124	2.264361
14376	-410.2166	-550.4052	140.1886	1.279699	1.327113
14382	-414.6772	-555.0671	140.3898	1.631103	0.793893
14388	-410.7641	-551.0005	140.2364	1.819925	0.7432933
14394	-407.6984	-547.7947	140.0964	1.697017	1.045162
14400	-418.9508	-559.1143	140.1635	1.686555	0.9894029
14406	-422.7233	-562.9315	140.2082	1.732701	0.8924164
14412	-419.535	-559.5974	140.0624	1.973076	0.773811
14418	-416.2566	-556.2414	139.9849	2.15966	0.470028
14424	-408.5358	-548.5156	139.9799	2.164982	0.5283451
14430	-404.4712	-544.5764	140.1052	1.988594	0.6801573
14436	-405.6744	-545.6952	140.0208	2.11654	0.5705028
14442	-423.4761	-563.6539	140.1779	1.916536	0.6789861
14448	-421.3281	-561.2443	139.9162	2.195041	0.6445991
14454	-425.5908	-565.7699	140.1791	1.961493	0.5557471
14460	-421.2191	-560.9886	139.7695	2.369729	0.4425775
14466	-410.8353	-550.6889	139.8536	2.291812	0.4783238
14472	-418.0683	-557.8808	139.8125	2.291812	0.65938
14478	-416.5656	-556.4183	139.8528	2.291812	0.4705381
14484	-424.695	-564.5574	139.8625	2.28212	0.4705381
14490	-414.5713	-554.5311	139.9598	2.178409	0.4386606
14496	-416.1408	-556.1176	139.9768	2.149689	0.4066572
14502	-414.4299	-554.5728	140.1429	1.994613	0.5697184
14508	-415.4199	-555.4628	140.0428	2.10186	0.4715096
14514	-409.995	-550.0287	140.0337	2.105877	0.4440242
14520	-410.6752	-550.7116	140.0364	2.093682	0.5958432
14526	-406.7098	-546.7201	140.0102	2.106543	0.6317183
14532	-404.3356	-544.4366	140.101	1.793245	0.9436233
14538	-409.1949	-549.1421	139.9472	1.79373	1.094413
14544	-411.0806	-550.4563	139.3757	1.503084	1.764203
14550	-416.5857	-556.8086	140.2229	1.44336	1.161483
14556	-408.2161	-548.1671	139.951	1.710085	1.166008
14562	-406.714	-546.7547	140.0408	1.443722	1.314101
14568	-406.8603	-546.7753	139.9149	1.719085	1.189553
14574	-412.6092	-552.7974	140.1882	1.422364	1.209697
14580	-412.1738	-551.4232	139.2494	1.360086	1.948587
14586	-414.9533	-555.088	140.1347	1.383667	1.286557
14592	-417.1154	-557.2565	140.141	1.254788	1.38454
14598	-408.3117	-547.6428	139.3311	1.027206	2.115167
14604	-409.156	-547.0952	137.9392	0.8557514	3.085665
14610	-413.5781	-550.6955	137.1173	0.9196221	3.532266
14616	-418.8264	-556.0668	137.2405	0.8235136	3.516506
14622	-419.3734	-558.1127	138.7393	1.103657	2.445427
14628	-418.331	-557.8967	139.5657	1.263465	1.798748
14634	-425.4357	-565.4524	140.0167	1.298868	1.446579
14640	-424.5933	-563.9905	139.3973	1.043648	2.060884
14646	-411.553	-551.4134	139.8604	1.247593	1.60113
14652	-420.9509	-560.4781	139.5271	0.9494515	2.037302
14658	-420.8871	-558.959	138.0719	1.110106	2.852936
14664	-408.5112	-547.8121	139.3009	1.278054	1.969074
14670	-414.822	-554.0915	139.2695	1.143679	2.079154
14676	-412.5812	-551.9544	139.3732	1.098019	2.040856
14682	-411.417	-549.7034	138.2864	0.8909161	2.855775
14688	-412.7335	-551.5881	138.8546	1.306541	2.243157
14694	-413.2468	-552.6171	139.3703	1.492308	1.775499
14700	-427.7508	-566.9278	139.177	1.384386	1.980844
14706	-414.9931	-555.0462	140.0531	1.518043	1.24296
14712	-406.9685	-546.944	139.9755	1.636056	1.208816
14718	-410.1343	-550.4195	140.2851	1.756864	0.7645305
14724	-411.3728	-551.1568	139.784	1.723865	1.295163
14730	-410.7359	-550.6911	139.9551	2.069248	0.7892294
14736	-413.3077	-553.2839	139.9762	1.99547	0.856416
14742	-408.7394	-548.4566	139.7172	1.936677	1.172362
14748	-407.2054	-547.0281	139.8227	2.122957	0.8869496
14754	-402.9941	-543.1866	140.1925	1.818597	0.8070606
14760	-406.2686	-546.0343	139.7656	1.512717	1.474883
14766	-405.866	-545.8069	139.941	1.781831	1.111018
14772	-407.1812	-547.3143	140.1331	1.920289	0.747632
14778	-405.6083	-545.6287	140.0204	2.125802	0.4900945
14784	-409.3849	-549.4561	140.0712	1.898496	0.8588135
14790	-411.2479	-551.3878	140.1399	1.689831	1.009804
14796	-410.4886	-550.3346	139.846	1.726138	1.242103
14802	-417.4418	-557.3342	139.8924	1.671473	1.248968
14808	-409.327	-549.3823	140.0553	1.744339	1.039119
14814	-434.2536	-572.9491	138.6955	2.952416	0.1511797
14820	-422.1495	-562.0794	139.9299	1.424421	1.416827
14826	-426.0505	-565.5848	139.5343	1.669674	1.530623
14832	-417.3494	-557.0454	139.696	1.239824	1.724244
14838	-412.1621	-551.7988	139.6367	1.248154	1.760024
14844	-409.2266	-548.1141	138.8875	1.158729	2.316706
14850	-416.8198	-556.1813	139.3615	1.07808	2.061762
14856	-402.1595	-541.6464	139.4869	1.124191	1.947491
14862	-406.9353	-546.7241	139.7888	1.439863	1.512198
14868	-409.4999	-549.5492	140.0493	1.417675	1.328187
14874	-399.3128	-539.5882	140.2754	1.715437	0.8329724
14880	-406.5534	-546.9082	140.3548	1.77523	0.5959719
14886	-405.6322	-545.6999	140.0677	2.012085	0.7054004
14892	-402.2764	-542.463	140.1866	1.954549	0.5528619
14898	-402.9693	-543.1288	140.1594	1.962417	0.6191072
14904	-402.7172	-541.8896	139.1724	1.619814	1.824239
14910	-405.4772	-545.6617	140.1845	1.868432	0.7484536
14916	-400.6042	-540.8826	140.2783	1.836899	0.635403
14922	-404.4443	-544.7731	140.3287	1.813178	0.5488453
14928	-403.5481	-543.4786	139.9305	2.207673	0.4386614
14934	-408.9122	-548.8695	139.9573	2.164765	0.3977141
14940	-409.1093	-548.9039	139.7946	2.279012	0.3327115
14946	-412.1161	-552.182	140.0658	2.078633	0.4694435
14952	-421.1021	-560.9316	139.8296	2.291729	0.3961576
14958	-423.6877	-563.1724	139.4847	2.456485	0.2441119
14964	-429.5197	-568.9442	139.4245	2.607513	0.2973996
14970	-422.5974	-562.1631	139.5656	2.466424	0.2973996
14976	-431.7673	-571.1206	139.3533	2.555104	0.2293731
14982	-417.1601	-556.0506	138.8906	2.746374	0.1488329
14988	-416.6612	-556.0405	139.3793	2.547237	0.2373038
14994	-416.6184	-555.623	139.0046	2.777085	0.1848618
15000	-420.8189	-560.2558	139.4369	2.498206	0.2412423
15006	-410.3165	-549.071	138.7545	2.837835	0.1397853
15012	-416.9232	-555.8388	138.9156	2.741649	0.1532231
15018	-411.3957	-549.9518	138.5561	3.101152	0.1532231
15024	-414.8928	-553.4696	138.5768	3.028689	0.1423795
15030	-414.0465	-554.1664	140.1199	1.951721	0.7190891
15036	-414.2122	-554.4546	140.2424	1.710961	0.8780459
15042	-419.1015	-559.1358	140.0343	1.511042	1.264376
15048	-416.6807	-556.8307	140.1499	1.659667	1.029541
15054	-404.9119	-544.8923	139.9804	1.980979	0.8687209
15060	-415.5329	-555.0891	139.5562	1.879049	1.353469
15066	-414.1193	-553.9373	139.818	1.805572	1.198548
15072	-408.0505	-547.8777	139.8272	1.534191	1.411329
15078	-411.4772	-551.651	140.1738	1.730432	0.9329466
15084	-410.5415	-550.6556	140.1141	1.742518	0.982737
15090	-409.9214	-549.8045	139.8831	1.693748	1.238177
15096	-417.1995	-557.1347	139.9351	1.64171	1.238177
15102	-435.2445	-574.7224	139.4779	2.509045	0.2680869
15108	-432.2442	-571.7769	139.5327	2.509045	0.3047158
15114	-414.9749	-555.2126	140.2377	1.755875	0.8294999
15120	-412.2913	-552.4849	140.1936	1.892759	0.6938652
15126	-411.946	-552.0425	140.0965	1.638681	1.09973
15132	-405.8866	-545.9225	140.036	1.641111	1.151981
15138	-412.9286	-553.0802	140.1516	1.708062	0.9796635
15144	-418.5961	-558.7229	140.1268	1.846366	0.8546679
15150	-412.4623	-552.6665	140.2042	1.523571	1.106484
15156	-420.4711	-560.8509	140.3798	1.375799	1.080854
15162	-416.7075	-555.7656	139.0581	1.315193	2.105402
15168	-409.655	-549.3862	139.7312	1.439582	1.555173
15174	-412.5442	-552.2279	139.6837	1.268884	1.712451
15180	-414.3807	-553.9715	139.5908	1.256076	1.786434
15186	-404.3432	-543.8292	139.486	1.362157	1.785589
15192	-418.4008	-557.3382	138.9373	1.433918	2.106699
15198	-410.9078	-551.0204	140.1126	1.724078	1.002858
15204	-417.2361	-557.3971	140.1611	1.675623	1.002858
15210	-412.2786	-552.266	139.9874	1.55313	1.268338
15216	-411.4308	-551.4492	140.0185	1.680045	1.132908
15222	-408.1467	-548.3348	140.1881	1.680045	0.9709703
15228	-409.2815	-549.3075	140.026	1.713246	1.095971
15234	-412.2644	-552.443	140.1786	1.782826	0.8686665
15240	-415.1916	-555.2863	140.0947	1.984105	0.7069762
15246	-402.2169	-542.4784	140.2616	1.801392	0.7329725
15252	-407.7469	-547.8671	140.1202	1.821788	0.8911751
15258	-421.9258	-562.2049	140.2791	1.821788	0.6664383
15264	-419.1865	-559.5928	140.4062	1.360005	1.070892
15270	-409.8467	-549.7331	139.8864	1.452039	1.429046
15276	-417.7307	-558.0555	140.3248	1.617116	0.8912528
15282	-409.387	-549.5113	140.1243	1.90002	0.789321
15288	-406.5813	-546.873	140.2918	1.800866	0.682337
15294	-404.6746	-544.976	140.3014	1.791205	0.682337
15300	-408.1503	-548.4141	140.2638	1.828827	0.682337
15306	-406.5326	-546.7901	140.2575	1.825942	0.698966
15312	-417.1301	-557.2589	140.1289	1.778959	0.9290883
15318	-408.9937	-549.1182	140.1245	1.756172	0.9579575
15324	-405.8508	-546.1492	140.2984	1.390684	1.141293
15330	-403.3174	-543.242	139.9246	1.390684	1.446842
15336	-405.4787	-545.8175	140.3388	1.619081	0.8728635
15342	-404.5982	-544.5863	139.9881	1.55981	1.262256
15348	-413.7624	-553.3677	139.6053	1.306735	1.740953
15354	-424.3596	-563.2357	138.8762	1.234063	2.27582
15360	-416.6478	-555.8085	139.1607	1.179562	2.126995
15366	-419.204	-558.5419	139.3379	1.002399	2.126995
15372	-417.3388	-557.1529	139.814	1.276862	1.613551
15378	-418.6377	-558.8415	140.2038	1.279955	1.314677
15384	-412.7922	-552.6528	139.8607	1.475224	1.431026
15390	-414.1034	-554.0388	139.9354	1.777264	1.120203
15396	-404.7093	-544.0898	139.3805	1.258409	1.92875
15402	-398.6416	-538.9407	140.2991	1.563735	0.9764369
15408	-402.2999	-542.5716	140.2717	1.568421	0.9994518
15414	-400.8462	-541.1436	140.2974	1.816602	0.6382399
15420	-411.6218	-551.5582	139.9364	2.176643	0.6404943
15426	-401.559	-541.3725	139.8135	2.329521	0.4601477
15432	-409.1478	-549.056	139.9082	2.238034	0.4906478
15438	-410.8447	-551.0337	140.189	1.957073	0.5129244
15444	-414.5177	-554.6849	140.1672	1.938965	0.655489
15450	-411.6511	-551.8049	140.1538	1.794494	0.8839422
15456	-416.3994	-556.5699	140.1705	1.587437	1.078635
15462	-410.246	-550.2829	140.0369	1.840561	0.9612719
15468	-408.4598	-548.2289	139.7691	1.622459	1.387842
15474	-408.154	-547.8404	139.6864	1.372326	1.63675
15480	-412.1782	-552.2458	140.0676	1.606058	1.15501
15486	-414.3816	-553.9285	139.5469	1.801868	1.42107
15492	-417.4278	-557.68	140.2522	1.433337	1.144448
15498	-410.8142	-550.3589	139.5447	1.411237	1.710064
15504	-427.8307	-567.965	140.1343	1.462868	1.221015
15510	-419.8733	-559.4873	139.614	2.433306	0.3091439
15516	-415.8148	-555.4948	139.6799	2.394046	0.3330326
15522	-411.7746	-551.5251	139.7505	2.348384	0.3612419
15528	-424.024	-564.077	140.0529	2.084261	0.4351269
15534	-416.5201	-556.7641	140.2441	1.879662	0.6141413
15540	-412.0733	-551.9805	139.9071	2.215811	0.6162688
15546	-412.8167	-553.0238	140.2071	1.915812	0.6162688
15552	-407.6877	-547.8786	140.1909	1.756227	0.8852779
15558	-406.5749	-546.1929	139.618	1.418059	1.653067
15564	-417.2511	-556.6864	139.4353	1.600736	1.653067
15570	-413.0862	-553.3287	140.2425	1.702083	0.8882172
15576	-412.5036	-552.6816	140.1779	1.788734	0.8624542
15582	-410.7324	-550.8884	140.1561	1.986198	0.5467509
15588	-418.6821	-558.7169	140.0348	2.024017	0.7394554
15594	-413.5556	-553.775	140.2194	1.795874	0.8015281
15600	-420.958	-561.1864	140.2284	1.853878	0.7009978
15606	-414.4859	-554.7476	140.2617	1.820599	0.7009978
15612	-411.3989	-551.4797	140.0808	2.060426	0.5525289
15618	-412.037	-552.1857	140.1488	1.957996	0.6542965
15624	-402.6544	-542.6814	140.027	2.074569	0.6651071
15630	-401.1711	-541.0914	139.9202	2.204364	0.4027545
15636	-404.0347	-544.0217	139.987	2.148297	0.4292049
15642	-421.7346	-561.6014	139.8667	2.279682	0.497957
15648	-406.366	-546.1759	139.8099	2.286921	0.3586058
15654	-405.9464	-545.8719	139.9255	2.180017	0.3702704
15660	-406.1961	-545.9352	139.7391	2.312732	0.3128794
15666	-409.2755	-549.0054	139.7299	2.321988	0.3128794
15672	-405.5995	-545.3818	139.7822	2.321988	0.3684923
15678	-407.9054	-547.6252	139.7197	2.378122	0.3599389
15684	-410.7253	-550.6638	139.9385	2.189997	0.4113054
15690	-415.6035	-555.5173	139.9138	2.200627	0.3839547
15696	-414.5556	-554.5588	140.0032	2.129334	0.421381
15702	-410.9698	-551.1758	140.206	1.927938	0.5830132
15708	-412.5284	-552.6769	140.1485	1.927938	0.711089
15714	-411.1733	-551.1429	139.9697	1.553952	1.282287
15720	-407.3233	-547.4907	140.1674	1.750787	0.9177345
15726	-406.8656	-546.5627	139.6971	1.584901	1.472102
15732	-410.4714	-550.6642	140.1928	1.571746	1.072487
15738	-423.5454	-563.785	140.2396	1.673147	0.9237719
15744	-426.7838	-566.6787	139.8949	1.623459	1.28662
15750	-426.4709	-566.7433	140.2724	1.824046	0.6751926
15756	-429.3895	-569.5704	140.1809	1.964625	0.5212097
15762	-418.6238	-558.8093	140.1856	1.862518	0.7556397
15768	-414.4904	-554.6024	140.112	2.031888	0.4654197
15774	-406.1656	-546.2764	140.1108	2.022067	0.5868137
15780	-408.9252	-549.0381	140.1129	1.991633	0.6589621
15786	-419.9488	-560.1016	140.1528	1.991633	0.4691885
15792	-417.7185	-557.7299	140.0114	2.133623	0.4740468
15798	-407.5598	-547.5424	139.9826	2.149031	0.418857
15804	-406.41	-546.6819	140.2718	1.866707	0.5654326
15810	-408.3435	-548.6012	140.2577	1.644846	0.9347423
15816	-409.8813	-550.1154	140.2341	1.635354	0.9695787
15822	-405.2873	-545.5562	140.2689	1.844531	0.6395579
15828	-411.8101	-551.5085	139.6984	1.269066	1.701892
15834	-407.876	-547.8826	140.0066	1.472983	1.31806
15840	-399.6552	-539.6178	139.9627	1.375655	1.429158
15846	-409.4839	-549.644	140.1601	1.534987	1.135934
15852	-407.9414	-547.8747	139.9333	1.724987	1.168439
15858	-406.6351	-546.8797	140.2447	1.309369	1.25719
15864	-411.5516	-550.8512	139.2997	1.227883	2.003426
15870	-409.3902	-549.5409	140.1507	1.503392	1.172151
15876	-413.6462	-553.9054	140.2591	1.543042	1.036704
15882	-406.1944	-546.443	140.2486	1.871714	0.6230549
15888	-410.8246	-550.9633	140.1387	1.823724	0.8674768
15894	-408.514	-548.5173	140.0033	1.601116	1.214886
15900	-411.8772	-551.9867	140.1095	1.722474	1.007554
15906	-409.4887	-549.2996	139.811	1.529909	1.427195
15912	-414.0889	-554.2534	140.1644	1.924611	0.6889963
15918	-417.5646	-557.3044	139.7398	1.901145	1.183565
15924	-417.4279	-557.4848	140.057	1.589466	1.178803
15930	-425.8418	-565.5754	139.7336	1.850934	1.231739
15936	-423.3291	-563.4418	140.1127	2.005073	0.629281
15942	-416.3407	-556.344	140.0032	1.95678	0.8702988
15948	-424.9073	-565.1075	140.2002	1.729789	0.9046895
15954	-418.7028	-558.4251	139.7223	1.517044	1.50425
15960	-410.8283	-550.5784	139.7501	1.664231	1.36999
15966	-417.759	-558.0305	140.2715	1.619177	0.9474216
15972	-415.4615	-555.3141	139.8526	1.739715	1.225126
15978	-412.2224	-552.1397	139.9173	1.388223	1.454237
15984	-418.2168	-557.4638	139.247	1.381248	1.935941
15990	-417.5988	-557.5835	139.9847	1.617493	1.216795
15996	-419.6256	-559.1713	139.5457	1.567243	1.597522
16002	-412.777	-552.8212	140.0442	1.662336	1.125697
16008	-415.4103	-555.5902	140.1799	1.837503	0.7987094
16014	-417.5458	-557.5652	140.0194	1.448536	1.327394
16020	-424.5562	-564.5046	139.9483	1.463627	1.371882
16026	-422.3574	-562.2001	139.8427	1.62858	1.324729
16032	-434.7559	-574.7653	140.0094	2.136792	0.4907082
16038	-423.5243	-563.6065	140.0822	2.064026	0.5092394
16044	-416.4956	-556.3856	139.89	2.254928	0.4734742
16050	-412.5549	-552.5358	139.9809	2.157201	0.4384137
16056	-418.8721	-558.7238	139.8517	2.291554	0.4612499
16062	-411.3427	-551.1759	139.8332	2.308797	0.4543866
16068	-407.6835	-547.8256	140.1422	1.754557	0.9410227
16074	-413.4005	-553.4952	140.0948	1.994854	0.687937
16080	-417.3862	-557.6322	140.246	1.699107	0.887652
16086	-422.1571	-562.4783	140.3213	1.699107	0.7946823
16092	-417.3481	-557.6145	140.2664	1.826088	0.6826757
16098	-431.0129	-570.7276	139.7147	1.762345	1.32009
16104	-425.0937	-565.1134	140.0198	1.45728	1.32009
16110	-430.8495	-570.5513	139.7017	1.518891	1.518234
16116	-424.8876	-564.8545	139.9668	1.519692	1.312455
16122	-415.8745	-555.4675	139.593	1.249474	1.789493
16128	-413.8309	-553.857	140.0261	1.887108	0.9232287
16134	-408.8874	-549.0721	140.1847	1.754928	0.8938447
16140	-411.4749	-551.5749	140.1	1.709553	1.02959
16146	-409.3506	-549.3645	140.0139	2.108167	0.6185254
16152	-408.1598	-548.2617	140.1018	2.025211	0.6049788
16158	-405.3226	-545.5794	140.2569	1.542876	1.039067
16164	-407.4407	-547.6226	140.1819	1.783958	0.8634519
16170	-401.1131	-541.2898	140.1767	1.918839	0.6768487
16176	-407.5195	-547.1992	139.6796	1.918839	1.219941
16182	-406.1266	-546.1829	140.0563	1.72229	1.059261
16188	-406.4416	-546.7116	140.27	1.806253	0.7114181
16194	-404.1287	-544.0677	139.939	2.095056	0.7758908
16200	-403.6594	-543.6452	139.9858	2.133138	0.6265247
16206	-405.4772	-545.1208	139.6436	2.498975	0.4576883
16212	-404.1952	-543.8353	139.6401	2.425558	0.3250266
16218	-402.5301	-542.1354	139.6052	2.465865	0.3301986
16224	-400.5676	-539.9704	139.4028	2.652765	0.3160223
16230	-404.4006	-543.8737	139.473	2.631223	0.3685589
16236	-400.9354	-540.7619	139.8265	2.296453	0.3993941
16242	-397.5379	-537.2088	139.6709	2.419566	0.3508416
16248	-397.4238	-536.8828	139.459	2.521036	0.2641573
16254	-401.6972	-541.1659	139.4686	2.521036	0.2696796
16260	-399.8661	-539.3226	139.4565	2.533137	0.2696796
16266	-399.4246	-538.8769	139.4523	2.571272	0.2913053
16272	-396.4653	-535.8105	139.3452	2.573694	0.2339045
16278	-397.6493	-537.1588	139.5095	2.52684	0.3006133
16284	-409.5166	-549.3871	139.8705	2.242507	0.3817564
16290	-404.8155	-544.2302	139.4147	2.567141	0.2651762
16296	-415.0206	-554.4353	139.4147	2.567141	0.2651762
16302	-420.8479	-559.6185	138.7706	2.854498	0.1463451
16308	-423.2926	-562.0965	138.8038	2.944754	0.1755462
16314	-428.2367	-567.2089	138.9722	2.769653	0.1737398
16320	-418.2472	-557.5808	139.3336	2.590543	0.2362328
16326	-426.9472	-566.819	139.8717	2.190551	0.321944
16332	-414.5616	-554.4697	139.9081	1.984387	0.9455322
16338	-415.0196	-555.1716	140.152	1.990687	0.5443605
16344	-420.5689	-560.546	139.9771	2.159361	0.4327591
16350	-426.5748	-566.5578	139.983	2.154322	0.4354787
16356	-430.5041	-569.9738	139.4697	2.548993	0.2879536
16362	-423.9659	-563.2827	139.3168	2.580549	0.2247809
16368	-420.4895	-559.7453	139.2558	2.641591	0.2247809
16374	-416.4307	-555.258	138.8273	2.930328	0.1780202
16380	-431.952	-571.0361	139.0841	2.669706	0.1769736
16386	-433.7869	-573.1377	139.3508	2.669706	0.289186
16392	-429.4718	-568.9659	139.4941	2.594322	0.3485491
16398	-420.3561	-559.8966	139.5405	2.510438	0.312084
16404	-426.3155	-566.161	139.8455	2.281346	0.4075893
16410	-427.6555	-567.4828	139.8273	2.308568	0.4308582
16416	-423.5061	-562.9668	139.4607	2.558001	0.2879396
16422	-414.1055	-553.678	139.5725	2.558001	0.4160707
16428	-409.8657	-549.7646	139.8989	2.219286	0.3904987
16434	-414.5769	-554.2159	139.6389	2.47927	0.3904987
16440	-409.6365	-549.0869	139.4504	2.530025	0.2643918
16446	-411.4583	-551.2099	139.7517	2.394015	0.4814883
16452	-417.0429	-556.7591	139.7162	2.394015	0.3772116
16458	-412.8347	-552.7132	139.8785	2.263935	0.4569227
16464	-417.5355	-557.5304	139.9949	2.151377	0.5079674
16470	-414.7211	-554.8484	140.1274	2.017558	0.4736283
16476	-408.3242	-548.289	139.9648	2.174276	0.5629443
16482	-409.1753	-549.1476	139.9723	2.170765	0.4604311
16488	-420.2304	-560.2071	139.9767	2.148009	0.4030699
16494	-429.8587	-569.7902	139.9315	2.213461	0.4736066
16500	-410.6218	-550.5547	139.9329	2.213461	0.5024816
16506	-416.4695	-556.4847	140.0152	2.109739	0.6107725
16512	-413.1731	-553.3377	140.1646	1.910529	0.7132336
16518	-412.3782	-552.3865	140.0082	2.134735	0.5424933
16524	-406.4122	-546.3749	139.9627	2.178134	0.5545312
16530	-412.2931	-552.2424	139.9494	2.150955	0.6675312
16536	-411.0758	-551.0292	139.9534	2.14604	0.6693164
16542	-407.7158	-547.7403	140.0246	2.12183	0.5024146
16548	-412.9619	-552.8245	139.8625	2.2838	0.5048698
16554	-421.0217	-561.0424	140.0206	2.125709	0.5048698
16560	-415.2427	-555.2625	140.0198	2.125709	0.52099
16566	-416.5476	-556.5373	139.9897	2.155871	0.52099
16572	-413.9958	-554.0125	140.0166	2.128628	0.4767422
16578	-410.7733	-550.6368	139.8635	2.236977	0.3633738
16584	-412.2582	-551.7386	139.4804	2.52289	0.2779114
16590	-421.1347	-560.3815	139.2468	2.612453	0.2101145
16596	-425.4245	-564.7492	139.3247	2.612453	0.2422226
16602	-421.7775	-561.0847	139.3072	2.598179	0.2281193
16608	-418.13	-557.593	139.463	2.539539	0.2774636
16614	-418.7494	-557.8284	139.0791	2.761417	0.2035119
16620	-401.9014	-541.1852	139.2838	2.650115	0.240688
16626	-410.9702	-550.31	139.3398	2.650115	0.2698101
16632	-414.1083	-553.4177	139.3094	2.519001	0.1994216
16638	-412.4109	-552.3163	139.9054	2.218655	0.4016682
16644	-417.6439	-557.4941	139.8503	2.268811	0.3920674
16650	-410.7622	-550.907	140.1448	2.000734	0.5205533
16656	-403.7229	-543.3778	139.6549	2.437081	0.352656
16662	-404.7941	-544.7991	140.005	2.140037	0.4740017
16668	-408.3829	-548.0777	139.6947	2.351483	0.3082781
16674	-419.0271	-558.6257	139.5986	2.417222	0.2860141
16680	-418.6429	-558.315	139.6721	2.44597	0.390269
16686	-416.1591	-555.6984	139.5393	2.448101	0.2683689
16692	-410.9292	-550.988	140.0588	2.07664	0.4295338
16698	-411.205	-551.2505	140.0455	2.09793	0.5395736
16704	-408.9011	-548.9319	140.0308	2.086723	0.3892523
16710	-408.5144	-548.1329	139.6186	2.425101	0.3062416
16716	-413.9676	-553.6011	139.6335	2.425101	0.3186444
16722	-414.705	-554.4754	139.7704	2.28	0.3116916
16728	-420.3699	-560.456	140.0861	2.053484	0.4439201
16734	-411.4972	-551.5608	140.0636	2.081752	0.4772998
16740	-416.8652	-556.8219	139.9566	2.18874	0.4779043
16746	-415.2323	-554.9491	139.7169	2.34997	0.326131
16752	-417.4761	-557.5717	140.0957	1.656907	1.083657
16758	-427.3915	-567.6267	140.2352	1.599954	1.00436
16764	-416.2441	-556.3362	140.0922	1.526076	1.203113
16770	-414.5065	-554.5952	140.0887	1.662628	1.084763
16776	-413.1339	-553.2889	140.155	1.61073	1.071351
16782	-409.654	-549.9523	140.2983	1.652705	0.8807694
16788	-412.6619	-552.776	140.1141	1.533057	1.178177
16794	-415.6544	-555.7119	140.0575	1.58969	1.178177
16800	-415.9607	-556.0078	140.0471	1.761304	1.030722
16806	-408.9296	-549.2381	140.3085	1.761304	0.7220364
16812	-416.5343	-556.7569	140.2226	1.723585	0.886355
16818	-418.1516	-558.4264	140.2748	1.783819	0.7397199
16824	-410.7402	-551.0785	140.3382	1.640441	0.8479803
16830	-410.5486	-550.3274	139.7788	1.735815	1.289607
16836	-414.4108	-554.5514	140.1407	1.890568	0.7798028
16842	-415.204	-555.3233	140.1192	1.767389	0.9517302
16848	-413.2357	-553.3651	140.1293	1.634226	1.073411
16854	-410.5133	-550.5637	140.0504	1.636179	1.143562
16860	-414.7047	-554.889	140.1843	1.50231	1.143562
16866	-412.6452	-552.5278	139.8826	1.675344	1.253952
16872	-413.6894	-553.5578	139.8683	1.531034	1.38176
16878	-414.8349	-554.9121	140.0773	1.510006	1.229398
16884	-409.1933	-549.3453	140.1521	1.973818	0.6081897
16890	-403.8012	-543.8294	140.0282	2.115705	0.5358964
16896	-408.0967	-548.529	140.4323	1.589727	0.7923756
16902	-407.9814	-548.1821	140.2007	1.551917	1.083611
16908	-407.8675	-547.9177	140.0502	1.729813	1.05792
16914	-411.1897	-551.2623	140.0726	1.764919	1.002019
16920	-415.8259	-556.1144	140.2885	1.735898	0.7891551
16926	-416.7824	-556.8722	140.0898	2.052016	0.5492914
16932	-404.8104	-545.0309	140.2205	1.711205	0.9027635
16938	-408.9464	-549.1444	140.198	1.567466	1.071584
16944	-405.954	-545.913	139.959	1.691307	1.175479
16950	-420.832	-561.0798	140.2478	1.601726	0.9899322
16956	-410.2987	-550.4753	140.1767	1.518246	1.136104
16962	-404.1272	-544.2183	140.0911	1.477149	1.245392
16968	-407.3814	-547.7524	140.3711	1.583624	0.8765061
16974	-414.5382	-554.6835	140.1453	1.994411	0.5601059
16980	-413.3086	-553.669	140.3604	1.710026	0.7209642
16986	-419.0315	-559.2313	140.1999	1.64316	0.996512
16992	-408.7999	-548.9581	140.1582	1.709787	0.9710935
16998	-413.0112	-553.1061	140.0949	1.758508	0.9860742
17004	-414.3415	-554.6149	140.2734	1.598123	0.9674354
17010	-416.5175	-556.2075	139.6899	1.45348	1.575271
17016	-406.0214	-545.9037	139.8823	1.370232	1.494369
17022	-406.604	-546.7326	140.1286	1.2458	1.401281
17028	-402.1144	-541.936	139.8216	1.2548	1.624053
17034	-404.0556	-543.982	139.9263	1.078384	1.675443
17040	-416.2153	-556.2447	140.0294	1.477117	1.29628
17046	-413.891	-554.1119	140.2209	1.773764	0.8281132
17052	-411.2065	-551.4682	140.2617	1.845783	0.6526365
17058	-412.9302	-553.3105	140.3803	1.673587	0.7468762
17064	-419.3412	-559.441	140.0999	1.951318	0.7509945
17070	-406.7085	-546.8964	140.1879	1.593844	1.056232
17076	-403.1565	-543.3794	140.2229	1.490616	1.119442
17082	-409.4442	-549.4197	139.9755	1.447489	1.363173
17088	-408.3367	-548.2387	139.9021	1.503035	1.377252
17094	-406.9711	-547.1068	140.1357	1.59485	1.103973
17100	-407.7361	-547.8778	140.1417	1.486401	1.194662
17106	-413.7538	-553.9889	140.2351	1.531211	1.070869
17112	-414.3717	-554.3587	139.987	1.895407	0.9561693
17118	-405.7954	-546.0328	140.2373	1.892412	0.5969177
17124	-406.6688	-547.1074	140.4386	1.691586	0.5953534
17130	-401.6515	-541.5392	139.8877	1.654578	1.26691
17136	-409.6657	-549.9377	140.272	1.791075	0.7328311
17142	-411.893	-552.218	140.325	1.791075	0.6334377
17148	-414.3202	-554.6163	140.2961	1.819926	0.6334377
17154	-410.2231	-550.3824	140.1593	1.931882	0.68506
17160	-419.5829	-559.612	140.0291	1.764217	1.045232
17166	-413.595	-553.8806	140.2856	1.851486	0.5713291
17172	-411.475	-551.4742	139.9991	2.146964	0.4876354
17178	-413.8955	-554.0434	140.1479	1.97601	0.6136916
17184	-412.4109	-552.6144	140.2035	1.856523	0.7374741
17190	-414.3172	-554.495	140.1778	1.751275	0.9057191
17196	-405.0809	-545.3859	140.305	1.624113	0.9057191
17202	-408.7277	-549.0637	140.336	1.433622	1.067712
17208	-404.4582	-544.4345	139.9762	1.449075	1.361355
17214	-406.1461	-546.4272	140.2811	1.485788	1.070276
17220	-403.8269	-544.0354	140.2085	1.522423	1.103593
17226	-404.3503	-544.6047	140.2544	1.440563	1.1361
17232	-409.059	-549.5635	140.5044	1.440563	0.887709
17238	-408.892	-549.0008	140.1087	1.988595	0.673386
17244	-409.7413	-549.9814	140.2401	1.857196	0.673386
17250	-411.7982	-552.078	140.2798	1.786243	0.7280256
17256	-421.0687	-560.7413	139.6726	1.722056	1.385456
17262	-421.4317	-561.1558	139.724	1.478705	1.531525
17268	-413.718	-553.8474	140.1294	1.549102	1.150669
17274	-416.9386	-557.0422	140.1036	1.58191	1.144511
17280	-415.3768	-555.0049	139.6281	1.670752	1.459303
17286	-416.6425	-556.0569	139.4144	1.310848	1.870175
17292	-413.9765	-554.3538	140.3774	1.287635	1.162598
17298	-406.8254	-546.4647	139.6393	1.303089	1.71964
17304	-407.8248	-547.5958	139.7709	1.425639	1.5361
17310	-400.3558	-540.275	139.9192	1.327776	1.498518
17316	-402.9677	-542.4065	139.4388	1.380589	1.805494
17322	-403.766	-544.0202	140.2542	1.699359	0.8778456
17328	-402.4894	-542.4268	139.9374	1.600657	1.27043
17334	-410.4564	-550.0288	139.5724	1.299183	1.76925
17340	-409.7149	-549.7725	140.0576	1.307551	1.408441
17346	-402.7725	-542.4995	139.727	1.522674	1.496485
17352	-403.0355	-543.1902	140.1547	1.599345	1.082331
17358	-409.6501	-549.7974	140.1473	1.891633	0.768893
17364	-409.0366	-549.2193	140.1827	1.882364	0.7296789
17370	-407.9266	-548.185	140.2584	1.818352	0.7104772
17376	-403.9856	-544.1439	140.1582	1.813338	0.8565921
17382	-409.6637	-549.975	140.3113	1.425169	1.098476
17388	-408.931	-549.2559	140.3249	1.433458	1.078274
17394	-408.262	-548.2481	139.9861	1.49598	1.316066
17400	-426.164	-565.9476	139.7835	1.428987	1.524288
17406	-419.3186	-559.255	139.9363	1.276177	1.524288
17412	-423.5558	-563.2285	139.6727	1.143198	1.807884
17418	-421.521	-561.0157	139.4947	1.321221	1.807884
17424	-428.8468	-568.2569	139.4101	1.265802	1.903703
17430	-423.4654	-562.8402	139.3748	1.301158	1.903703
17436	-425.8217	-565.9325	140.1108	1.608453	1.114246
17442	-417.827	-558.0383	140.2114	1.860876	0.7180448
17448	-418.0024	-558.2524	140.25	1.552823	1.036045
17454	-421.1155	-561.0326	139.9171	1.779375	1.134732
17460	-415.2088	-555.2918	140.0829	1.666558	1.0865
17466	-412.3476	-552.5197	140.1721	1.644142	1.023019
17472	-414.5458	-554.7821	140.2363	1.668645	0.9322321
17478	-418.3808	-558.5693	140.1885	1.783106	0.8565403
17484	-410.941	-551.0437	140.1027	2.034855	0.4363013
17490	-412.7261	-552.3929	139.6668	2.440815	0.3734224
17496	-408.1872	-548.2036	140.0164	2.124023	0.4473669
17502	-413.7508	-553.863	140.1121	2.028281	0.4473669
17508	-415.5239	-555.5586	140.0347	2.111334	0.4873834
17514	-412.8349	-553.0251	140.1902	1.955864	0.4873834
17520	-406.4744	-546.419	139.9445	2.20153	0.4873834
17526	-408.7113	-548.9136	140.2024	1.90426	0.6545873
17532	-402.0891	-542.3072	140.2181	1.924769	0.5432165
17538	-407.09	-547.2789	140.1888	1.704902	0.94417
17544	-406.245	-546.2013	139.9564	2.015963	0.8556666
17550	-400.5945	-540.7422	140.1477	1.769072	0.9193373
17556	-404.0572	-544.1782	140.1211	1.798938	0.9157735
17562	-394.752	-534.892	140.14	1.780038	0.9157735
17568	-401.7275	-542.0889	140.3614	1.558558	0.9157735
17574	-404.2269	-544.538	140.3111	1.608918	0.9157735
17580	-407.779	-548.1841	140.4051	1.457516	0.9766563
17586	-410.8609	-551.0112	140.1504	1.580076	1.104022
17592	-400.0068	-540.2566	140.2497	1.523597	1.064226
17598	-405.7779	-545.8987	140.1208	1.738299	0.9802788
17604	-395.5382	-535.5772	140.039	1.698079	1.097992
17610	-402.907	-543.1457	140.2387	1.692778	0.9030358
17616	-419.8996	-559.3036	139.404	1.505445	1.74282
17622	-429.1073	-569.2191	140.1118	1.631097	1.092627
17628	-418.9683	-559.0095	140.0412	1.388313	1.358058
17634	-416.5176	-556.3591	139.8415	1.657761	1.302149
17640	-416.8089	-556.9257	140.1168	1.842164	0.8715836
17646	-412.2217	-552.032	139.8103	1.690821	1.300651
17652	-406.0936	-546.3966	140.3029	1.521775	1.014716
17658	-409.8889	-549.464	139.5751	1.473435	1.644111
17664	-405.9421	-545.739	139.7969	1.653568	1.341419
17670	-407.7439	-547.9619	140.218	1.546458	1.072597
17676	-413.9764	-554.2697	140.2933	1.489707	1.055049
17682	-406.0383	-546.1462	140.1079	1.419837	1.278899
17688	-405.3253	-545.0284	139.703	1.493078	1.536449
17694	-414.0006	-553.3359	139.3354	1.291151	1.93711
17700	-412.7697	-552.9058	140.1361	1.491327	1.195249
17706	-413.3988	-553.418	140.0193	1.593958	1.207382
17712	-421.447	-560.9019	139.4549	1.342902	1.820392
17718	-416.1909	-556.1344	139.9436	1.126669	1.628471
17724	-417.94	-557.9223	139.9823	2.148294	0.5942089
17730	-423.9247	-564.0557	140.131	2.013349	0.5322519
17736	-413.4132	-553.4193	140.006	2.13667	0.5441761
17742	-414.8662	-555.1002	140.2339	1.902453	0.5740714
17748	-416.7193	-556.9121	140.1928	1.868999	0.734788
17754	-419.496	-559.5482	140.0522	2.094174	0.4976285
17760	-422.6518	-562.717	140.0652	2.077656	0.5431501
17766	-414.6359	-554.8509	140.215	1.81718	0.7784185
17772	-407.9402	-548.2073	140.2671	1.804163	0.719561
17778	-410.4614	-550.7146	140.2532	1.81887	0.7183062
17784	-404.2952	-544.1365	139.8413	1.624471	1.329197
17790	-414.2137	-554.2169	140.0032	1.396622	1.381385
17796	-407.6302	-547.0599	139.4297	1.414692	1.788164
17802	-420.6574	-560.514	139.8566	1.945851	1.036473
17808	-414.1555	-554.4108	140.2553	1.484371	1.09559
17814	-412.5976	-552.3422	139.7446	1.604409	1.420907
17820	-424.2819	-563.7765	139.4946	1.320174	1.808683
17826	-438.9005	-578.5313	139.6308	1.080451	1.879698
17832	-425.2376	-565.3458	140.1083	1.889715	0.8239881
17838	-417.5489	-557.4836	139.9347	1.645044	1.235702
17844	-424.279	-564.3097	140.0307	1.485653	1.288231
17850	-427.7479	-566.7428	138.9949	1.305716	2.152868
17856	-432.7589	-572.4904	139.7315	1.276851	1.672874
17862	-428.2912	-566.6121	138.3209	1.287211	2.591916
17868	-416.1274	-555.795	139.6676	1.555466	1.516421
17874	-417.6185	-557.1852	139.5667	1.41958	1.688587
17880	-410.4955	-549.602	139.1066	1.451061	1.983351
17886	-405.8813	-546.1787	140.2974	1.368946	1.161414
17892	-406.7465	-546.7398	139.9933	1.627573	1.200806
17898	-410.086	-550.0249	139.9389	1.54912	1.311236
17904	-417.2651	-557.4309	140.1658	1.599645	1.071639
17910	-406.7905	-546.9267	140.1362	1.740383	0.9621993
17916	-406.9735	-547.1629	140.1895	1.69023	0.9589799
17922	-416.8797	-557.0093	140.1296	1.981335	0.6451748
17928	-416.4962	-556.6071	140.111	2.026505	0.5697287
17934	-403.0474	-543.2975	140.2502	1.804357	0.7459469
17940	-412.3608	-552.4689	140.1081	1.789982	0.9395187
17946	-419.0907	-559.2055	140.1148	1.569874	1.14522
17952	-412.9689	-552.9541	139.9852	2.150384	0.5773361
17958	-415.6899	-555.7697	140.0798	2.066056	0.5167251
17964	-410.1287	-550.3232	140.1945	1.909776	0.6595113
17970	-413.6077	-553.7441	140.1364	1.998599	0.5794487
17976	-423.8761	-563.9999	140.1238	2.021907	0.5193427
17982	-426.6489	-566.7821	140.1333	1.947043	0.704428
17988	-420.5712	-560.6431	140.0719	2.074527	0.5012319
17994	-411.0992	-551.207	140.1078	1.877619	0.8397058
18000	-406.7755	-546.6161	139.8406	1.634426	1.321726
18006	-403.4669	-543.4148	139.9479	1.667646	1.205424
18012	-409.4092	-549.406	139.9968	1.784813	1.056364
18018	-411.5804	-551.8126	140.2322	1.735428	0.8612742
18024	-415.1886	-555.324	140.1354	1.70842	0.9957271
18030	-415.6794	-555.9329	140.2535	1.776539	0.7813986
18036	-415.8822	-556.0325	140.1503	1.771431	0.9138776
18042	-410.629	-550.701	140.072	1.665802	1.097319
18048	-420.2891	-560.2528	139.9637	1.438211	1.379787
18054	-417.3963	-557.3366	139.9403	1.465893	1.376398
18060	-413.7653	-552.8878	139.1225	1.25336	2.103665
18066	-410.0138	-550.1529	140.1392	1.661261	1.038378
18072	-419.0633	-558.836	139.7727	1.472141	1.500114
18078	-416.607	-556.4404	139.8334	1.502592	1.430968
18084	-413.3022	-552.8883	139.5861	1.352017	1.722631
18090	-414.4696	-554.1388	139.6693	1.274877	1.718399
18096	-411.7786	-549.3207	137.5421	1.120286	3.164589
18102	-414.4164	-553.7775	139.3611	0.9973899	2.115045
18108	-409.4023	-549.0303	139.628	1.239851	1.771892
18114	-409.3945	-548.8602	139.4657	1.232916	1.888324
18120	-406.5512	-545.6679	139.1167	0.9815077	2.283524
18126	-408.4894	-547.9142	139.4248	1.032279	2.050197
18132	-418.8509	-558.7484	139.8975	1.299084	1.536098
18138	-418.8271	-557.7068	138.8797	1.241872	2.268563
18144	-415.7278	-555.1158	139.3881	1.138227	2.004268
18150	-424.8545	-564.6949	139.8404	1.258535	1.607704
18156	-422.8153	-561.3608	138.5455	1.498401	2.318215
18162	-416.9104	-557.043	140.1326	1.51726	1.175803
18168	-413.7337	-553.6194	139.8857	1.394096	1.47377
18174	-409.2434	-549.1462	139.9027	1.377107	1.47377
18180	-414.8442	-555.0157	140.1716	1.637966	1.029572
18186	-421.0519	-561.2454	140.1935	1.679508	0.9659809
18192	-422.2556	-562.4752	140.2196	1.653389	0.9659809
18198	-418.1355	-558.0617	139.9262	1.133289	1.636185
18204	-414.3948	-553.9914	139.5966	1.594245	1.54035
18210	-408.2285	-548.0604	139.8319	1.623422	1.337501
18216	-411.8878	-551.2731	139.3854	1.500315	1.759422
18222	-407.2577	-547.3104	140.0527	1.678033	1.103767
18228	-414.0591	-554.1291	140.0699	1.55384	1.198349
18234	-413.8303	-553.8348	140.0045	1.619317	1.198349
18240	-415.8923	-555.871	139.9787	1.818191	1.041835
18246	-411.0917	-551.143	140.0513	1.843189	0.9434166
18252	-408.3431	-548.3383	139.9952	1.973621	0.859906
18258	-403.8149	-544.0487	140.2337	1.757644	0.8322908
18264	-406.1735	-545.6967	139.5232	1.645106	1.556995
18270	-406.3867	-546.2096	139.823	1.539849	1.410229
18276	-403.0042	-543.0158	140.0116	1.494372	1.296682
18282	-407.8781	-548.2125	140.3344	1.663965	0.823466
18288	-399.2517	-539.3388	140.0871	1.701817	1.049439
18294	-405.7889	-545.9626	140.1736	1.795978	0.8589589
18300	-411.8104	-552.1168	140.3064	1.795978	0.6633783
18306	-411.0584	-551.3443	140.2859	1.661397	0.885069
18312	-412.9044	-553.2227	140.3183	1.553673	0.9670081
18318	-412.5463	-552.601	140.0546	1.677519	1.102465
18324	-417.1822	-557.4443	140.2622	1.640872	0.934247
18330	-409.5876	-549.7862	140.1986	1.344776	1.266036
18336	-414.5317	-554.6711	140.1394	1.357782	1.303838
18342	-412.0968	-552.006	139.9092	1.482348	1.38791
18348	-405.5233	-545.7182	140.1949	1.94497	0.559128
18354	-407.4307	-547.5333	140.1026	2.037292	0.559128
18360	-405.8278	-545.997	140.1692	1.967317	0.5734673
18366	-410.0108	-549.8572	139.8465	2.279712	0.4061148
18372	-399.4274	-539.366	139.9385	2.2006	0.4420867
18378	-401.9929	-542.039	140.0461	2.097691	0.4647827
18384	-411.4931	-551.4713	139.9782	2.16531	0.5391938
18390	-405.1976	-545.3483	140.1507	1.943534	0.6793598
18396	-412.7143	-552.7231	140.0088	2.118493	0.6042791
18402	-416.397	-556.4744	140.0774	2.052236	0.5971688
18408	-414.9276	-554.9916	140.064	2.043557	0.6526262
18414	-418.9643	-559.0797	140.1154	1.852892	0.8605652
18420	-419.61	-559.8699	140.2599	1.708342	0.8605652
18426	-408.9776	-548.9989	140.0213	2.020652	0.7646493
18432	-408.9403	-549.2435	140.3032	1.686877	0.8339305
18438	-406.5823	-546.3381	139.7558	1.304065	1.63596
18444	-407.2892	-546.9559	139.6667	1.11171	1.833757
18450	-404.2188	-543.8033	139.5845	1.136789	1.872847
18456	-400.8211	-540.7696	139.9485	1.360222	1.451807
18462	-397.2288	-537.2022	139.9734	1.335322	1.451807
18468	-404.5196	-544.8344	140.3148	1.54811	0.9763602
18474	-413.9715	-553.5753	139.6038	1.745522	1.420665
18480	-405.0653	-545.0264	139.9612	1.460133	1.364529
18486	-410.9202	-550.8491	139.9289	1.492406	1.364529
18492	-402.8855	-543.1783	140.2928	1.280235	1.241386
18498	-400.9259	-541.1586	140.2327	1.672686	0.9316628
18504	-409.2847	-549.4524	140.1676	1.72066	0.9499464
18510	-407.7708	-548.1024	140.3317	1.778008	0.6480191
18516	-408.1449	-548.3788	140.2339	1.842822	0.7105148
18522	-410.5063	-550.6723	140.166	1.930522	0.6749186
18528	-409.7629	-550.1086	140.3457	1.708562	0.746405
18534	-406.6807	-547.0013	140.3206	1.366175	1.143375
18540	-410.4345	-549.8062	139.3717	1.253204	1.93822
18546	-410.2072	-550.1467	139.9394	1.05721	1.681212
18552	-408.5021	-547.4805	138.9784	1.063453	2.319506
18558	-406.0623	-544.7553	138.693	0.8660793	2.62225
18564	-408.9243	-547.7385	138.8142	1.460687	2.169623
18570	-410.2739	-550.1877	139.9138	1.498307	1.371768
18576	-407.8574	-548.1153	140.2579	1.722995	0.8452502
18582	-409.681	-549.7807	140.0998	2.042403	0.5473525
18588	-408.9433	-549.0482	140.1049	2.029344	0.5819262
18594	-405.9307	-545.9768	140.0461	2.092339	0.5657641
18600	-413.6219	-553.8261	140.2042	1.724157	0.9064941
18606	-408.6532	-548.7621	140.1088	1.749119	0.981409
18612	-409.3891	-549.5729	140.1838	1.482829	1.161137
18618	-407.6836	-547.9092	140.2256	1.533743	1.077384
18624	-409.5744	-549.6116	140.0372	1.517365	1.256786
18630	-411.3034	-551.4691	140.1657	1.511029	1.152304
18636	-403.5098	-543.4595	139.9498	1.695299	1.18
18642	-399.2038	-539.4047	140.2009	1.652769	0.9857913
18648	-399.3877	-539.5495	140.1618	1.722814	0.9538069
18654	-401.7883	-541.9386	140.1503	1.746832	0.9405273
18660	-403.6602	-543.925	140.2647	1.704662	0.8591842
18666	-404.6962	-545.0441	140.3478	1.511615	0.9799023
18672	-407.5693	-547.6377	140.0685	1.878227	0.8857631
18678	-402.361	-542.4491	140.0881	1.796466	0.953883
18684	-400.0379	-540.3167	140.2788	1.532668	1.027686
18690	-407.2054	-547.2985	140.0931	1.718399	1.027686
18696	-406.944	-547.1065	140.1625	1.964021	0.6064562
18702	-407.4153	-547.4044	139.9891	2.155161	0.5330406
18708	-414.8496	-554.9258	140.0761	2.068515	0.5299937
18714	-414.1979	-554.5204	140.3224	1.822234	0.5299937
18720	-412.0691	-552.274	140.2049	1.923155	0.6018242
18726	-420.4777	-560.3711	139.8934	1.401945	1.462028
18732	-415.987	-555.9081	139.921	1.812399	1.101308
18738	-418.2199	-558.2749	140.055	1.75269	1.031333
18744	-430.9974	-570.8459	139.8485	1.820729	1.158884
18750	-424.7104	-563.4762	138.7658	0.8483331	2.588187
18756	-423.7287	-562.7875	139.0588	1.145699	2.215194
18762	-418.9123	-559.0382	140.1258	1.620756	1.089201
18768	-414.4567	-554.5269	140.0702	1.626567	1.13447
18774	-415.4212	-555.6685	140.2473	1.531343	1.059198
18780	-413.98	-554.0756	140.0956	1.490734	1.230178
18786	-427.8366	-567.4641	139.6276	1.431494	1.636534
18792	-425.0064	-564.1118	139.1054	1.36274	2.042862
18798	-419.9121	-559.9789	140.0668	1.438521	1.297231
18804	-412.9086	-552.8775	139.9689	1.454991	1.362474
18810	-436.8336	-575.6423	138.8087	1.330121	2.257459
18816	-433.9794	-573.6934	139.714	1.371128	1.617698
18822	-424.0655	-563.6397	139.5742	1.607749	1.546947
18828	-417.7918	-557.8955	140.1038	1.342034	1.345117
18834	-420.7996	-560.8904	140.0908	1.527911	1.202676
18840	-427.8129	-567.4266	139.6137	1.463685	1.62332
18846	-427.4648	-567.6643	140.1995	1.694229	0.9442011
18852	-419.4732	-558.5924	139.1193	1.291917	2.080485
18858	-415.6843	-555.1278	139.4436	1.330212	1.836915
18864	-422.2839	-561.5071	139.2232	1.155859	2.101584
18870	-420.1202	-559.3488	139.2286	0.902152	2.262657
18876	-422.2988	-559.6949	137.3961	0.8902703	3.386481
18882	-412.8744	-552.2689	139.3945	1.1575	1.987095
18888	-413.9717	-554.0143	140.0426	1.335126	1.398694
18894	-422.078	-562.0647	139.9867	1.054776	1.649191
18900	-417.8414	-556.761	138.9195	1.353324	2.170921
18906	-406.0099	-545.6512	139.6413	1.287188	1.72942
18912	-409.8871	-550.0188	140.1317	1.383976	1.288792
18918	-408.9922	-548.9452	139.953	1.596345	1.261052
18924	-412.4031	-552.0574	139.6542	1.682107	1.430681
18930	-417.1205	-557.2285	140.1079	1.361936	1.32588
18936	-406.2676	-546.3622	140.0946	1.694401	1.049348
18942	-409.2249	-549.4111	140.1862	1.916923	0.661849
18948	-405.6352	-545.6851	140.05	1.689642	1.095618
18954	-398.6571	-538.7511	140.094	1.941688	0.7735484
18960	-399.0267	-539.3193	140.2925	1.805657	0.6717178
18966	-409.6077	-549.7345	140.1268	1.485457	1.208234
18972	-408.2044	-548.211	140.0066	1.556215	1.249929
18978	-411.6161	-551.9045	140.2884	1.609215	0.9400494
18984	-407.2436	-547.3957	140.1521	1.84526	0.824696
18990	-405.2076	-545.5597	140.352	1.778336	0.5948856
18996	-405.6245	-545.9548	140.3303	1.767808	0.6718903
19002	-403.4237	-543.6838	140.2601	1.886253	0.5050294
19008	-401.8687	-542.0183	140.1496	1.83654	0.8388761
19014	-404.2114	-544.4969	140.2856	1.82631	0.6431292
19020	-405.7499	-545.9577	140.2078	1.661518	0.9697161
19026	-411.2733	-551.5777	140.3044	1.45	1.081934
19032	-417.8351	-558.0848	140.2496	1.487962	1.097476
19038	-414.3755	-554.6435	140.2681	1.756868	0.7884717
19044	-415.8578	-555.9668	140.109	1.801974	0.9256081
19050	-413.2073	-553.3219	140.1146	1.742358	0.9823878
19056	-416.9594	-557.2055	140.2462	1.769286	0.8012389
19062	-416.7981	-556.9325	140.1345	1.635038	1.067842
19068	-416.0287	-556.2692	140.2404	1.779843	0.7947955
19074	-415.5875	-555.7592	140.1717	1.824485	0.8262279
19080	-413.0483	-552.9258	139.8776	1.629272	1.295984
19086	-402.9623	-543.3028	140.3405	1.593019	0.9007405
19092	-405.6051	-544.9687	139.3636	1.535243	1.750226
19098	-396.1937	-536.2317	140.038	1.099552	1.57956
19104	-407.759	-547.5344	139.7754	1.511195	1.468664
19110	-403.7957	-543.9228	140.1271	1.595275	1.1114
19116	-395.7636	-536.0554	140.2918	1.6449	0.8971396
19122	-390.4367	-530.603	140.1663	1.83489	0.8198704
19128	-400.2876	-540.4452	140.1576	1.965932	0.6146877
19134	-401.6381	-541.767	140.1289	1.67646	1.033617
19140	-407.0207	-547.0964	140.0757	1.572338	1.177425
19146	-399.7799	-539.9131	140.1332	1.665688	1.039877
19152	-402.6248	-542.0763	139.4515	1.586954	1.651337
19158	-407.3359	-546.8373	139.5013	1.54666	1.644485
19164	-412.2259	-552.2013	139.9754	1.417747	1.38661
19170	-410.7084	-550.2955	139.5871	1.429215	1.667188
19176	-413.0936	-553.3558	140.2622	1.439282	1.13022
19182	-409.9442	-550.268	140.3238	1.75155	0.712845
19188	-412.5571	-552.8195	140.2624	1.781342	0.7620283
19194	-413.5953	-553.5234	139.9281	1.511297	1.350193
19200	-409.6116	-549.6533	140.0417	1.648642	1.140163
19206	-411.1932	-551.4097	140.2165	1.730495	0.8854187
19212	-418.29	-558.5749	140.2849	1.836997	0.6190174
19218	-411.0396	-551.3625	140.3229	1.736467	0.738622
19224	-420.3817	-560.5752	140.1935	1.936112	0.5973056
19230	-407.8408	-548.1077	140.2669	1.638618	0.9316028
19236	-417.9101	-558.0811	140.171	1.91156	0.7005299
19242	-412.0606	-552.1715	140.1109	2.029051	0.5590366
19248	-407.7649	-547.9358	140.1709	1.961042	0.5899061
19254	-406.3275	-546.5342	140.2067	1.910343	0.631099
19260	-403.9512	-544.3198	140.3686	1.67587	0.7609469
19266	-407.602	-547.9364	140.3343	1.763375	0.6727072
19272	-409.051	-549.3805	140.3294	1.620805	0.8816834
19278	-412.3188	-552.6896	140.3709	1.579365	0.8816834
19284	-407.0466	-547.2088	140.1622	1.838597	0.8203113
19290	-407.5539	-547.6825	140.1286	1.973754	0.6634184
19296	-408.0219	-548.0095	139.9876	1.957701	0.8873594
19302	-404.4821	-544.5095	140.0274	1.987929	0.8014146
19308	-412.9381	-553.0148	140.0767	2.063355	0.5585689
19314	-396.2785	-536.2546	139.976	2.164002	0.5585689
19320	-397.4949	-537.476	139.9811	2.164002	0.5256329
19326	-402.6162	-542.7707	140.1544	1.910901	0.7292348
19332	-407.9729	-548.1932	140.2204	1.786793	0.8121382
19338	-400.8101	-541.1704	140.3603	1.655123	0.8013454
19344	-409.6929	-549.8141	140.1212	1.818549	0.8937539
19350	-407.0193	-547.1784	140.1591	1.68084	0.9996396
19356	-417.149	-556.9631	139.8141	1.588686	1.379097
19362	-418.0566	-557.8072	139.7506	1.4744	1.514955
19368	-415.0318	-555.2076	140.1758	1.410588	1.230133
19374	-412.3063	-552.368	140.0617	1.607521	1.158899
19380	-417.5284	-557.5898	140.0614	1.302769	1.409218
19386	-414.2992	-554.2906	139.9913	1.189128	1.548024
19392	-401.7802	-541.4993	139.7191	1.461355	1.548024
19398	-406.4149	-545.8717	139.4569	1.553593	1.671354
19404	-406.4172	-546.5614	140.1443	1.392857	1.271193
19410	-420.0611	-560.0269	139.9658	1.296628	1.486911
19416	-427.4634	-566.9241	139.4607	1.414968	1.766421
19422	-415.7029	-555.7718	140.0688	1.624874	1.137209
19428	-404.1839	-544.4035	140.2196	1.70494	0.9107941
19434	-405.902	-545.9199	140.0179	2.11975	0.4366779
19440	-406.9989	-546.9403	139.9414	2.204861	0.4913042
19446	-407.1619	-547.441	140.2791	1.746909	0.7869911
19452	-404.3385	-544.5896	140.2511	1.67859	0.9050785
19458	-410.872	-551.0693	140.1973	1.682278	0.9591443
19464	-412.6181	-552.8539	140.2357	1.643802	0.9591443
19470	-416.1396	-556.3041	140.1645	1.812488	0.8500469
19476	-419.6993	-559.6248	139.9255	1.410456	1.430979
19482	-412.9462	-553.0698	140.1236	1.800011	0.9117916
19488	-419.2821	-559.1799	139.8978	1.61058	1.294733
19494	-418.5673	-558.6669	140.0996	1.67343	1.064552
19500	-411.3124	-551.2967	139.9843	1.544565	1.277948
19506	-414.8166	-554.6008	139.7842	1.432939	1.520807
19512	-409.2228	-548.8748	139.652	1.313482	1.703308
19518	-409.6476	-549.2876	139.6401	1.329355	1.700518
19524	-406.2254	-545.8424	139.617	1.352448	1.700518
19530	-406.6618	-546.2601	139.5983	1.371145	1.700518
19536	-411.3056	-551.187	139.8813	1.68527	1.24673
19542	-411.4893	-550.6162	139.1269	1.509739	1.930264
19548	-409.1652	-548.4142	139.2489	1.232013	2.034392
19554	-402.6818	-542.749	140.0672	1.758511	1.013747
19560	-408.9595	-549.037	140.0776	1.913749	0.832358
19566	-411.7115	-551.9321	140.2206	1.885529	0.6556753
19572	-412.6674	-552.6503	139.9828	1.427854	1.372894
19578	-407.1148	-546.894	139.7792	1.418454	1.53531
19584	-412.3976	-551.5063	139.1087	1.231102	2.127279
19590	-416.7169	-556.4589	139.742	1.449789	1.539671
19596	-411.4267	-551.1628	139.7361	1.455629	1.539671
19602	-412.6835	-552.1122	139.4287	1.442489	1.769536
19608	-406.7842	-546.5283	139.7441	1.470205	1.522967
19614	-410.6313	-550.7836	140.1523	1.722605	0.9639639
19620	-409.2664	-549.2191	139.9527	1.826321	1.058841
19626	-405.7143	-545.8517	140.1374	1.641637	1.058841
19632	-408.2428	-548.2598	140.017	1.49948	1.288145
19638	-409.5319	-549.3066	139.7747	1.287252	1.634427
19644	-411.2235	-551.1158	139.8923	1.169666	1.634427
19650	-411.7601	-551.2767	139.5166	1.360451	1.765456
19656	-413.0566	-552.8774	139.8208	1.504511	1.439151
19662	-412.8099	-552.7432	139.9333	1.392009	1.439151
19668	-412.1579	-552.3427	140.1849	1.523748	1.123838
19674	-416.9311	-557.2101	140.2789	1.557844	1.002751
19680	-407.2255	-547.4218	140.1963	1.807639	0.816384
19686	-408.806	-549.1955	140.3894	1.646461	0.7732418
19692	-413.0028	-553.4049	140.4022	1.648042	0.7524539
19698	-410.9591	-551.3428	140.3837	1.636903	0.7943422
19704	-413.115	-553.3698	140.2548	1.656004	0.9257915
19710	-414.0635	-554.1601	140.0966	1.688852	1.052786
19716	-423.7155	-564.0241	140.3087	1.694613	0.817168
19722	-417.7964	-558.1729	140.3766	1.685182	0.7348311
19728	-412.9218	-553.1846	140.2628	1.636137	0.9386444
19734	-406.8936	-546.5685	139.6749	1.605594	1.473252
19740	-411.7372	-551.6888	139.9516	1.21765	1.556292
19746	-415.1961	-553.6829	138.4869	1.344133	2.452891
19752	-414.4806	-553.8824	139.4018	1.510558	1.740726
19758	-409.8875	-549.8913	140.0038	1.517043	1.284556
19764	-422.0346	-561.736	139.7013	1.446309	1.572185
19770	-418.2881	-558.5244	140.2363	1.706195	0.8905927
19776	-415.1797	-555.3481	140.1684	1.945222	0.6392025
19782	-417.1912	-557.4028	140.2116	1.734645	0.8862981
19788	-424.9284	-565.2742	140.3458	1.703838	0.7532668
19794	-421.6902	-561.8364	140.1462	1.946221	0.6827419
19800	-413.831	-554.2764	140.4454	1.673472	0.6267115
19806	-412.3508	-552.3815	140.0307	2.112727	0.4625659
19812	-411.5463	-551.5925	140.0461	2.094153	0.4466933
19818	-405.6691	-545.758	140.0889	2.014206	0.6618857
19824	-399.7222	-539.8089	140.0867	2.050525	0.570827
19830	-406.207	-546.5958	140.3888	1.720056	0.6497348
19836	-419.9116	-560.0095	140.0979	2.010953	0.6497348
19842	-409.9037	-549.8035	139.8998	2.214202	0.3833216
19848	-410.49	-550.7059	140.2159	1.926533	0.5456154
19854	-414.3258	-554.5328	140.207	1.935458	0.5456154
19860	-408.8968	-549.2632	140.3664	1.735261	0.6648162
19866	-402.709	-542.7906	140.0815	2.06448	0.4862413
19872	-407.3196	-547.5683	140.2487	1.880863	0.5975147
19878	-408.0792	-548.2644	140.1852	1.938405	0.6143407
19884	-410.9096	-551.0087	140.0991	2.038528	0.5691367
19890	-405.2513	-545.6012	140.3499	1.548846	0.9388195
19896	-419.1902	-559.3717	140.1815	1.384234	1.247498
19902	-415.0712	-554.9572	139.886	1.332984	1.519483
19908	-413.5733	-553.011	139.4377	1.273426	1.879795
19914	-422.9111	-562.4517	139.5406	1.187352	1.868326
19920	-419.6745	-560.224	140.5496	1.455097	0.8154024
19926	-411.5164	-551.9049	140.3885	1.679519	0.7249177
19932	-415.6003	-555.8798	140.2795	1.549303	1.010679
19938	-407.7103	-547.9061	140.1958	1.543724	1.095686
19944	-406.6925	-546.7619	140.0694	1.732243	1.037179
19950	-404.5598	-544.7854	140.2256	1.855324	0.7033939
19956	-407.9091	-547.9716	140.0624	1.437453	1.30165
19962	-409.5806	-549.7767	140.196	1.48396	1.149397
19968	-404.0524	-544.3381	140.2856	1.684785	0.8579829
19974	-414.7083	-554.9803	140.272	1.86943	0.551423
19980	-410.2437	-550.3683	140.1246	2.016815	0.551423
19986	-408.2613	-548.5743	140.313	1.789126	0.6639042
19992	-412.8735	-553.0395	140.166	1.720026	0.9523812
19998	-419.0731	-559.066	139.9929	1.67221	1.162499
20004	-414.8678	-554.768	139.9002	1.470808	1.403868
20010	-413.8534	-553.8859	140.0325	1.578221	1.209492
20016	-418.0812	-558.5271	140.4459	1.436853	0.9557854
20022	-408.5087	-548.7156	140.2069	1.551867	1.077868
20028	-404.7849	-544.8254	140.0406	1.676573	1.116148
20034	-401.1836	-541.3946	140.211	1.811433	0.7919178
20040	-406.1368	-546.1448	140.0081	1.893083	0.9362827
20046	-412.0864	-552.3923	140.3058	1.762802	0.7238789
20052	-421.386	-560.9633	139.5772	1.451389	1.658369
20058	-426.6049	-565.5828	138.9779	1.22225	2.218017
20064	-407.5794	-547.6748	140.0953	2.048947	0.4682895
20070	-411.6066	-551.6956	140.089	2.0553	0.4682895
20076	-417.1933	-557.209	140.0157	1.691072	1.125489
20082	-417.0731	-557.3674	140.2943	1.730817	0.7882221
20088	-415.2413	-555.5197	140.2783	1.771253	0.7533691
20094	-416.4446	-556.7911	140.3465	1.783098	0.5971902
20100	-415.0719	-555.2562	140.1844	1.960693	0.5263314
20106	-413.7198	-553.7711	140.0513	1.951131	0.8182957
20112	-410.7796	-551.1058	140.3262	1.676169	0.8182957
20118	-411.1894	-551.1795	139.9901	1.555081	1.264508
20124	-419.8121	-559.265	139.4529	1.233275	1.896739
20130	-417.4846	-557.6671	140.1826	1.675977	0.9807987
20136	-421.7927	-561.9904	140.1977	1.73427	0.9024889
20142	-415.8743	-555.7596	139.8853	1.513505	1.38219
20148	-412.6137	-552.7	140.0863	1.749973	1.003265
20154	-416.842	-556.8808	140.0389	1.467027	1.296748
20160	-418.2026	-558.1641	139.9614	1.544462	1.296748
20166	-421.8588	-562.0426	140.1838	1.757775	0.8916524
20172	-415.3593	-555.6097	140.2504	1.652165	0.9347126
20178	-416.8297	-557.1108	140.2811	1.669978	0.8807
20184	-419.9016	-560.2572	140.3556	1.732337	0.6910095
20190	-423.4784	-563.8181	140.3397	1.732337	0.7183605
20196	-430.6349	-571.0923	140.4574	1.56767	0.7882853
20202	-418.4942	-558.5497	140.0555	2.036392	0.6837566
20208	-417.0824	-557.1703	140.088	2.036392	0.6124773
20214	-418.6067	-558.5587	139.952	2.194368	0.5032496
20220	-414.0347	-554.0204	139.9858	2.111441	0.6736389
20226	-413.6367	-553.7332	140.0965	2.044862	0.5518684
20232	-420.7713	-560.7236	139.9523	1.843317	1.043036
20238	-422.5126	-562.6928	140.1802	1.799606	0.8466529
20244	-422.6607	-562.7197	140.059	1.678679	1.097413
20250	-413.7142	-553.6249	139.9107	1.456972	1.40648
20256	-409.8916	-550.049	140.1575	1.456972	1.206362
20262	-405.8618	-546.0923	140.2305	1.44768	1.150999
20268	-404.9604	-544.5346	139.5742	1.537197	1.598661
20274	-413.4795	-553.0534	139.5739	1.329547	1.746995
20280	-414.1483	-552.5531	138.4048	1.265809	2.553098
20286	-410.5521	-550.5783	140.0262	1.124568	1.569859
20292	-411.7789	-550.9096	139.1307	1.250251	2.100349
20298	-414.8516	-552.1489	137.2973	1.124889	3.306634
20304	-414.6778	-554.4534	139.7756	1.370955	1.572966
20310	-411.89	-551.9736	140.0835	1.307853	1.388021
20316	-409.4323	-549.7235	140.2912	1.302959	1.223567
20322	-411.5562	-551.8546	140.2985	1.697829	0.826124
20328	-417.1968	-557.2074	140.0106	2.111048	0.619669
20334	-417.1172	-557.2622	140.145	1.955672	0.666829
20340	-413.1805	-553.3691	140.1886	1.836251	0.7886261
20346	-410.7458	-550.9467	140.2009	1.667766	0.9704325
20352	-421.9029	-561.9908	140.0879	1.716903	1.034146
20358	-412.2633	-552.2978	140.0344	1.680717	1.117944
20364	-410.9325	-551.1978	140.2653	1.724428	0.8344182
20370	-413.907	-553.8861	139.9791	1.671865	1.174853
20376	-409.9702	-550.0712	140.101	1.667575	1.06869
20382	-402.5009	-542.6947	140.1939	1.824812	0.7969103
20388	-408.0308	-548.4225	140.3917	1.692117	0.6982991
20394	-414.7323	-555.1256	140.3933	1.395508	1.049551
20400	-418.6548	-558.9408	140.286	1.440623	1.107506
20406	-412.382	-552.7365	140.3545	1.440623	1.043485
20412	-414.6101	-554.709	140.0989	1.537338	1.187641
20418	-414.4203	-554.4023	139.982	1.442297	1.362146
20424	-410.013	-550.1858	140.1728	1.668064	0.9987106
20430	-411.3459	-551.5481	140.2022	1.816669	0.7967207
20436	-403.787	-544.03	140.243	1.86081	0.6605083
20442	-414.601	-554.8637	140.2627	1.846168	0.6497043
20448	-412.3207	-552.425	140.1043	1.626569	1.103672
20454	-409.9331	-550.1416	140.2085	1.718149	0.9084102
20460	-413.41	-553.3496	139.9396	1.289297	1.512027
20466	-403.2758	-543.5095	140.2337	1.327576	1.251191
20472	-408.3897	-548.0973	139.7076	1.173678	1.762489
20478	-404.4361	-543.3546	138.9185	0.9639527	2.420552
20484	-410.3458	-548.9693	138.6235	0.8350991	2.684171
20490	-408.0286	-547.5899	139.5613	1.309501	1.769777
20496	-411.4363	-551.7646	140.3283	1.346722	1.153801
20502	-412.3628	-551.5389	139.176	1.138912	2.143523
20508	-407.9679	-548.1042	140.1363	1.231927	1.406046
20514	-405.1945	-545.117	139.9225	1.346379	1.482029
20520	-414.2262	-553.2853	139.0591	1.370384	2.068422
20526	-415.7931	-553.2832	137.4901	1.266026	3.108857
20532	-406.2792	-545.3238	139.0446	1.227149	2.17164
20538	-409.8941	-548.5786	138.6845	1.113827	2.47339
20544	-410.5771	-550.1716	139.5945	1.161389	1.84923
20550	-416.6393	-555.7381	139.0988	1.21002	2.147547
20556	-413.0309	-552.2568	139.226	1.212208	2.062683
20562	-405.5752	-544.1105	138.5353	1.269111	2.469566
20568	-411.2972	-549.5181	138.2209	1.219441	2.69538
20574	-407.5835	-547.0775	139.4941	1.17073	1.911254
20580	-413.4018	-553.1164	139.7147	1.232378	1.716353
20586	-417.808	-556.9419	139.1339	1.268078	2.08656
20592	-416.3577	-556.3951	140.0375	1.426492	1.330599
20598	-419.1791	-558.76	139.5809	1.213446	1.82281
20604	-412.7287	-552.3737	139.645	1.496292	1.576855
20610	-403.9399	-544.002	140.0621	1.246204	1.452121
20616	-404.3463	-544.5629	140.2166	1.091741	1.452121
20622	-399.4641	-539.5117	140.0476	1.177331	1.515023
20628	-402.752	-541.6781	138.9261	1.18621	2.274466
20634	-410.4089	-549.3044	138.8955	1.216812	2.274466
20640	-418.9378	-557.7998	138.862	1.196233	2.309107
20646	-415.1254	-554.7059	139.5805	1.292027	1.768578
20652	-415.4888	-555.5972	140.1084	1.445192	1.257559
20658	-412.647	-552.7409	140.094	1.45964	1.257559
20664	-422.8568	-563.1747	140.3179	1.481954	1.038935
20670	-422.9328	-562.4305	139.4977	1.485847	1.690501
20676	-400.3283	-539.1236	138.7954	1.103101	2.410427
20682	-403.3363	-542.689	139.3527	1.29203	1.924812
20688	-413.9977	-553.2099	139.2122	1.12143	2.131339
20694	-411.0642	-550.0301	138.9659	0.9941093	2.371503
20700	-413.179	-553.3933	140.2143	1.023144	1.505656
20706	-402.3495	-542.5007	140.1512	1.62249	1.063931
20712	-394.4515	-534.8009	140.3494	1.553165	0.9347394
20718	-403.9613	-544.0492	140.0879	1.845502	0.9008865
20724	-403.6749	-543.7347	140.0599	1.620807	1.148786
20730	-395.4678	-535.6436	140.1758	1.54225	1.115319
20736	-395.9063	-536.0745	140.1682	1.54988	1.115319
20742	-404.2346	-544.3843	140.1497	1.205323	1.41628
20748	-394.3445	-534.074	139.7295	1.361857	1.613184
20754	-398.6326	-538.7435	140.111	1.455737	1.246642
20760	-404.8891	-544.4068	139.5176	1.468168	1.688901
20766	-409.4489	-549.3133	139.8644	1.352201	1.521227
20772	-404.8715	-544.5459	139.6744	1.369739	1.647289
20778	-407.9566	-547.7403	139.7837	1.537803	1.442033
20784	-403.4898	-543.3765	139.8866	1.522967	1.373727
20790	-409.1472	-549.0185	139.8713	1.480628	1.418664
20796	-407.6872	-547.7949	140.1077	1.535603	1.181546
20802	-411.2709	-551.7815	140.5106	1.383459	0.9437921
20808	-405.8358	-545.1982	139.3624	1.241134	1.952602
20814	-406.1976	-545.4652	139.2676	1.117933	2.097337
20820	-404.0885	-543.3923	139.3038	1.13107	2.064883
20826	-414.9587	-553.8381	138.8794	0.9313308	2.465627
20832	-407.6588	-545.9504	138.2916	1.103065	2.723365
20838	-399.5023	-539.7448	140.2425	1.418646	1.166001
20844	-403.1426	-542.5546	139.4119	1.31233	1.870822
20850	-408.5074	-548.416	139.9086	1.47728	1.392344
20856	-403.4321	-543.7029	140.2708	1.70109	0.8562561
20862	-409.983	-549.9333	139.9503	1.860178	1.028668
20868	-403.7	-543.3779	139.6779	1.640184	1.444692
20874	-411.4504	-551.2682	139.8178	1.309582	1.587006
20880	-406.6957	-546.3618	139.6661	1.380255	1.645665
20886	-402.8308	-541.7515	138.9207	1.320788	2.191287
20892	-402.0103	-541.8032	139.7929	1.191168	1.690128
20898	-401.6532	-540.4401	138.787	1.201077	2.353764
20904	-420.8803	-559.3587	138.4783	1.106903	2.606071
20910	-408.7298	-547.8795	139.1497	1.163264	2.144817
20916	-414.211	-552.9787	138.7677	1.054494	2.458434
20922	-407.6306	-546.3936	138.763	1.148929	2.401938
20928	-402.498	-541.7291	139.2311	1.054712	2.162497
20934	-411.0972	-551.1064	140.0092	1.083935	1.611939
20940	-414.5192	-554.2214	139.7022	1.053508	1.849359
20946	-420.5832	-559.7087	139.1255	0.9972091	2.267841
20952	-414.0765	-553.5853	139.5088	1.138344	1.923218
20958	-411.1962	-551.4887	140.2925	1.464617	1.079443
20964	-411.2887	-550.4704	139.1818	1.234806	2.076937
20970	-408.679	-548.5273	139.8483	1.516425	1.40877
20976	-412.9916	-553.1758	140.1842	1.262124	1.34467
20982	-417.2295	-556.7297	139.5002	1.274695	1.836167
20988	-413.4954	-553.2616	139.7662	1.52618	1.464236
20994	-420.9714	-560.7598	139.7884	1.483457	1.479825
21000	-413.9388	-554.1307	140.192	1.452371	1.180623
21006	-418.4135	-557.443	139.0295	1.299869	2.134133
21012	-415.2883	-555.15	139.8617	1.158775	1.664181
21018	-412.0387	-551.4454	139.4067	1.47209	1.764246
21024	-400.895	-541.0902	140.1952	1.744446	0.8937771
21030	-410.1151	-550.4577	140.3426	1.647524	0.8338736
21036	-412.4282	-552.7241	140.2959	1.850297	0.5100753
21042	-410.981	-551.1876	140.2066	1.886607	0.6813058
21048	-410.1541	-550.3818	140.2278	1.886607	0.6373517
21054	-422.1858	-562.3865	140.2008	1.886607	0.6919959
21060	-415.8957	-556.0881	140.1924	1.886607	0.7066893
21066	-410.4938	-550.7177	140.2239	1.638415	0.9769672
21072	-406.3376	-546.4398	140.1022	1.366602	1.32674
21078	-408.0541	-548.2903	140.2362	1.566065	1.036614
21084	-408.8996	-549.0148	140.1152	1.763372	0.9601348
21090	-408.9104	-549.3104	140.4	1.369089	1.068215
21096	-409.2023	-549.669	140.4667	1.350384	1.022179
21102	-417.0995	-557.3876	140.2881	1.62137	0.9272934
21108	-417.116	-557.3511	140.2351	1.780102	0.8015889
21114	-414.1436	-554.3322	140.1887	1.666165	0.9845964
21120	-417.9214	-558.1427	140.2214	1.764628	0.8389754
21126	-415.8543	-556.1654	140.3111	1.733636	0.7605648
21132	-417.2412	-557.5796	140.3384	1.793984	0.5885068
21138	-410.3574	-550.5074	140.15	1.966029	0.6334894
21144	-406.3141	-546.4624	140.1483	1.948411	0.6745632
21150	-406.9103	-546.9606	140.0503	2.095828	0.4896072
21156	-405.9556	-545.9455	139.9899	2.156241	0.4896072
21162	-405.2414	-545.4439	140.2025	1.933572	0.5752186
21168	-404.0685	-544.1507	140.0822	1.960397	0.7636786
21174	-411.7842	-551.7692	139.9851	2.122545	0.6524156
21180	-416.0661	-556.1911	140.125	1.810378	0.8986845
21186	-403.6165	-543.9269	140.3104	1.750188	0.7366375
21192	-416.8783	-557.1329	140.2546	1.680745	0.8986932
21198	-415.8903	-556.1317	140.2414	1.757509	0.8228252
21204	-416.9696	-557.4849	140.5154	1.385136	0.9369492
21210	-416.3103	-555.9799	139.6696	1.331305	1.67817
21216	-406.9131	-547.1464	140.2333	1.861139	0.678907
21222	-408.1081	-548.1011	139.993	1.433992	1.360065
21228	-419.7617	-559.4869	139.7252	1.964166	1.141082
21234	-415.1049	-555.1592	140.0543	2.08579	0.4460482
21240	-413.1676	-553.19	140.0224	2.119491	0.4540798
21246	-412.9391	-553.0788	140.1397	2.00392	0.4638484
21252	-411.3225	-551.3599	140.0374	2.091867	0.4130748
21258	-403.5569	-543.6487	140.0918	2.054505	0.507749
21264	-410.0893	-550.3312	140.242	1.576998	1.020383
21270	-410.177	-550.3724	140.1954	1.443766	1.185108
21276	-406.9381	-547.2926	140.3546	1.273956	1.194265
21282	-398.0046	-538.3321	140.3275	1.702105	0.7820201
21288	-407.1357	-547.4233	140.2876	1.831264	0.6266363
21294	-406.4371	-546.6087	140.1715	1.952104	0.6143593
21300	-405.3264	-545.5894	140.263	1.875335	0.5663521
21306	-414.2087	-554.2533	140.0446	2.065446	0.647121
21312	-418.6919	-558.5563	139.8644	2.280129	0.4699516
21318	-435.6387	-575.2445	139.6058	2.518123	0.4013644
21324	-423.86	-563.0523	139.1923	2.690356	0.2189342
21330	-422.096	-561.2011	139.1051	2.68709	0.187992
21336	-421.0818	-560.3051	139.2233	2.568908	0.187992
21342	-419.8697	-558.4125	138.5428	2.902042	0.1147221
21348	-410.5001	-548.6575	138.1573	3.152187	0.09664341
21354	-412.5504	-550.7077	138.1573	3.152187	0.09664341
21360	-425.8596	-565.9787	140.1191	1.878584	0.824318
21366	-421.9263	-561.8865	139.9602	1.801502	1.075142
21372	-422.4878	-562.705	140.2172	1.734061	0.8804689
21378	-427.9712	-568.287	140.3158	1.635469	0.8804689
21384	-427.0302	-567.232	140.2018	1.760655	0.8674854
21390	-416.4633	-556.4772	140.0139	2.07562	0.6881357
21396	-420.3907	-560.3369	139.9462	2.10116	0.7567203
21402	-418.4723	-558.7529	140.2805	1.858028	0.5652958
21408	-414.6441	-554.7765	140.1324	1.913125	0.7593408
21414	-425.7708	-566.0762	140.3055	1.641451	0.8855403
21420	-420.0387	-560.3651	140.3264	1.815254	0.550248
21426	-414.2356	-554.3328	140.0972	2.02666	0.6138783
21432	-405.4245	-545.5491	140.1246	1.741726	0.9728004
21438	-405.3106	-545.5555	140.2449	1.723472	0.8604361
21444	-407.9843	-547.9625	139.9782	1.518298	1.304391
21450	-415.6329	-555.2092	139.5763	1.518298	1.610837
21456	-412.6781	-552.8713	140.1932	1.78439	0.8493293
21462	-411.4302	-551.6101	140.1799	1.797716	0.8493293
21468	-411.2385	-551.3355	140.0969	1.815808	0.9237289
21474	-408.5512	-548.8136	140.2625	1.706294	0.8599431
21480	-402.0453	-542.2223	140.177	1.876843	0.7469514
21486	-402.4623	-542.5506	140.0883	2.057025	0.477091
21492	-402.6418	-542.6114	139.9696	2.173324	0.5428844
21498	-399.7082	-539.8326	140.1244	2.022017	0.4995753
21504	-400.9662	-541.0872	140.1209	2.022017	0.5426345
21510	-400.5155	-540.6574	140.1419	1.994405	0.5742633
21516	-402.4202	-542.634	140.2138	1.778095	0.8316531
21522	-404.3455	-544.7689	140.4234	1.480017	0.9338439
21528	-401.5899	-541.8169	140.2271	1.876954	0.6599928
21534	-404.6166	-544.7455	140.1289	1.984929	0.6387282
21540	-403.078	-543.2989	140.2209	1.925122	0.5143251
21546	-406.3389	-546.3803	140.0414	1.994344	0.7734712
21552	-407.1575	-547.0865	139.929	2.209224	0.5666096
21558	-405.2996	-545.1567	139.8571	2.252951	0.3770469
21564	-404.8339	-544.7329	139.899	2.21957	0.3912229
21570	-406.8182	-546.7338	139.9156	2.189895	0.3702687
21576	-401.3255	-540.8236	139.4982	2.448352	0.2466773
21582	-398.8289	-538.4591	139.6302	2.4529	0.3425325
21588	-405.1469	-544.3206	139.1737	2.685605	0.210137
21594	-410.7733	-549.7836	139.0103	2.823537	0.2012462
21600	-420.9654	-561.3203	140.3549	1.632691	0.8370555
21606	-423.8581	-563.8332	139.9751	1.502232	1.319868
21612	-408.0784	-548.3277	140.2493	1.398858	1.177287
21618	-408.6903	-548.9653	140.2751	1.474271	1.086645
21624	-410.2767	-550.3186	140.0419	1.627674	1.158584
21630	-422.4428	-561.4162	138.9734	2.869882	0.2044622
21636	-417.3026	-556.471	139.1684	2.602149	0.1816359
21642	-418.0329	-556.9289	138.896	2.898476	0.1886801
21648	-416.716	-555.2041	138.4882	2.967043	0.1162757
21654	-409.7298	-548.1608	138.431	3.035887	0.1180582
21660	-412.564	-550.9611	138.3971	3.054033	0.115662
21666	-418.6719	-557.2955	138.6235	3.014427	0.1490443
21672	-413.7649	-552.2737	138.5088	3.014427	0.1272085
21678	-419.6488	-558.2282	138.5794	2.992472	0.1359007
21684	-417.3552	-556.3192	138.964	2.778668	0.1739497
21690	-414.5484	-553.9699	139.4215	2.590097	0.283253
21696	-413.7942	-553.2599	139.4657	2.489099	0.2507748
21702	-407.8573	-547.4368	139.5795	2.430403	0.2821119
21708	-411.9782	-551.2247	139.2465	2.631567	0.2171512
21714	-420.3146	-559.7653	139.4507	2.597952	0.3102179
21720	-417.7168	-557.186	139.4692	2.597952	0.3264108
21726	-427.463	-566.9016	139.4387	2.582065	0.2893538
21732	-417.363	-557.0176	139.6546	2.366133	0.2893538
21738	-417.8207	-557.5614	139.7407	2.366133	0.3722051
21744	-409.7676	-549.6571	139.8896	2.245581	0.4286703
21750	-414.5175	-554.5096	139.992	2.103396	0.6770547
21756	-408.9889	-548.9422	139.9533	2.177965	0.592131
21762	-410.6048	-550.1984	139.5936	2.453129	0.3086458
21768	-413.3699	-553.0399	139.67	2.396184	0.3255258
21774	-417.2596	-556.7522	139.4926	2.573768	0.3256663
21780	-410.2356	-549.3747	139.1391	2.748182	0.220754
21786	-417.2352	-556.6983	139.4631	2.576612	0.3031396
21792	-405.8777	-545.4625	139.5847	2.452538	0.3012961
21798	-412.765	-552.4083	139.6434	2.397499	0.3040317
21804	-413.6453	-553.5459	139.9006	2.212841	0.3824062
21810	-405.3953	-545.401	140.0057	2.134864	0.448134
21816	-409.2966	-549.4195	140.1229	2.016504	0.561314
21822	-410.2788	-550.2828	140.004	2.139128	0.541191
21828	-413.353	-553.2148	139.8618	1.555729	1.367533
21834	-410.8929	-551.0233	140.1305	1.451408	1.233918
21840	-416.1633	-556.0164	139.8531	1.321454	1.552395
21846	-412.1652	-552.2625	140.0972	1.747399	0.9949007
21852	-415.3388	-555.4775	140.1388	1.650831	1.048776
21858	-420.0883	-560.2791	140.1907	1.821575	0.8053999
21864	-416.6904	-556.837	140.1466	1.988475	0.5790512
21870	-405.6298	-545.6958	140.066	2.058563	0.4026518
21876	-404.2409	-544.2457	140.0048	2.1399	0.4715704
21882	-410.9329	-550.9128	139.9798	2.164906	0.4715704
21888	-419.6328	-559.2868	139.654	2.442998	0.3588398
21894	-412.1057	-551.905	139.7992	2.319058	0.3906331
21900	-416.6773	-556.6095	139.9321	2.212803	0.4734316
21906	-410.9735	-550.8033	139.8297	2.306421	0.4318679
21912	-413.6533	-553.6834	140.0302	2.100515	0.4165726
21918	-417.0565	-556.8909	139.8343	2.119201	0.8778979
21924	-421.0038	-561.1964	140.1926	1.828628	0.7935763
21930	-417.2468	-557.4867	140.2399	1.906437	0.5071432
21936	-415.9182	-556.0558	140.1376	1.708776	0.9930988
21942	-409.2901	-549.2273	139.9372	1.785742	1.110855
21948	-417.2721	-557.191	139.9188	1.694843	1.207013
21954	-416.6624	-556.9553	140.293	1.596443	0.9487716
21960	-417.262	-557.1179	139.8558	1.523041	1.397785
21966	-414.5612	-554.156	139.5948	1.283503	1.764571
21972	-407.6805	-547.1288	139.4483	1.478624	1.730511
21978	-412.4569	-552.1869	139.7301	1.560983	1.465264
21984	-412.5174	-552.3905	139.8731	1.763608	1.187263
21990	-408.4426	-548.5534	140.1108	1.616633	1.106801
21996	-407.8773	-547.9409	140.0636	1.746053	1.029454
22002	-411.7994	-551.9818	140.1825	1.747734	0.9044483
22008	-418.3953	-558.5055	140.1103	1.904861	0.8017109
22014	-410.6524	-550.7892	140.1368	1.942063	0.7069656
22020	-418.6163	-558.6767	140.0603	1.631283	1.139056
22026	-424.7045	-564.5817	139.8771	1.713833	1.226273
22032	-413.9205	-553.9672	140.0467	2.087625	0.5817495
22038	-421.5011	-561.648	140.1469	1.920148	0.7264841
22044	-412.88	-553.0453	140.1653	1.85152	0.7995026
22050	-409.2488	-549.4037	140.1549	1.861825	0.7995026
22056	-422.934	-562.6467	139.7127	2.117968	1.008787
22062	-409.5265	-549.8433	140.3168	1.766233	0.6996635
22068	-411.9687	-552.1813	140.2126	1.734646	0.8851067
22074	-404.1692	-544.4918	140.3225	1.543953	0.972659
22080	-405.6	-545.9123	140.3123	1.643941	0.874786
22086	-410.086	-550.39	140.3039	1.593448	0.9402968
22092	-409.7429	-550.0325	140.2897	1.680184	0.8586424
22098	-414.3269	-554.6623	140.3354	1.680184	0.8010952
22104	-409.9324	-550.2337	140.3013	1.651308	0.879011
22110	-414.6236	-554.6114	139.9878	2.158356	0.509978
22116	-409.4501	-549.1457	139.6956	2.341338	0.3010525
22122	-407.1215	-547.0018	139.8804	2.262175	0.4573234
22128	-411.5938	-551.7522	140.1584	1.98409	0.4573234
22134	-413.0735	-553.1124	140.0388	2.10368	0.4573234
22140	-408.4019	-548.4225	140.0206	2.112696	0.423294
22146	-419.2412	-559.1857	139.9445	1.891535	1.00349
22152	-405.9296	-546.122	140.1924	1.931303	0.614109
22158	-411.5581	-551.8045	140.2464	1.787838	0.7756366
22164	-428.034	-568.088	140.054	2.069988	0.6135699
22170	-416.0468	-556.0241	139.9773	1.931846	0.927645
22176	-421.0492	-560.4221	139.3728	1.397102	1.839574
22182	-418.2627	-557.7522	139.4895	1.280397	1.839574
22188	-414.8593	-553.8907	139.0314	1.309896	2.126293
22194	-419.9485	-559.7248	139.7763	1.309896	1.616932
22200	-411.5098	-551.431	139.9212	1.440741	1.410946
22206	-408.9151	-548.9087	139.9936	1.368287	1.410946
22212	-410.6824	-550.512	139.8296	1.538336	1.406244
22218	-412.2799	-552.0061	139.7263	1.641718	1.406244
22224	-416.5759	-556.6826	140.1067	1.737514	0.9952864
22230	-418.0756	-558.1112	140.0356	1.868257	0.9333488
22236	-406.3148	-546.2961	139.9813	1.659869	1.1834
22242	-416.8404	-556.9401	140.0996	1.653293	1.08333
22248	-411.621	-551.6962	140.0752	1.677685	1.08333
22254	-406.0991	-546.2858	140.1867	1.707537	0.943681
22260	-403.4889	-543.5969	140.108	1.92215	0.781352
22266	-410.2167	-549.9792	139.7625	1.708067	1.325293
22272	-412.6047	-552.568	139.9633	1.817385	1.0573
22278	-413.8668	-554.0118	140.145	1.879196	0.789487
22284	-403.8598	-543.8921	140.0323	2.015057	0.7566694
22290	-417.1311	-557.3987	140.2676	1.666751	0.8997864
22296	-418.7674	-558.9741	140.2066	1.690718	0.9403254
22302	-411.5871	-551.8124	140.2253	1.700533	0.9093122
22308	-421.7989	-561.9551	140.1562	1.80558	0.8682335
22314	-407.2733	-547.4443	140.171	1.955828	0.6054713
22320	-411.3222	-551.6454	140.3232	1.789057	0.6421592
22326	-416.6804	-556.861	140.1806	1.931729	0.6421592
22332	-414.2464	-554.349	140.1025	1.83984	0.8907205
22338	-417.4328	-557.5657	140.1329	1.859502	0.8310512
22344	-424.5899	-564.7103	140.1204	1.87202	0.8310512
22350	-425.3728	-565.2579	139.8851	2.094448	0.8469612
22356	-416.204	-556.2009	139.9969	2.088559	0.6953797
22362	-403.5856	-543.7551	140.1695	1.968601	0.5672627
22368	-407.5109	-547.7152	140.2043	1.941363	0.4811823
22374	-421.4768	-561.5422	140.0653	2.070443	0.5764764
22380	-418.8408	-559.0855	140.2447	1.891753	0.57394
22386	-428.183	-568.2469	140.0639	2.060027	0.6137328
22392	-423.1533	-563.0855	139.9322	2.197341	0.4137893
22398	-423.8576	-563.7087	139.8511	2.268655	0.3932573
22404	-425.9822	-566.0272	140.045	2.09969	0.5300435
22410	-415.3966	-555.5514	140.1549	1.981741	0.5733036
22416	-410.4029	-550.6006	140.1977	1.708269	0.9311264
22422	-415.9613	-556.1344	140.1731	1.690521	0.9756283
22428	-424.472	-564.6121	140.1401	1.400597	1.268234
22434	-421.8932	-561.225	139.3317	1.452055	1.830037
22440	-417.5349	-556.912	139.3771	1.409356	1.828228
22446	-426.566	-565.3251	138.7591	1.333077	2.287358
22452	-414.643	-554.1332	139.4902	1.46406	1.711281
22458	-410.2261	-550.0631	139.8369	1.439318	1.476469
22464	-416.0396	-555.7671	139.7274	1.379249	1.602081
22470	-417.3003	-557.4763	140.1759	1.507712	1.146146
22476	-424.3019	-562.8644	138.5625	1.188507	2.503018
22482	-423.9101	-562.527	138.6169	1.122585	2.510235
22488	-414.0849	-553.0452	138.9602	1.421508	2.099822
22494	-414.2984	-552.773	138.4746	1.060323	2.63714
22500	-413.0666	-552.6578	139.5913	1.18725	1.833664
22506	-421.8942	-560.2442	138.35	1.07774	2.703098
22512	-425.3973	-563.4377	138.0404	1.096019	2.880551
22518	-416.3945	-555.5092	139.1147	1.479074	1.95913
22524	-408.0735	-548.3455	140.272	1.625489	0.9402261
22530	-403.5074	-543.782	140.2746	1.804106	0.7071679
22536	-408.3994	-548.5601	140.1607	1.914263	0.7135495
22542	-413.4461	-553.6017	140.1556	1.944699	0.6675909
22548	-415.7365	-555.7885	140.052	1.78348	1.004097
22554	-413.8075	-554.036	140.2285	1.742716	0.8570262
22560	-418.0063	-557.5886	139.5823	1.436053	1.665721
22566	-417.7271	-557.541	139.8139	1.402456	1.52143
22572	-418.7807	-558.6384	139.8576	1.358693	1.52143
22578	-419.6997	-559.5006	139.8009	1.415423	1.52143
22584	-418.4187	-558.3882	139.9695	1.456836	1.360549
22590	-416.2905	-556.4316	140.1411	1.616217	1.079227
22596	-419.4109	-559.4164	140.0056	1.733737	1.095923
22602	-421.5722	-561.2761	139.7039	1.506503	1.525851
22608	-418.3522	-558.0256	139.6734	1.525443	1.534434
22614	-424.7106	-564.4656	139.7549	1.99773	1.083561
22620	-417.6024	-557.8436	140.2412	1.596982	1.001316
22626	-420.0241	-560.1561	140.132	1.933343	0.7292616
22632	-413.7224	-553.9476	140.2252	1.720526	0.8868973
22638	-414.7923	-554.8108	140.0185	1.747072	1.071494
22644	-411.6121	-551.7809	140.1688	1.816016	0.8404179
22650	-410.3858	-550.4356	140.0498	1.935294	0.8401692
22656	-412.4665	-552.4808	140.0143	2.092786	0.6534962
22662	-411.1782	-551.2467	140.0684	2.042395	0.6454321
22668	-418.5431	-558.5004	139.9572	2.18912	0.4962442
22674	-409.9374	-550.0642	140.1268	2.005845	0.5874668
22680	-404.8206	-545.0864	140.2658	1.83653	0.6635276
22686	-407.2537	-547.4289	140.1752	1.964904	0.558054
22692	-413.4158	-553.4538	140.0379	2.095287	0.5856922
22698	-408.4898	-548.8755	140.3857	1.747519	0.5856922
22704	-408.1702	-548.285	140.1148	1.929777	0.7606971
22710	-408.768	-548.9501	140.1821	1.862535	0.7606971
22716	-412.3891	-552.685	140.2959	1.771747	0.7255114
22722	-413.6911	-553.8819	140.1908	1.563467	1.082103
22728	-415.9088	-556.1779	140.2691	1.79019	0.7386551
22734	-423.2796	-563.4684	140.1887	1.890244	0.7067623
22740	-418.2905	-558.511	140.2206	1.836791	0.7416573
22746	-413.2886	-553.6206	140.332	1.681095	0.8043557
22752	-415.1753	-555.4934	140.3181	1.711897	0.7815212
22758	-412.4381	-552.5862	140.1481	1.993621	0.5499066
22764	-422.4553	-562.6809	140.2256	1.913364	0.5634178
22770	-423.1616	-563.1675	140.0059	2.140356	0.4933234
22776	-414.1472	-554.214	140.0669	1.61829	1.144799
22782	-414.7858	-554.8781	140.0922	1.592933	1.144799
22788	-416.7364	-556.9529	140.2165	1.791336	0.8113254
22794	-418.4856	-558.7418	140.2562	1.511268	1.069709
22800	-408.4935	-548.3759	139.8823	2.248276	0.4162943
22806	-412.3876	-552.4367	140.0491	2.097235	0.4930524
22812	-409.9559	-550.1684	140.2126	1.779636	0.8312623
22818	-411.6728	-551.8924	140.2196	1.904972	0.6118214
22824	-412.0995	-552.2095	140.1099	1.912577	0.7917731
22830	-421.5576	-561.7027	140.145	1.877471	0.7917731
22836	-415.1048	-555.2964	140.1916	1.713809	0.9316545
22842	-421.0086	-561.133	140.1244	1.731136	0.9838434
22848	-417.9583	-558.0761	140.1179	1.518759	1.187306
22854	-402.8179	-542.7654	139.9475	1.735731	1.146511
22860	-408.4594	-548.2348	139.7754	1.354052	1.585497
22866	-403.8344	-543.642	139.8076	1.666914	1.322137
22872	-410.6746	-550.7466	140.0721	1.599807	1.156551
22878	-404.0954	-544.2964	140.201	1.683518	0.953938
22884	-413.5668	-553.7058	140.1389	1.729794	0.970374
22890	-417.1324	-557.548	140.4156	1.506564	0.9134372
22896	-409.9898	-550.2993	140.3095	1.612655	0.9134372
22902	-408.5858	-548.9161	140.3302	1.630565	0.869393
22908	-417.065	-557.164	140.099	1.552123	1.174733
22914	-410.1508	-550.3207	140.1699	1.552123	1.111714
22920	-411.0439	-550.6828	139.6389	1.625146	1.48569
22926	-418.9417	-558.748	139.8064	1.727271	1.274049
22932	-412.1813	-552.1366	139.9553	1.481689	1.352108
22938	-409.9019	-549.9759	140.074	1.977451	0.7506464
22944	-410.4371	-550.719	140.282	1.754505	0.7724421
22950	-412.7226	-552.6144	139.8918	1.457928	1.420368
22956	-410.3888	-550.2869	139.8981	1.574536	1.323653
22962	-413.681	-553.6678	139.9868	1.485822	1.323653
22968	-406.2205	-546.2371	140.0166	1.587943	1.214784
22974	-406.5296	-546.6325	140.1028	1.892034	0.8279309
22980	-409.8932	-550.0724	140.1792	1.920448	0.668805
22986	-410.0416	-550.2718	140.2302	1.783925	0.803079
22992	-412.6786	-552.901	140.2224	1.712264	0.8994142
22998	-412.738	-552.5611	139.8232	1.311578	1.581607
23004	-407.8824	-547.4949	139.6125	1.263519	1.766142
23010	-407.3694	-546.8118	139.4424	1.264707	1.882492
23016	-413.6276	-552.5266	138.899	1.212484	2.274993
23022	-411.4942	-550.7591	139.2649	1.430306	1.890621
23028	-416.3733	-555.9815	139.6081	1.285893	1.753582
23034	-418.5984	-557.997	139.3986	1.027407	2.070684
23040	-427.2223	-567.4254	140.2032	1.890323	0.6807561
23046	-421.6427	-561.7213	140.0786	2.065448	0.5352318
23052	-414.4822	-554.5155	140.0334	1.746087	1.058436
23058	-419.8984	-560.1625	140.264	1.593323	0.9820229
23064	-424.4749	-564.5639	140.089	1.718661	1.031362
23070	-411.8391	-551.9043	140.0652	1.742495	1.031362
23076	-413.0544	-553.0674	140.013	1.793471	1.032597
23082	-415.3385	-554.8674	139.529	1.184046	1.8785
23088	-413.035	-552.8288	139.7938	1.249619	1.647782
23094	-418.0003	-557.9424	139.9421	1.27496	1.520893
23100	-417.2202	-556.6482	139.428	1.212121	1.927932
23106	-413.9666	-553.9542	139.9876	1.637383	1.197338
23112	-412.3686	-552.5289	140.1604	1.464576	1.197338
23118	-409.8219	-549.9437	140.1218	1.464576	1.230164
23124	-400.1386	-540.3894	140.2508	1.447908	1.13271
23130	-399.8318	-539.9839	140.1521	1.797542	0.8823364
23136	-400.2307	-540.4288	140.1981	1.931712	0.5966414
23142	-403.3287	-543.5092	140.1804	1.888387	0.7236309
23148	-398.8778	-539.1964	140.3186	1.799582	0.628394
23154	-400.8416	-541.0164	140.1749	1.951812	0.6059942
23160	-397.1991	-537.4489	140.2498	1.839094	0.6892501
23166	-400.6738	-540.9895	140.3157	1.781397	0.6738717
23172	-401.9718	-542.1663	140.1945	1.594073	1.0498
23178	-403.5495	-543.7833	140.2338	1.603252	1.002484
23184	-411.0551	-551.0458	139.9907	1.449681	1.349419
23190	-411.8578	-552.0322	140.1744	1.588057	1.074431
23196	-400.1399	-540.6174	140.4776	1.603298	0.7034701
23202	-393.8982	-533.9992	140.101	1.709149	1.028937
23208	-395.5103	-535.0063	139.496	1.177368	1.905422
23214	-399.9007	-539.9994	140.0987	1.118273	1.520965
23220	-395.3174	-534.7792	139.4619	1.237174	1.888008
23226	-396.201	-535.7214	139.5204	1.239404	1.846553
23232	-398.4604	-538.2051	139.7447	1.161753	1.744906
23238	-408.4729	-547.7599	139.287	1.202894	2.028463
23244	-410.2718	-549.738	139.4662	1.077011	1.992972
23250	-411.9144	-550.9872	139.0728	1.470899	1.992628
23256	-411.3396	-550.6881	139.3486	1.195189	1.992628
23262	-414.438	-554.647	140.209	1.362719	1.24247
23268	-410.9929	-551.1959	140.2031	1.303356	1.296311
23274	-405.3187	-545.1572	139.8385	1.350228	1.541899
23280	-401.7414	-541.9434	140.202	1.358354	1.251965
23286	-408.3127	-548.3843	140.0716	1.274579	1.423084
23292	-412.0876	-551.496	139.4084	1.29593	1.884397
23298	-416.5292	-556.3855	139.8563	1.391834	1.497638
23304	-403.8709	-544.1511	140.2802	1.546051	1.013223
23310	-411.0529	-551.1992	140.1463	1.286892	1.355148
23316	-405.9126	-546.0564	140.1439	1.2675	1.37234
23322	-410.0172	-549.5367	139.5195	1.180054	1.887665
23328	-408.9207	-548.3331	139.4124	1.287174	1.887665
23334	-406.2493	-546.2035	139.9542	1.382917	1.430051
23340	-419.6015	-559.8624	140.2609	1.191992	1.339495
23346	-418.3048	-557.5249	139.2201	0.896534	2.271714
23352	-422.4361	-561.6318	139.1957	0.9360356	2.262058
23358	-423.477	-563.264	139.7871	1.595838	1.394643
23364	-407.4522	-547.7006	140.2484	1.853051	0.6652033
23370	-405.9402	-545.8891	139.9489	1.415203	1.40926
23376	-404.5484	-544.9233	140.375	1.589484	0.8650854
23382	-408.6407	-548.6844	140.0436	1.986317	0.781588
23388	-407.7535	-547.9055	140.152	1.94452	0.6749437
23394	-409.2639	-549.4757	140.2119	1.726182	0.8956355
23400	-404.0089	-543.8541	139.8453	1.484253	1.435923
23406	-407.2696	-547.2833	140.0137	1.503808	1.287289
23412	-407.5043	-547.7954	140.2911	1.616962	0.9287778
23418	-409.3734	-549.5307	140.1573	1.947313	0.6587854
23424	-405.9874	-546.2481	140.2607	1.808668	0.7226403
23430	-408.3427	-548.5215	140.1788	1.731697	0.9261675
23436	-411.1406	-551.43	140.2894	1.769805	0.7387819
23442	-411.0301	-551.223	140.1929	1.570702	1.073385
23448	-411.2374	-551.517	140.2797	1.69808	0.8491332
23454	-403.4151	-543.483	140.0679	2.076732	0.530046
23460	-410.9243	-550.8173	139.893	2.221616	0.3843262
23466	-411.8848	-551.5496	139.6648	2.435771	0.3634928
23472	-415.2472	-554.6999	139.4527	2.496442	0.2479565
23478	-401.4253	-540.8025	139.3772	2.610029	0.2682725
23484	-407.9394	-547.4294	139.4899	2.517147	0.2803153
23490	-405.9006	-545.6092	139.7085	2.385267	0.3548822
23496	-401.8487	-541.4081	139.5594	2.468991	0.2947182
23502	-402.1828	-541.8398	139.657	2.427092	0.3436647
23508	-399.5153	-539.3369	139.8217	2.324724	0.4979063
23514	-405.8631	-545.937	140.0739	2.009291	0.6994144
23520	-398.8096	-538.8626	140.053	1.648071	1.130639
23526	-405.3631	-545.7629	140.3998	1.670451	0.7212922
23532	-402.5901	-542.6415	140.0514	1.985524	0.7717355
23538	-399.5706	-539.829	140.2584	1.855182	0.6392028
23544	-405.7077	-545.2378	139.5302	1.523931	1.64008
23550	-400.9219	-541.0673	140.1454	1.693728	1.000394
23556	-401.2106	-541.3064	140.0958	1.818093	0.9225183
23562	-406.4701	-546.5477	140.0776	1.898598	0.851007
23568	-423.0015	-563.2862	140.2847	1.599171	0.9545667
23574	-424.8739	-565.1937	140.3198	1.382297	1.129715
23580	-428.3928	-568.1132	139.7203	1.57207	1.464225
23586	-425.9384	-565.9829	140.0445	1.81567	0.9791764
23592	-423.9712	-564.171	140.1999	1.676605	0.9623494
23598	-420.8467	-560.964	140.1172	1.77088	0.9501499
23604	-419.7638	-559.8772	140.1134	1.710227	1.015801
23610	-422.0559	-561.9665	139.9106	1.574204	1.313847
23616	-426.7755	-566.6858	139.9104	1.566216	1.320476
23622	-423.5455	-563.7522	140.2067	1.411108	1.203508
23628	-413.5404	-553.4964	139.9559	1.77035	1.107824
23634	-422.1153	-562.309	140.1937	1.938887	0.587798
23640	-430.2272	-570.433	140.2058	1.937392	0.541227
23646	-421.0097	-561.1443	140.1346	1.964463	0.6700053
23652	-419.4912	-559.4699	139.9787	2.157331	0.5754862
23658	-423.8454	-563.3646	139.5192	2.566702	0.3456481
23664	-414.0718	-554.0076	139.9358	2.186567	0.3981875
23670	-409.4203	-549.2596	139.8393	2.304136	0.4625718
23676	-404.892	-544.6749	139.7829	2.303529	0.3462088
23682	-409.9954	-549.8064	139.811	2.238873	0.3112267
23688	-408.88	-548.9005	140.0205	2.114256	0.4276045
23694	-407.5164	-547.5411	140.0246	2.114256	0.4412319
23700	-409.914	-549.9647	140.0507	2.091269	0.4542239
23706	-415.7578	-555.8863	140.1284	2.017857	0.5067424
23712	-420.0371	-559.8844	139.8473	2.292749	0.4458718
23718	-419.4652	-559.5328	140.0676	2.069293	0.5719482
23724	-415.1621	-555.1618	139.9997	2.126745	0.4066423
23730	-418.6693	-558.6502	139.9809	2.165382	0.5065861
23736	-418.2705	-558.1467	139.8761	2.248502	0.4027777
23742	-425.8138	-565.7963	139.9826	2.114061	0.674744
23748	-423.7288	-563.8781	140.1493	1.89929	0.7549013
23754	-427.437	-567.5541	140.1171	1.951537	0.7238311
23760	-415.9368	-556.0696	140.1328	1.974784	0.6525168
23766	-416.6015	-556.7949	140.1934	1.944297	0.5690281
23772	-418.2359	-558.4946	140.2587	1.670888	0.9051604
23778	-421.0062	-561.0897	140.0835	1.896511	0.8463352
23784	-412.5865	-552.7981	140.2116	1.738937	0.8813757
23790	-411.8861	-551.9487	140.0626	1.774608	1.002342
23796	-417.7594	-558.0802	140.3208	1.774608	0.677068
23802	-416.5289	-556.608	140.0791	1.624534	1.128296
23808	-412.8509	-553.1216	140.2707	1.599338	0.9690429
23814	-418.5856	-558.5552	139.9697	2.079888	0.7534578
23820	-414.3316	-554.4453	140.1137	2.031028	0.5294425
23826	-412.8647	-552.9576	140.0928	1.962896	0.7441345
23832	-414.2674	-554.4343	140.1669	1.591731	1.078051
23838	-419.6096	-559.8184	140.2087	1.507809	1.116687
23844	-414.3565	-554.6946	140.3381	1.706051	0.7613683
23850	-404.0896	-544.2251	140.1355	2.010515	0.4857911
23856	-409.4619	-549.6389	140.1771	1.928003	0.6578431
23862	-411.7705	-551.7189	139.9484	1.593462	1.267249
23868	-411.2392	-551.5508	140.3116	1.593462	0.9321007
23874	-406.1756	-546.0819	139.9063	1.582201	1.310837
23880	-411.3048	-551.0025	139.6976	1.503465	1.53277
23886	-415.816	-555.8143	139.9983	1.46907	1.327884
23892	-416.0492	-555.2532	139.204	1.308796	2.013253
23898	-421.14	-561.4365	140.2965	1.591535	0.950189
23904	-419.3798	-559.3241	139.9443	1.914065	0.9809618
23910	-419.251	-558.9281	139.6771	1.512749	1.541071
23916	-415.9259	-556.1051	140.1792	1.907732	0.6927139
23922	-408.7458	-548.7308	139.985	2.152289	0.4356876
23928	-415.4426	-555.5249	140.0823	2.062845	0.4750389
23934	-413.0318	-553.1939	140.162	1.972652	0.5804322
23940	-420.4898	-560.6475	140.1576	1.956835	0.6372186
23946	-407.4977	-547.637	140.1393	1.956835	0.6756442
23952	-417.8853	-557.7931	139.9078	1.598899	1.296101
23958	-417.7953	-557.3877	139.5924	1.296488	1.757181
23964	-424.5896	-563.2785	138.689	1.261731	2.37743
23970	-411.5349	-549.8942	138.3593	1.38994	2.50412
23976	-415.201	-555.0889	139.8879	1.689458	1.237705
23982	-404.2122	-544.4173	140.2051	1.788519	0.8294328
23988	-403.2672	-543.4725	140.2054	1.79604	0.8196102
23994	-404.3696	-544.3319	139.9622	2.025385	0.836971
24000	-396.9275	-537.1416	140.214	1.932225	0.4912665
24006	-404.7481	-544.8899	140.1418	2.000566	0.5459383
24012	-406.0996	-546.1922	140.0926	2.046735	0.5616956
24018	-406.3315	-546.5948	140.2633	1.815952	0.7062534
24024	-409.4376	-549.6048	140.1672	1.818889	0.8388304
24030	-414.956	-554.9715	140.0155	1.715469	1.103512
24036	-411.5959	-551.4762	139.8802	1.635296	1.288898
24042	-408.0033	-547.9475	139.9442	1.571356	1.288898
24048	-399.3056	-539.5379	140.2323	1.80682	0.7686276
24054	-400.9726	-541.1323	140.1598	1.986354	0.5117499
24060	-404.1656	-544.2517	140.0861	1.735592	1.017646
24066	-405.2817	-545.557	140.2753	1.646433	0.9138655
24072	-409.2895	-549.4801	140.1906	1.74176	0.9020454
24078	-412.8206	-552.9743	140.1537	1.638151	1.0466
24084	-410.4652	-550.6582	140.193	1.598883	1.0466
24090	-408.9746	-549.0647	140.0901	1.459648	1.260733
24096	-418.4461	-558.4575	140.0114	1.483473	1.305701
24102	-411.1586	-550.7576	139.599	1.541952	1.577063
24108	-410.7983	-550.9536	140.1553	1.44293	1.220153
24114	-414.9824	-555.0461	140.0637	1.972307	0.7730828
24120	-408.8799	-549.0482	140.1684	1.668878	1.002293
24126	-411.0503	-551.35	140.2997	1.617357	0.9190161
24132	-421.1846	-560.6881	139.5035	1.378092	1.762261
24138	-418.3076	-557.8851	139.5775	1.276133	1.781727
24144	-416.0121	-555.6667	139.6546	1.278238	1.726337
24150	-421.9437	-561.7159	139.7722	1.160678	1.726337
24156	-413.6257	-553.2539	139.6282	1.389963	1.665872
24162	-422.7128	-562.3406	139.6278	1.749258	1.399163
24168	-413.8744	-553.975	140.1007	1.744042	0.9948229
24174	-412.7649	-552.8732	140.1083	1.772382	0.9579331
24180	-410.524	-550.3874	139.8634	1.772382	1.187995
24186	-409.0607	-549.2468	140.1861	1.671079	0.9821573
24192	-405.1483	-545.3008	140.1524	1.939219	0.6841879
24198	-415.4093	-555.4763	140.067	2.030953	0.6721392
24204	-409.0377	-548.9874	139.9497	2.193142	0.5432831
24210	-403.6807	-543.6099	139.9292	2.214047	0.5405889
24216	-413.3581	-553.4246	140.0665	2.063202	0.5971153
24222	-413.9701	-553.912	139.9419	2.125148	0.7265013
24228	-404.7198	-544.7481	140.0283	2.060634	0.6890978
24234	-411.6564	-551.552	139.8955	2.225803	0.3962546
24240	-410.9306	-550.7145	139.7839	2.357548	0.4518512
24246	-413.0003	-553.0943	140.094	1.894339	0.8360832
24252	-413.0819	-553.1904	140.1084	1.999412	0.65196
24258	-402.8767	-542.9313	140.0546	2.090365	0.5273978
24264	-406.2423	-546.0741	139.8318	2.266843	0.3610025
24270	-399.9985	-540.1113	140.1128	2.030576	0.5397935
24276	-404.3045	-544.3365	140.032	2.089659	0.6196864
24282	-401.2196	-541.4766	140.2569	1.795498	0.7491248
24288	-402.2827	-542.43	140.1473	1.905118	0.7491248
24294	-409.2221	-549.2305	140.0084	2.101216	0.648024
24300	-412.2688	-552.4352	140.1664	1.808276	0.8528082
24306	-412.5989	-552.7672	140.1684	1.677289	0.9938701
24312	-406.5967	-546.7843	140.1876	1.773237	0.869392
24318	-405.5845	-545.7181	140.1336	2.012718	0.5064191
24324	-409.4984	-549.6779	140.1795	1.954546	0.5826792
24330	-412.5386	-552.6534	140.1148	2.030166	0.5267138
24336	-406.876	-546.7869	139.9109	2.234125	0.5267138
24342	-403.771	-543.867	140.096	2.048938	0.5278905
24348	-404.9374	-544.6163	139.6788	2.393508	0.3314192
24354	-401.6209	-541.5486	139.9277	2.206332	0.4255251
24360	-408.8414	-548.6463	139.8049	2.294217	0.3615652
24366	-406.4158	-545.8045	139.3888	2.594419	0.2659463
24372	-410.7374	-550.8798	140.1424	1.798795	0.8920162
24378	-410.2605	-549.9305	139.67	1.805546	1.321331
24384	-401.7246	-541.7733	140.0487	2.076426	0.4038276
24390	-398.0734	-537.4943	139.4209	2.547933	0.2580663
24396	-398.7129	-538.4066	139.6936	2.400087	0.3547883
24402	-400.9414	-540.5566	139.6152	2.400087	0.2856635
24408	-409.4957	-549.2263	139.7306	2.325073	0.316137
24414	-406.0961	-545.6793	139.5832	2.483359	0.3259107
24420	-409.4695	-548.8873	139.4177	2.508068	0.236987
24426	-413.3361	-552.8682	139.5321	2.458391	0.270177
24432	-418.3272	-558.1239	139.7968	2.317759	0.3841396
24438	-412.5083	-552.3122	139.8039	2.317759	0.3968888
24444	-415.4286	-555.5474	140.1188	2.027208	0.4858803
24450	-420.579	-560.9018	140.3228	1.74624	0.7232568
24456	-421.7278	-561.8603	140.1325	2.002454	0.5795693
24462	-429.2442	-569.2018	139.9575	2.143705	0.6656499
24468	-424.1884	-564.2259	140.0375	2.023972	0.7353137
24474	-423.6661	-563.7684	140.1023	2.042736	0.5267039
24480	-417.428	-558.0173	140.5892	1.534956	0.6128986
24486	-414.6432	-554.9942	140.351	1.484552	1.003977
24492	-407.9539	-548.2298	140.2759	1.852616	0.6006956
24498	-409.1203	-549.4511	140.3308	1.679803	0.8076065
24504	-418.0629	-558.5148	140.4519	1.393682	0.9939112
24510	-413.9732	-553.76	139.7867	1.303717	1.613877
24516	-414.5651	-554.9618	140.3967	1.464592	0.9780328
24522	-409.2045	-549.5894	140.3848	1.611173	0.8264582
24528	-407.2484	-547.6305	140.382	1.398572	1.057351
24534	-410.5199	-550.6432	140.1232	1.575525	1.132687
24540	-416.9822	-557.4845	140.5023	1.575525	0.7086468
24546	-410.6559	-551.0598	140.4038	1.67401	0.7086468
24552	-405.4288	-545.2983	139.8695	1.253278	1.590367
24558	-409.2365	-549.1424	139.9059	1.240364	1.573217
24564	-401.392	-541.1669	139.7749	1.222164	1.680918
24570	-409.8358	-549.4854	139.6496	1.371411	1.663793
24576	-404.5626	-544.9151	140.3524	1.528613	0.9575517
24582	-402.1888	-542.6666	140.4778	1.448454	0.908845
24588	-396.6409	-536.8502	140.2093	1.534632	1.091638
24594	-393.0661	-533.2223	140.1561	1.667937	1.015339
24600	-406.1666	-546.2572	140.0907	1.42711	1.28706
24606	-410.2446	-550.4151	140.1705	1.601086	1.065862
24612	-407.0923	-547.0782	139.9858	1.779013	1.072193
24618	-403.0364	-543.0883	140.0519	1.712921	1.072193
24624	-407.5792	-547.7206	140.1413	1.823885	0.8641684
24630	-404.3871	-544.5147	140.1275	1.770974	0.9390935
24636	-402.2655	-542.4089	140.1434	1.369911	1.290675
24642	-397.152	-537.4464	140.2944	1.700058	0.8284127
24648	-399.3037	-539.3694	140.0657	1.533582	1.219253
24654	-403.4658	-543.5583	140.0926	1.506715	1.219253
24660	-399.6222	-539.8991	140.2769	1.556015	1.006647
24666	-403.3469	-543.6331	140.2862	1.832061	0.6281861
24672	-400.6738	-540.6524	139.9786	2.113194	0.6838868
24678	-404.5289	-544.7981	140.2692	1.82261	0.6838868
24684	-409.7228	-549.8702	140.1474	1.808362	0.8753273
24690	-409.0307	-549.2341	140.2033	1.916996	0.6230064
24696	-406.4166	-546.465	140.0485	2.094505	0.5425504
24702	-414.4913	-554.6642	140.1728	1.836085	0.80989
24708	-415.164	-555.3276	140.1636	1.901154	0.730077
24714	-404.9067	-545.0905	140.1838	1.929596	0.6397336
24720	-405.4499	-545.4356	139.9857	1.991569	0.8496671
24726	-413.222	-553.5187	140.2967	1.734342	0.7800666
24732	-409.2592	-549.3161	140.0569	1.855616	0.9239563
24738	-405.589	-545.5961	140.007	2.077383	0.6972588
24744	-401.5091	-541.5924	140.0833	1.640361	1.110203
24750	-405.4623	-545.396	139.9337	1.78997	1.110203
24756	-400.6695	-540.9227	140.2532	1.657964	0.925493
24762	-398.236	-538.4891	140.2531	1.784804	0.7704486
24768	-407.3566	-547.6246	140.268	1.700315	0.8604651
24774	-412.6873	-552.9446	140.2573	1.744669	0.8189221
24780	-406.3924	-546.455	140.0626	1.59601	1.168177
24786	-411.1677	-550.9677	139.8	1.469474	1.481626
24792	-413.185	-553.3689	140.184	1.292419	1.320644
24798	-410.9081	-550.8473	139.9393	1.352579	1.464651
24804	-415.1579	-554.931	139.773	1.154184	1.730307
24810	-418.6167	-558.3941	139.7774	1.488068	1.48459
24816	-425.329	-565.4975	140.1685	1.812951	0.8445617
24822	-424.9686	-565.0893	140.1207	1.850027	0.8576379
24828	-422.4439	-562.7596	140.3157	1.758149	0.7152904
24834	-412.363	-552.4341	140.0711	2.07138	0.5452809
24840	-408.0157	-547.8531	139.8374	1.779852	1.20393
24846	-415.3084	-555.5121	140.2037	1.444558	1.177202
24852	-423.294	-561.8217	138.5277	1.376214	2.407
24858	-419.4264	-559.4433	140.0168	1.190034	1.52846
24864	-418.1162	-558.2783	140.1621	1.617106	1.058653
24870	-424.3486	-564.6057	140.2571	1.711286	0.8604433
24876	-415.9866	-556.3149	140.3282	1.75253	0.7036315
24882	-426.3749	-566.5649	140.19	1.95594	0.5155226
24888	-422.4224	-562.5575	140.1351	1.982254	0.6304108
24894	-422.954	-563.0602	140.1062	1.901057	0.8120746
24900	-424.15	-564.3275	140.1776	1.968803	0.4962766
24906	-423.5183	-563.6376	140.1193	1.870716	0.8339845
24912	-412.604	-552.7532	140.1492	1.814376	0.8661243
24918	-413.7159	-553.9355	140.2195	1.866077	0.6951449
24924	-415.2106	-555.1135	139.9029	1.743766	1.178628
24930	-424.6182	-564.6035	139.9853	1.468279	1.33894
24936	-417.9151	-557.7123	139.7972	1.638638	1.353035
24942	-417.4313	-557.3248	139.8935	1.4581	1.418908
24948	-422.7392	-562.3566	139.6174	1.331774	1.714848
24954	-426.6656	-565.898	139.2324	1.380373	1.946356
24960	-423.361	-562.2768	138.9158	1.168838	2.292235
24966	-421.7739	-561.6164	139.8425	1.213963	1.638388
24972	-418.9583	-558.7918	139.8335	1.697183	1.276522
24978	-415.5337	-555.8009	140.2672	1.583543	0.9887424
24984	-409.2213	-549.1482	139.927	1.390461	1.445154
24990	-406.9471	-546.5601	139.613	1.490622	1.604275
24996	-405.4254	-545.437	140.0116	1.529315	1.268055
25002	-412.5948	-552.579	139.9841	1.556798	1.268055
25008	-411.6813	-551.7198	140.0385	1.546091	1.231662
25014	-407.9198	-548.1513	140.2314	1.432407	1.163629
25020	-402.6852	-542.7544	140.0693	1.59457	1.163629
25026	-412.687	-553.0467	140.3597	1.682315	0.7644619
25032	-417.377	-557.7136	140.3366	1.682315	0.7966687
25038	-409.8967	-549.9325	140.0359	2.100235	0.5751791
25044	-409.279	-549.4621	140.1831	1.929642	0.6410558
25050	-402.655	-542.6382	139.9833	2.154419	0.4368544
25056	-410.1647	-550.1713	140.0066	2.135133	0.4532894
25062	-404.9982	-544.9897	139.9915	2.144684	0.4318044
25068	-408.3405	-548.2965	139.956	2.180651	0.5729039
25074	-409.6331	-549.6028	139.9698	2.018021	0.8367781
25080	-410.7121	-550.8192	140.107	1.915215	0.7921304
25086	-411.9412	-551.7922	139.851	2.295343	0.4976089
25092	-411.4498	-551.1556	139.7058	2.323665	0.2955267
25098	-411.4929	-551.3196	139.8267	2.284333	0.3785728
25104	-409.1632	-548.9545	139.7912	2.230613	0.2901239
25110	-405.5133	-545.1167	139.6034	2.365899	0.2583089
25116	-409.6982	-549.0483	139.3501	2.619233	0.2583089
25122	-407.6723	-546.651	138.9787	2.836375	0.1950969
25128	-399.9011	-538.5425	138.6414	2.939441	0.1375888
25134	-413.014	-551.6787	138.6648	2.863615	0.1280998
25140	-423.0297	-561.3642	138.3345	3.100262	0.1132392
25146	-421.6744	-560.2207	138.5463	3.034852	0.1376462
25152	-414.1672	-552.5727	138.4055	3.034852	0.1140509
25158	-429.706	-568.6148	138.9088	2.842614	0.1763144
25164	-418.3488	-557.2576	138.9088	2.842614	0.1763144
25170	-409.501	-548.2374	138.7364	2.861819	0.140929
25176	-404.3043	-543.0093	138.705	2.860689	0.1347549
25182	-413.7005	-553.2317	139.5312	2.417723	0.2478609
25188	-418.8778	-557.8587	138.9809	2.817299	0.1897981
25194	-416.3087	-554.8241	138.5153	3.092919	0.1429274
25200	-403.3543	-542.2295	138.8752	2.819415	0.1618198
25206	-397.767	-536.9755	139.2085	2.665612	0.215646
25212	-407.6003	-547.6898	140.0896	1.98359	0.7165265
25218	-411.5671	-551.4915	139.9244	2.216091	0.5561701
25224	-415.1992	-554.9556	139.7564	2.313894	0.3294565
25230	-419.3119	-559.0381	139.7262	2.344159	0.3294565
25236	-424.1833	-564.3158	140.1325	1.988811	0.3961504
25242	-419.5012	-559.5915	140.0902	2.055031	0.5241656
25248	-407.7798	-547.9125	140.1327	1.998007	0.5938781
25254	-406.4299	-546.5773	140.1474	1.998007	0.5224866
25260	-419.5576	-560.0125	140.4549	1.51142	0.8628801
25266	-415.678	-555.7403	140.0623	1.51723	1.235881
25272	-411.6861	-551.4709	139.7848	1.460202	1.499982
25278	-409.7922	-549.512	139.7198	1.735123	1.337795
25284	-412.8375	-552.8609	140.0234	1.694614	1.115357
25290	-407.4229	-547.5231	140.1002	1.999291	0.6692032
25296	-410.3819	-550.5273	140.1455	1.999291	0.5291918
25302	-405.1477	-545.2273	140.0796	2.053097	0.4218531
25308	-421.655	-561.6358	139.9809	2.084959	0.7284334
25314	-420.075	-559.9595	139.8845	2.257858	0.4562426
25320	-420.0834	-560.1709	140.0875	2.05645	0.4658047
25326	-422.9863	-563.0015	140.0152	2.131082	0.4915838
25332	-426.0325	-564.1829	138.1504	1.301902	2.68805
25338	-406.3942	-546.0296	139.6353	1.331939	1.702049
25344	-402.1766	-541.7481	139.5715	1.2492	1.804552
25350	-401.0723	-541.1105	140.0382	1.244758	1.471419
25356	-394.9597	-534.873	139.9133	1.584378	1.303414
25362	-402.6037	-542.6692	140.0655	2.078041	0.5389661
25368	-413.0579	-553.3388	140.2809	1.766049	0.7572791
25374	-413.3785	-553.393	140.0145	1.980805	0.8273083
25380	-405.106	-545.2478	140.1418	2.001305	0.5415355
25386	-404.79	-544.892	140.102	2.034249	0.5747776
25392	-412.0101	-552.089	140.0789	2.063025	0.4541821
25398	-407.8123	-547.7613	139.949	2.185003	0.4253713
25404	-408.2539	-548.3861	140.1322	1.96201	0.6793281
25410	-413.8417	-553.8742	140.0325	1.962385	0.8278548
25416	-405.935	-546.2558	140.3209	1.723764	0.7607131
25422	-405.6642	-545.8519	140.1877	1.813721	0.8195287
25428	-410.7254	-551.0716	140.3461	1.577675	0.9115604
25434	-413.8281	-553.3987	139.5706	1.402116	1.698184
25440	-415.4693	-554.9033	139.434	2.498677	0.2401217
25446	-412.1484	-551.5236	139.3753	2.556476	0.2396812
25452	-405.7275	-544.8805	139.1531	2.665419	0.1961869
25458	-417.4589	-556.7707	139.3119	2.665419	0.262641
25464	-412.6962	-552.0793	139.3831	2.598023	0.2647902
25470	-416.713	-556.0161	139.3031	2.598023	0.226346
25476	-423.1482	-562.4277	139.2795	2.675989	0.251128
25482	-425.3363	-564.9022	139.5659	2.539156	0.3697347
25488	-411.2993	-550.8652	139.5659	2.539156	0.3697347
25494	-424.716	-564.6238	139.9078	2.153808	0.3213505
25500	-411.4128	-550.8712	139.4583	2.47171	0.2389062
25506	-407.7714	-547.2727	139.5013	2.55347	0.3153639
25512	-408.4527	-547.9903	139.5376	2.568481	0.3711233
25518	-412.3795	-551.8234	139.4439	2.52731	0.259301
25524	-415.416	-554.8851	139.469	2.531309	0.2760957
25530	-419.3907	-559.0347	139.644	2.435984	0.3392574
25536	-416.3792	-556.218	139.8388	2.307139	0.4851463
25542	-413.6664	-553.6725	140.0061	1.989798	0.8266353
25548	-420.3616	-560.4479	140.0863	1.909585	0.8266353
25554	-421.7612	-561.8906	140.1294	2.007466	0.5721394
25560	-417.5462	-557.5352	139.989	2.033209	0.7922518
25566	-413.916	-554.0806	140.1646	1.97272	0.5703409
25572	-420.0586	-560.1369	140.0784	1.97272	0.7511258
25578	-413.1509	-553.297	140.1461	1.940481	0.6933493
25584	-404.8211	-544.9116	140.0905	2.033301	0.6139587
25590	-408.5852	-548.6836	140.0984	2.018938	0.6304274
25596	-416.6454	-556.6925	140.0471	1.840226	0.9510032
25602	-419.8225	-559.9074	140.0848	2.050334	0.5786612
25608	-424.538	-564.7827	140.2448	1.741326	0.838854
25614	-417.461	-557.716	140.2551	1.891317	0.5015574
25620	-413.8599	-554.2058	140.3459	1.671034	0.7993233
25626	-404.7524	-544.9627	140.2103	1.781709	0.8315371
25632	-410.8935	-551.1236	140.2301	1.423641	1.172468
25638	-417.9709	-557.7996	139.8287	1.27731	1.602562
25644	-407.426	-547.1577	139.7317	1.374367	1.602562
25650	-401.9561	-541.8001	139.844	1.374367	1.519881
25656	-405.1944	-545.5637	140.3693	1.64652	0.8007061
25662	-410.5757	-550.3674	139.7917	1.373149	1.559507
25668	-407.387	-547.4967	140.1097	1.330961	1.349215
25674	-406.4801	-546.5574	140.0773	1.398866	1.320801
25680	-405.2481	-544.2133	138.9652	1.06235	2.328642
25686	-408.7592	-548.027	139.2677	1.067248	2.130448
25692	-414.4229	-553.9698	139.5469	1.328438	1.766627
25698	-407.8018	-547.4567	139.6549	1.421469	1.624058
25704	-412.6462	-552.2618	139.6156	1.426172	1.648957
25710	-415.0267	-554.6513	139.6246	1.417154	1.648957
25716	-414.1753	-554.2363	140.0609	1.335684	1.383914
25722	-411.2789	-551.5228	140.2439	1.602803	0.9928237
25728	-412.3839	-552.535	140.1511	1.752161	0.9339827
25734	-410.8485	-550.8023	139.9538	1.625601	1.235994
25740	-413.3304	-553.4005	140.0702	1.509272	1.235994
25746	-417.6402	-557.8058	140.1656	1.861501	0.7855125
25752	-413.6988	-553.7381	140.0393	1.644754	1.145759
25758	-415.7796	-555.8362	140.0566	1.627537	1.145759
25764	-416.6464	-556.5141	139.8677	1.520778	1.390285
25770	-414.3227	-554.409	140.0863	1.892462	0.8479361
25776	-414.5644	-554.7691	140.2047	1.890381	0.6776984
25782	-406.3266	-546.3232	139.9966	2.148968	0.4797831
25788	-413.0532	-553.1126	140.0593	2.075614	0.4281429
25794	-414.2552	-554.1305	139.8753	2.217523	0.3536449
25800	-410.8209	-550.69	139.8691	2.223679	0.3536449
25806	-416.4014	-555.8196	139.4182	2.61001	0.2945857
25812	-410.7188	-550.4926	139.7737	2.260585	0.299068
25818	-415.5816	-555.3846	139.8029	2.228723	0.2970891
25824	-412.7985	-552.7995	140.001	2.122365	0.4002203
25830	-414.3308	-554.1867	139.8559	2.267448	0.4002203
25836	-413.3833	-553.4649	140.0816	2.059852	0.4519963
25842	-415.5174	-555.6409	140.1235	1.874612	0.8237771
25848	-413.999	-554.2817	140.2826	1.848888	0.5913081
25854	-410.8608	-551.0932	140.2324	1.899101	0.5913081
25860	-414.5066	-554.5811	140.0745	1.867192	0.8914518
25866	-410.8252	-551.0253	140.2001	1.781941	0.8438727
25872	-409.9792	-550.2671	140.2878	1.675615	0.8662815
25878	-405.7306	-545.9457	140.2151	1.884865	0.6682298
25884	-405.9089	-545.8722	139.9633	2.183034	0.5055769
25890	-407.6619	-547.8084	140.1465	1.992093	0.5652417
25896	-410.3748	-550.6513	140.2765	1.813669	0.6869065
25902	-417.1971	-557.3992	140.2021	1.937493	0.5604336
25908	-414.1478	-554.4558	140.3079	1.83518	0.5415156
25914	-413.2193	-553.2158	139.9966	2.149676	0.4918965
25920	-410.5329	-550.5759	140.043	2.098773	0.4532914
25926	-406.0788	-546.1791	140.1003	1.79774	0.9396393
25932	-400.3756	-540.5562	140.1806	1.629641	1.028865
25938	-408.8938	-549.1778	140.284	1.71713	0.8199505
25944	-417.6652	-557.819	140.1538	1.783308	0.8966745
25950	-421.7484	-561.9064	140.158	1.783308	0.8919372
25956	-414.7601	-555.046	140.2859	1.725619	0.8064314
25962	-411.4587	-551.8477	140.3889	1.587999	0.8500969
25968	-419.1081	-559.3704	140.2623	1.55582	1.021173
25974	-413.0491	-553.3303	140.2812	1.485183	1.070753
25980	-415.8454	-555.8272	139.9818	1.358157	1.427866
25986	-414.0532	-553.9189	139.8656	1.474378	1.427866
25992	-420.2936	-560.3372	140.0436	1.751123	1.043867
25998	-416.5902	-556.7294	140.1392	1.65556	1.043867
26004	-420.0179	-560.0752	140.0573	1.778278	1.003912
26010	-415.3275	-555.324	139.9965	2.149807	0.5051554
26016	-425.4722	-565.2264	139.7543	2.363101	0.3889913
26022	-430.3076	-569.9184	139.6108	2.404569	0.2857495
26028	-416.7797	-556.7495	139.9698	2.128117	0.3600113
26034	-417.9972	-558	140.0028	2.128117	0.4171852
26040	-412.7093	-552.8234	140.1141	2.028154	0.4558314
26046	-408.9643	-548.9931	140.0288	2.113469	0.4558314
26052	-419.4055	-559.5111	140.1057	2.039356	0.474259
26058	-410.8977	-551.0718	140.1741	1.972036	0.5121859
26064	-400.6855	-540.7674	140.0819	2.064325	0.5094337
26070	-411.7489	-551.8546	140.1057	2.040673	0.5017853
26076	-413.3273	-553.2469	139.9196	2.193154	0.3812365
26082	-406.0278	-545.7827	139.7548	2.311818	0.3259842
26088	-409.6108	-549.3657	139.7548	2.311818	0.3259842
26094	-406.7607	-546.7274	139.9667	2.165825	0.4212875
26100	-407.6104	-547.6338	140.0234	2.094638	0.3901409
26106	-408.7037	-548.4594	139.7557	2.340547	0.3579158
26112	-402.3698	-542.1023	139.7325	2.321171	0.3144562
26118	-400.0181	-539.8017	139.7836	2.321685	0.3699614
26124	-400.4361	-539.984	139.5478	2.442923	0.2703293
26130	-401.3291	-541.1735	139.8444	2.234077	0.3376331
26136	-403.8977	-543.5824	139.6847	2.393744	0.3376331
26142	-398.3911	-538.4153	140.0242	2.114829	0.4418549
26148	-409.3046	-549.2257	139.921	2.189258	0.3774215
26154	-409.6471	-549.2129	139.5658	2.47849	0.3067644
26160	-402.1718	-541.6473	139.4755	2.450915	0.2372436
26166	-399.9854	-539.8169	139.8315	2.236016	0.3267695
26172	-403.1021	-542.9883	139.8861	2.210082	0.3578762
26178	-398.0919	-538.0732	139.9813	2.154894	0.4319666
26184	-400.7503	-540.9275	140.1772	1.782818	0.8703108
26190	-417.7516	-557.9958	140.2441	1.852462	0.6747811
26196	-414.0477	-554.184	140.1362	1.852462	0.8356782
26202	-406.069	-546.1785	140.1095	1.789922	0.9380851
26208	-405.7538	-546.1108	140.357	1.649673	0.812853
26214	-408.7448	-548.3249	139.5801	1.486292	1.631241
26220	-403.1132	-543.331	140.2178	1.561192	1.058842
26226	-404.9942	-545.2231	140.2289	1.462617	1.139161
26232	-404.1722	-544.4484	140.2762	1.680134	0.8745808
26238	-400.6082	-540.9348	140.3265	1.719357	0.7588279
26244	-414.3535	-554.4522	140.0987	2.046616	0.4775035
26250	-413.9005	-553.8132	139.9127	2.226381	0.4420561
26256	-418.8638	-558.9998	140.136	2.009132	0.4749971
26262	-421.1121	-561.3831	140.2709	1.807738	0.7072269
26268	-419.8084	-559.8089	140.0005	2.139975	0.4473744
26274	-417.7429	-557.726	139.9831	2.15423	0.4356296
26280	-412.0619	-551.9904	139.9285	2.20881	0.4356296
26286	-418.1537	-557.915	139.7613	2.331115	0.3531562
26292	-414.9925	-554.6587	139.6662	2.426198	0.3531562
26298	-423.4271	-562.9859	139.5588	2.487936	0.3086892
26304	-409.2944	-549.0538	139.7594	2.374017	0.4236453
26310	-405.4576	-545.556	140.0984	2.035391	0.5836073
26316	-407.3416	-547.5356	140.194	1.939792	0.5836073
26322	-410.5765	-550.5854	140.0089	2.127779	0.5729927
26328	-404.0085	-543.9742	139.9657	2.063076	0.7831751
26334	-406.477	-546.7161	140.2391	1.817047	0.7434802
26340	-413.6715	-553.8013	140.1298	1.865515	0.8273641
26346	-407.0628	-547.2855	140.2227	1.815687	0.7697274
26352	-405.9864	-546.3709	140.3845	1.65387	0.7697274
26358	-403.9615	-544.2468	140.2853	1.566479	0.9876452
26364	-408.0219	-548.1767	140.1548	1.594583	1.086616
26370	-411.021	-551.2259	140.2049	1.864176	0.7232318
26376	-421.8981	-561.769	139.8709	2.223263	0.3553647
26382	-429.2909	-569.2097	139.9188	2.223263	0.4547579
26388	-422.1613	-562.2311	140.0698	1.942878	0.8049788
26394	-410.3288	-550.5328	140.2039	1.933418	0.5703023
26400	-412.5807	-552.7356	140.1548	1.295538	1.341459
26406	-406.3308	-546.3452	140.0145	1.503205	1.28714
26412	-419.7647	-559.6732	139.9085	1.60918	1.28714
26418	-412.6408	-552.8598	140.2189	1.619311	1.001295
26424	-413.8932	-554.0725	140.1793	1.818393	0.8243035
26430	-415.5037	-555.6368	140.1331	1.984842	0.6290493
26436	-415.8817	-556.0022	140.1205	1.956282	0.7105199
26442	-419.4947	-559.6729	140.1781	1.90399	0.7012791
26448	-409.2551	-549.2948	140.0397	1.994436	0.7757572
26454	-411.5335	-551.7703	140.2368	1.857352	0.6795113
26460	-409.435	-549.5219	140.0869	1.812569	0.9380592
26466	-419.2855	-559.4963	140.2108	1.741254	0.8795709
26472	-405.2855	-545.538	140.2525	1.869903	0.6175554
26478	-409.5588	-549.8178	140.2591	1.752133	0.8069012
26484	-417.8348	-558.0689	140.2342	1.708242	0.8906535
26490	-413.2753	-553.4097	140.1345	1.966124	0.6670001
26496	-412.4085	-552.5443	140.1357	2.005881	0.5504494
26502	-402.6841	-542.758	140.0739	2.06773	0.5504494
26508	-404.8174	-545.0965	140.2791	1.85765	0.5727783
26514	-399.3102	-539.4956	140.1854	1.874832	0.7371497
26520	-402.4235	-542.5631	140.1396	1.874414	0.80323
26526	-401.3803	-541.3978	140.0175	1.814946	1.007031
26532	-404.4435	-544.6491	140.2056	1.929779	0.5779094
26538	-411.1019	-551.3984	140.2966	1.746064	0.7636044
26544	-418.5782	-558.6714	140.0932	1.555075	1.177178
26550	-419.7199	-559.959	140.2391	1.82425	0.7322684
26556	-424.5573	-564.6804	140.1231	1.682498	1.033396
26562	-413.7067	-553.749	140.0424	1.763241	1.033396
26568	-419.0357	-558.9205	139.8849	1.339906	1.515147
26574	-408.0427	-548.1403	140.0976	1.45256	1.26038
26580	-403.7306	-543.9503	140.2197	1.601893	1.017838
26586	-410.9024	-550.8618	139.9594	1.915854	0.9636214
26592	-405.3943	-545.6751	140.2808	1.834355	0.6356761
26598	-402.6151	-542.6177	140.0026	2.143189	0.4832589
26604	-408.2552	-548.5473	140.2921	1.610238	0.9349853
26610	-403.8553	-544.0532	140.1979	1.904232	0.6638143
26616	-416.115	-556.2441	140.1291	1.763824	0.9450394
26622	-408.4675	-548.823	140.3555	1.690597	0.7586193
26628	-405.3929	-545.6216	140.2287	1.81735	0.7586193
26634	-402.91	-543.1181	140.2081	1.701016	0.9276507
26640	-407.5107	-547.79	140.2793	1.691406	0.8576193
26646	-416.7984	-556.6458	139.8474	1.669799	1.28756
26652	-415.3035	-555.3901	140.0867	1.430503	1.28756
26658	-416.8477	-556.1398	139.292	1.169406	2.047307
26664	-414.8796	-554.8914	140.0118	1.361562	1.402073
26670	-411.5153	-551.6511	140.1358	1.558837	1.136403
26676	-402.2757	-542.3823	140.1066	1.571234	1.151281
26682	-410.1614	-550.2616	140.1002	1.592475	1.138089
26688	-406.8645	-547.2282	140.3636	1.6745	0.7700554
26694	-412.7059	-552.8506	140.1447	1.942654	0.692
26700	-398.5133	-538.709	140.1957	1.859163	0.7455333
26706	-411.6333	-551.7657	140.1324	1.988771	0.3959311
26712	-406.1469	-546.3158	140.1688	1.844077	0.8046618
26718	-407.9098	-547.9942	140.0844	1.89573	0.8462316
26724	-409.4152	-549.6058	140.1905	1.855503	0.7586249
26730	-404.9776	-545.0757	140.0981	1.736261	1.005174
26736	-405.841	-546.0811	140.2401	1.898105	0.5666768
26742	-406.9051	-547.1511	140.246	1.829616	0.7124719
26748	-401.8955	-542.1159	140.2205	1.888923	0.648654
26754	-409.6419	-549.9908	140.3489	1.670567	0.7958941
26760	-414.2	-554.269	140.069	1.888057	0.8737372
26766	-405.6016	-545.7916	140.19	1.740375	0.9042553
26772	-413.8495	-553.8701	140.0206	1.960897	0.8445168
26778	-414.6869	-554.8436	140.1567	1.574489	1.103309
26784	-407.474	-546.9457	139.4717	1.516307	1.687321
26790	-411.3934	-551.4378	140.0444	1.488996	1.27425
26796	-405.4157	-544.6758	139.2601	1.379209	1.928485
26802	-409.7037	-549.4102	139.7065	1.381545	1.615586
26808	-411.8113	-551.6691	139.8578	1.36487	1.516718
26814	-420.0057	-559.3025	139.2968	1.53476	1.797077
26820	-412.0103	-551.8167	139.8064	1.732534	1.269699
26826	-407.1354	-547.1349	139.9995	1.724544	1.109908
26832	-411.2122	-551.0592	139.8471	1.876941	1.109908
26838	-409.6144	-549.7363	140.1219	1.993947	0.6340101
26844	-414.5652	-554.526	139.9608	2.152332	0.6402691
26850	-400.9799	-541.261	140.2811	1.672633	0.8776484
26856	-412.2754	-552.6244	140.349	1.780649	0.5972773
26862	-418.2918	-558.5721	140.2803	1.79077	0.7200164
26868	-415.2605	-555.2951	140.0346	2.111115	0.5192352
26874	-419.3881	-559.3836	139.9955	2.14792	0.5394952
26880	-415.8455	-555.6904	139.8449	2.227048	0.3310303
26886	-416.299	-555.9548	139.6558	2.416098	0.3310303
26892	-410.4969	-550.2449	139.748	2.369183	0.3886209
26898	-406.2186	-546.2334	140.0148	2.125503	0.4467696
26904	-401.3132	-541.3073	139.9941	2.146185	0.4467696
26910	-404.0361	-543.9005	139.8644	2.264048	0.4110808
26916	-402.1921	-542.2029	140.0107	2.121137	0.5900813
26922	-414.2737	-554.4344	140.1607	1.95033	0.6449583
26928	-413.9454	-553.7391	139.7937	2.294956	0.3487378
26934	-412.1726	-551.9556	139.7831	2.285068	0.3273603
26940	-407.5571	-547.6431	140.086	2.008034	0.6797061
26946	-413.5917	-553.7882	140.1966	1.799012	0.8270167
26952	-420.5433	-560.5916	140.0482	1.769037	1.022034
26958	-414.8791	-554.9029	140.0237	2.120353	0.4669058
26964	-409.3062	-549.0822	139.776	2.311075	0.3469229
26970	-404.4534	-544.7942	140.3408	1.800884	0.5501053
26976	-410.4629	-550.5997	140.1368	1.984993	0.6191405
26982	-408.6795	-549.0001	140.3207	1.771571	0.6830752
26988	-405.7788	-545.9313	140.1525	1.851884	0.8157142
26994	-409.0774	-549.1868	140.1094	1.74166	0.9883933
27000	-416.7285	-556.9151	140.1866	1.664509	0.9883933
27006	-408.5457	-548.6053	140.0596	1.751091	1.028441
27012	-411.0412	-551.2097	140.1686	1.903765	0.717876
27018	-415.5754	-555.4957	139.9203	2.152015	0.717876
27024	-413.3502	-553.5684	140.2182	1.885698	0.6603345
27030	-412.6532	-552.8403	140.187	1.821626	0.8102435
27036	-414.7434	-555.0465	140.3031	1.715906	0.7965659
27042	-436.3023	-576.03	139.7277	1.991839	1.113928
27048	-431.9041	-571.8595	139.9554	1.892966	0.9910886
27054	-423.1967	-563.0273	139.8307	1.832479	1.164224
27060	-414.0083	-554.1125	140.1042	1.819189	0.9120787
27066	-411.0295	-551.2362	140.2066	1.628804	1.004079
27072	-412.2809	-552.3709	140.0899	1.973979	0.7314298
27078	-411.1685	-551.4313	140.2627	1.87782	0.5561066
27084	-405.0083	-545.2372	140.229	1.916367	0.5232192
27090	-405.7874	-545.5961	139.8087	2.32647	0.4288604
27096	-403.9464	-543.6935	139.7472	2.320355	0.3267754
27102	-408.7723	-547.8961	139.1238	2.670636	0.1886703
27108	-407.8741	-547.1421	139.268	2.610491	0.2172996
27114	-420.9032	-560.3887	139.4855	2.397243	0.2189505
27120	-416.8477	-556.4223	139.5746	2.509041	0.3431313
27126	-409.1429	-549.1913	140.0484	2.097924	0.5063859
27132	-403.7142	-543.3635	139.6493	2.392445	0.3047174
27138	-416.4986	-556.1498	139.6512	2.461756	0.3815741
27144	-415.1432	-554.9221	139.7789	2.295873	0.3338149
27150	-413.598	-553.6014	140.0034	2.124621	0.6020836
27156	-412.131	-552.2576	140.1266	2.013912	0.5560727
27162	-415.2082	-555.1715	139.9633	2.175267	0.5653348
27168	-419.3308	-559.2484	139.9176	2.225137	0.4582528
27174	-421.5507	-561.4202	139.8695	2.275548	0.4742112
27180	-413.9577	-553.8938	139.9362	2.180309	0.6324451
27186	-406.1386	-546.3436	140.2051	1.81049	0.8011388
27192	-410.0993	-550.2574	140.1581	1.922843	0.7033894
27198	-416.4415	-556.3149	139.8734	2.172672	0.7586201
27204	-416.0283	-556.0552	140.0268	2.040254	0.7264326
27210	-418.0259	-558.2181	140.1922	1.614082	1.032743
27216	-417.234	-557.2619	140.0279	1.692214	1.113426
27222	-414.1989	-553.5924	139.3935	1.3766	1.83944
27228	-424.5477	-564.1883	139.6406	1.309679	1.714044
27234	-420.4869	-560.3464	139.8595	1.692194	1.259128
27240	-415.8407	-555.6159	139.7751	1.711384	1.312454
27246	-418.7236	-558.7064	139.9829	2.152004	0.5797547
27252	-408.9284	-548.3006	139.3723	1.644976	1.666518
27258	-402.7571	-542.5062	139.7491	1.661211	1.373187
27264	-406.7196	-546.1968	139.4771	1.440222	1.737232
27270	-405.7336	-545.6647	139.9311	1.590729	1.283726
27276	-402.6821	-542.7909	140.1087	1.563228	1.156473
27282	-413.8244	-552.2818	138.4574	1.201094	2.560649
27288	-408.5051	-548.4427	139.9376	1.650443	1.22878
27294	-407.2089	-547.1218	139.9129	1.721115	1.189536
27300	-410.7339	-550.6705	139.9366	1.370067	1.453388
27306	-409.9	-549.8074	139.9074	1.418473	1.438679
27312	-418.2626	-557.5365	139.2739	1.166987	2.060919
27318	-424.3287	-563.9493	139.6206	1.288516	1.742994
27324	-420.8042	-560.0365	139.2324	1.295245	2.003391
27330	-424.3793	-563.8304	139.4511	1.269843	1.873122
27336	-413.7827	-553.5017	139.719	1.210998	1.728355
27342	-420.0821	-559.9784	139.8962	1.449636	1.423361
27348	-424.5866	-563.755	139.1683	1.343784	2.013692
27354	-424.9157	-564.372	139.4564	1.598297	1.639694
27360	-433.7504	-573.9804	140.23	1.631096	0.9782048
27366	-423.5298	-563.2472	139.7174	1.704327	1.364215
27372	-416.2092	-556.1843	139.975	1.82415	1.039604
27378	-417.1508	-557.2331	140.0823	1.737078	1.01994
27384	-410.8435	-550.915	140.0715	1.999493	0.7199901
27390	-421.0767	-561.2196	140.1429	1.947998	0.6855272
27396	-422.371	-562.4134	140.0424	1.794789	1.002315
27402	-419.3289	-559.4518	140.1229	1.443125	1.247201
27408	-415.1932	-555.5212	140.3281	1.714679	0.7634461
27414	-412.5427	-552.8993	140.3567	1.73371	0.6865561
27420	-421.7608	-561.1597	139.3989	1.108834	2.016628
27426	-413.6254	-553.2145	139.5891	1.371225	1.70696
27432	-415.3391	-554.1581	138.819	1.522431	2.126256
27438	-420.1011	-559.7365	139.6354	1.454022	1.614605
27444	-427.9934	-568.0494	140.056	1.333404	1.389582
27450	-422.9493	-561.8479	138.8986	1.204803	2.2802
27456	-424.5259	-562.5918	138.0659	1.518552	2.606539
27462	-415.0572	-554.1942	139.137	1.243143	2.100847
27468	-420.1245	-559.0419	138.9174	1.093284	2.339357
27474	-420.7547	-559.832	139.0772	1.156252	2.196456
27480	-420.2459	-560.1806	139.9347	1.260426	1.537179
27486	-420.4739	-559.4355	138.9616	1.072638	2.324405
27492	-418.9965	-555.3743	136.3778	1.089285	3.861788
27498	-413.7768	-552.5571	138.7803	0.9234787	2.532457
27504	-426.0839	-563.7425	137.6585	0.9282627	3.20943
27510	-427.7479	-567.89	140.1422	1.963065	0.6574979
27516	-426.5257	-566.4706	139.945	2.056926	0.8189718
27522	-422.183	-562.2666	140.0836	2.056926	0.556027
27528	-416.2101	-556.506	140.2958	1.739333	0.774308
27534	-410.918	-550.5436	139.6256	1.690724	1.44599
27540	-403.363	-543.4747	140.1117	1.559906	1.156818
27546	-405.235	-545.4713	140.2363	1.674816	0.9254573
27552	-409.6183	-549.5447	139.9264	1.408906	1.431494
27558	-414.6467	-554.2817	139.635	1.700236	1.431494
27564	-413.4021	-553.6508	140.2487	1.747429	0.8263361
27570	-415.4757	-555.4202	139.9445	1.955636	0.9373105
27576	-415.2628	-555.3617	140.099	1.801228	0.9373105
27582	-419.6334	-559.8269	140.1934	1.923843	0.630528
27588	-420.3924	-560.3901	139.9977	2.097598	0.6773855
27594	-414.9571	-554.9404	139.9833	2.118924	0.6636502
27600	-415.0877	-555.1429	140.0552	2.011372	0.727181
27606	-406.2404	-546.2412	140.0008	2.145467	0.4919624
27612	-397.771	-537.7503	139.9793	2.162167	0.4519557
27618	-401.4192	-541.0842	139.665	2.408133	0.332195
27624	-410.5856	-550.342	139.7564	2.293475	0.3112085
27630	-407.8922	-547.6209	139.7288	2.343272	0.3311202
27636	-410.1671	-550.0951	139.928	2.209463	0.4360492
27642	-405.7702	-545.6747	139.9045	2.238563	0.4603066
27648	-411.5166	-551.6606	140.144	1.951173	0.6775693
27654	-404.1033	-544.0501	139.9468	2.195006	0.4536185
27660	-402.705	-542.8142	140.1091	2.037025	0.5109281
27666	-413.7096	-553.7597	140.0501	2.095873	0.5146696
27672	-406.0738	-546.2379	140.1641	1.816182	0.8460755
27678	-401.2926	-541.5859	140.2933	1.831842	0.6102366
27684	-403.1483	-543.4629	140.3146	1.599747	0.9219701
27690	-413.5142	-553.7487	140.2345	1.688592	0.9124117
27696	-422.4619	-562.3834	139.9215	2.21137	0.5869125
27702	-415.8286	-555.9971	140.1686	1.855184	0.7900909
27708	-404.2604	-544.2788	140.0184	2.078753	0.6737331
27714	-403.0431	-543.0517	140.0086	2.11534	0.6136808
27720	-402.5148	-542.6472	140.1324	2.000938	0.5852495
27726	-413.684	-553.8224	140.1383	1.428878	1.246221
27732	-410.7503	-550.1664	139.4161	1.24098	1.916502
27738	-404.4621	-543.6771	139.2151	1.241712	2.050407
27744	-409.5759	-549.9011	140.3252	1.374629	1.131716
27750	-409.6025	-549.4091	139.8066	1.662079	1.326861
27756	-401.3473	-541.2346	139.8873	1.443642	1.434826
27762	-411.7755	-552.0187	140.2432	1.597788	0.9985468
27768	-404.6624	-544.803	140.1406	1.670048	1.0285
27774	-405.4182	-545.5963	140.1781	1.403507	1.234139
27780	-409.516	-549.6856	140.1696	1.391829	1.251032
27786	-412.3472	-552.0963	139.7491	1.231011	1.692956
27792	-417.196	-557.525	140.3289	1.064936	1.38606
27798	-420.8391	-560.2554	139.4163	1.539637	1.710094
27804	-422.9177	-563.2962	140.3786	1.762376	0.5540533
27810	-415.3216	-555.4881	140.1665	1.974455	0.5540533
27816	-421.2704	-561.4022	140.1318	1.6514	1.054921
27822	-407.9857	-548.1176	140.1319	1.651288	1.054921
27828	-411.834	-551.9925	140.1585	1.787897	0.8861496
27834	-410.1025	-550.3698	140.2672	1.874195	0.5514187
27840	-410.1685	-550.4395	140.271	1.84847	0.6251625
27846	-409.2854	-549.4733	140.1879	1.881758	0.7222032
27852	-413.5139	-553.6083	140.0944	1.61818	1.120264
27858	-407.5784	-547.7942	140.2158	1.27083	1.312381
27864	-401.4625	-541.2578	139.7953	1.368934	1.559978
27870	-406.1915	-546.2957	140.1043	1.32243	1.360265
27876	-414.5317	-554.84	140.3083	1.476545	1.053305
27882	-413.1306	-553.4229	140.2923	1.492559	1.053305
27888	-418.9576	-559.1986	140.241	1.692132	0.9011779
27894	-413.452	-553.2222	139.7702	1.749147	1.285794
27900	-411.0802	-551.2867	140.2065	1.456842	1.164044
27906	-412.6826	-552.638	139.9554	1.679601	1.188727
27912	-410.2336	-550.4704	140.2368	1.718142	0.876266
27918	-409.626	-549.7983	140.1723	1.78278	0.8761148
27924	-406.637	-546.7443	140.1073	1.847718	0.8761148
27930	-408.9892	-549.0245	140.0353	1.58708	1.199524
27936	-409.6089	-549.4246	139.8157	1.285387	1.606163
27942	-412.5714	-552.4626	139.8912	1.266159	1.565045
27948	-406.2353	-546.2338	139.9985	1.662433	1.166154
27954	-402.8114	-542.6982	139.8868	1.451417	1.429229
27960	-402.6399	-542.7028	140.0629	1.344605	1.375382
27966	-403.148	-543.2495	140.1016	1.49602	1.220693
27972	-409.1964	-549.4831	140.2866	1.576061	0.9765572
27978	-418.665	-558.7393	140.0743	1.766791	0.9984572
27984	-409.1727	-549.3686	140.1959	1.922187	0.6286305
27990	-410.5062	-550.5395	140.0333	1.858035	0.9467659
27996	-407.8217	-547.9971	140.1754	1.809495	0.8403564
28002	-413.5743	-553.6066	140.0323	1.913831	0.8864534
28008	-404.9482	-545.1147	140.1665	1.598579	1.072013
28014	-413.8536	-553.8744	140.0208	1.746654	1.069785
28020	-416.7234	-556.7887	140.0653	1.70216	1.069785
28026	-416.1757	-556.1876	140.0119	1.629867	1.182862
28032	-416.057	-556.3314	140.2744	1.68554	0.8703959
28038	-406.4832	-546.5777	140.0945	1.93205	0.7863224
28044	-407.7778	-548.1315	140.3538	1.784411	0.5668929
28050	-408.0687	-548.1409	140.0722	2.060995	0.5856773
28056	-411.0015	-551.3323	140.3309	1.768752	0.6688554
28062	-413.0347	-553.2902	140.2555	1.886834	0.5465037
28068	-411.377	-551.6353	140.2583	1.71339	0.8563878
28074	-414.0785	-554.3541	140.2756	1.789173	0.7300804
28080	-411.9758	-551.9247	139.9489	2.075701	0.7889322
28086	-409.7944	-549.9325	140.1381	1.814483	0.8789524
28092	-414.0353	-554.1072	140.0718	1.789949	0.9775042
28098	-415.6363	-555.9277	140.2914	1.785288	0.7106474
28104	-408.7803	-549.1015	140.3211	1.776137	0.6734776
28110	-410.1556	-550.3338	140.1783	1.957538	0.5763693
28116	-411.8658	-552.1131	140.2473	1.858567	0.656096
28122	-413.1857	-553.2697	140.084	2.021921	0.656096
28128	-412.7542	-552.908	140.1538	1.990829	0.5302266
28134	-410.0018	-550.1195	140.1176	1.935465	0.7481441
28140	-413.8566	-553.9536	140.097	2.028418	0.4044032
28146	-409.7879	-549.7436	139.9556	2.183466	0.4420746
28152	-406.557	-546.3526	139.7955	2.338348	0.4250437
28158	-409.6946	-549.499	139.8044	2.29304	0.3593877
28164	-414.6675	-554.4641	139.7965	2.313014	0.376248
28170	-406.194	-546.0515	139.8576	2.170207	0.2942898
28176	-412.375	-552.1948	139.8198	2.306044	0.4053935
28182	-413.9776	-553.7679	139.7903	2.284272	0.3336114
28188	-409.2077	-549.132	139.9242	2.20883	0.4227816
28194	-406.154	-546.503	140.3489	1.706142	0.7451471
28200	-397.0212	-537.3553	140.3341	1.595925	0.9046773
28206	-401.2323	-541.5789	140.3466	1.395778	1.093107
28212	-402.1192	-542.3697	140.2505	1.490973	1.093872
28218	-409.4754	-549.6269	140.1515	1.632382	1.054276
28224	-404.8049	-544.955	140.1501	1.758432	0.9283422
28230	-408.4519	-548.6333	140.1815	1.553544	1.099864
28236	-406.1094	-545.8818	139.7724	1.455094	1.513092
28242	-403.4008	-543.5419	140.1411	1.458467	1.219008
28248	-411.8568	-551.9481	140.0913	1.416307	1.295344
28254	-416.4036	-556.7448	140.3412	1.497037	1.001311
28260	-409.0238	-548.9648	139.941	1.610837	1.259031
28266	-407.2645	-547.5407	140.2761	1.706766	0.8428215
28272	-407.6863	-547.6846	139.9983	2.146189	0.5316333
28278	-409.2236	-548.8634	139.6398	2.436101	0.3350294
28284	-409.041	-548.7386	139.6976	2.418476	0.3868388
28290	-409.9475	-549.6044	139.6569	2.420922	0.3369533
28296	-407.6398	-546.9286	139.2887	2.613509	0.2268
28302	-409.3997	-548.5629	139.1632	2.627856	0.1876542
28308	-414.8264	-554.3125	139.4862	2.386153	0.2149718
28314	-404.0765	-543.9174	139.8409	2.28204	0.3993616
28320	-406.9888	-547.1295	140.1407	1.961796	0.6631858
28326	-408.6721	-548.8877	140.2156	1.910687	0.6070398
28332	-409.6542	-549.848	140.1938	1.89256	0.6938492
28338	-407.9446	-548.1511	140.2065	1.879828	0.6938492
28344	-407.4973	-547.49	139.9927	2.130913	0.6143591
28350	-414.8143	-554.8553	140.041	2.051154	0.6831515
28356	-410.7168	-550.8056	140.0888	2.052979	0.5496593
28362	-408.7083	-549.0779	140.3696	1.631913	0.8194419
28368	-409.1145	-549.3236	140.2092	1.764422	0.8541702
28374	-408.5929	-548.7637	140.1708	1.969583	0.5570247
28380	-410.4611	-550.5728	140.1116	2.009833	0.6200631
28386	-409.2638	-549.4929	140.2291	1.848229	0.709462
28392	-410.2094	-550.4117	140.2023	1.939638	0.5486529
28398	-414.0268	-554.1167	140.09	2.029573	0.6249935
28404	-420.0361	-560.2084	140.1724	1.946643	0.6263302
28410	-413.0581	-553.3572	140.2991	1.697528	0.8256928
28416	-412.8269	-552.9184	140.0916	1.697528	1.049282
28422	-411.6616	-551.7023	140.0407	1.48924	1.277068
28428	-419.0321	-559.2411	140.209	1.623779	1.006765
28434	-428.2487	-568.3087	140.06	1.405568	1.329327
28440	-411.7904	-552.0816	140.2912	1.709589	0.8204195
28446	-411.5969	-551.7179	140.121	1.615661	1.098306
28452	-402.2254	-542.3237	140.0983	1.83335	0.9028728
28458	-406.1107	-546.1615	140.0508	2.018954	0.7221385
28464	-418.7058	-558.7243	140.0185	2.127689	0.4904262
28470	-412.4821	-552.7273	140.2452	1.769023	0.8028806
28476	-417.0314	-557.3593	140.3279	1.686284	0.8028806
28482	-422.5218	-562.7427	140.2209	1.823523	0.7610324
28488	-415.9267	-556.2002	140.2735	1.857808	0.5920232
28494	-411.5151	-551.6641	140.149	1.981672	0.5939396
28500	-413.8603	-554.0048	140.1446	1.998781	0.5400466
28506	-415.6608	-555.689	140.0283	2.02666	0.7453795
28512	-409.8155	-550.0856	140.2701	1.7848	0.7453795
28518	-413.5085	-553.7596	140.2512	1.805647	0.7425089
28524	-409.1358	-549.0371	139.9013	1.827741	1.105358
28530	-412.2414	-552.3932	140.1518	1.631769	1.054507
28536	-413.6966	-553.7286	140.0321	1.515953	1.262183
28542	-406.31	-546.2531	139.9431	1.604915	1.262183
28548	-398.2988	-538.5684	140.2695	1.619881	0.9487969
28554	-404.1334	-544.1768	140.0434	1.788928	1.007139
28560	-401.1269	-541.3003	140.1734	1.966813	0.5574823
28566	-401.9392	-542.0641	140.1249	2.016493	0.5517361
28572	-406.7372	-546.9086	140.1714	1.958306	0.5970975
28578	-412.6188	-552.7171	140.0983	2.032377	0.5939581
28584	-412.4387	-552.4149	139.9761	2.169871	0.5137978
28590	-408.7495	-548.4254	139.6759	2.432608	0.3747659
28596	-406.9187	-546.7553	139.8366	2.298513	0.4287549
28602	-415.3855	-555.3632	139.9778	2.167973	0.4820751
28608	-408.5205	-548.4366	139.9162	2.223022	0.442354
28614	-422.1724	-561.8925	139.7201	2.404989	0.4037873
28620	-423.0177	-562.5863	139.5686	2.544669	0.3821559
28626	-411.5247	-550.7364	139.2117	2.643122	0.208537
28632	-408.5772	-547.7509	139.1737	2.643122	0.1956472
28638	-401.741	-541.2228	139.4818	2.497552	0.2638125
28644	-410.5713	-550.1615	139.5902	2.45216	0.3052165
28650	-416.5605	-556.0385	139.478	2.525906	0.2783067
28656	-414.5817	-554.2727	139.691	2.373785	0.3242799
28662	-410.5231	-550.2752	139.7521	2.355279	0.3730022
28668	-407.8376	-547.5766	139.739	2.348214	0.3471162
28674	-407.4511	-547.0592	139.6081	2.475376	0.3429548
28680	-418.5176	-558.1764	139.6589	2.400844	0.3196728
28686	-408.418	-548.3656	139.9477	2.196969	0.5302028
28692	-410.757	-550.2611	139.504	2.483264	0.2683001
28698	-416.364	-556.0947	139.7307	2.381114	0.379838
28704	-407.9804	-547.6423	139.662	2.424202	0.3459436
28710	-406.4714	-546.1488	139.6773	2.330023	0.2804784
28716	-406.3662	-546.1692	139.803	2.302	0.3695887
28722	-409.9122	-549.534	139.6218	2.47243	0.3554133
28728	-408.0051	-547.8134	139.8083	2.287843	0.3577632
28734	-402.8775	-542.6858	139.8083	2.287843	0.3577632
28740	-411.9763	-551.8258	139.8495	2.287843	0.4356626
28746	-408.5763	-548.6311	140.0549	2.091196	0.4878029
28752	-405.2741	-545.3429	140.0687	2.075811	0.5309005
28758	-398.2051	-538.2276	140.0225	2.104866	0.4086358
28764	-403.6505	-543.6712	140.0208	2.105956	0.4072844
28770	-412.9921	-552.9453	139.9532	2.183466	0.4335749
28776	-402.0944	-541.4228	139.3284	2.640912	0.2582954
28782	-402.6978	-541.9247	139.2269	2.742387	0.2582954
28788	-405.0692	-544.2209	139.1516	2.791289	0.2449449
28794	-416.083	-555.7633	139.6804	2.448764	0.4127611
28800	-414.663	-554.0804	139.4174	2.63041	0.3095903
28806	-420.0957	-559.5436	139.4479	2.589794	0.3016322
28812	-417.7175	-557.288	139.5705	2.467249	0.3016322
28818	-409.9565	-549.6525	139.696	2.404905	0.3639462
28824	-413.2987	-553.2927	139.994	2.148075	0.4548386
28830	-418.2345	-558.2549	140.0204	2.121666	0.4548386
28836	-421.6315	-561.6386	140.0071	2.121666	0.5999088
28842	-419.9913	-560.3183	140.3269	1.639675	0.8625073
28848	-423.5159	-563.5496	140.0337	1.855046	0.9494662
28854	-412.7973	-552.9798	140.1825	1.818755	0.8198025
28860	-409.7777	-549.9723	140.1946	1.892775	0.6920747
28866	-408.9725	-549.2028	140.2303	1.854937	0.6957695
28872	-414.0294	-554.2192	140.1898	1.885047	0.7137103
28878	-417.6415	-557.9357	140.2943	1.834834	0.5988029
28884	-417.6357	-557.3797	139.744	2.397739	0.4534653
28890	-422.5536	-562.35	139.7964	2.325289	0.3969833
28896	-416.1081	-555.5959	139.4878	2.503053	0.2703753
28902	-412.5696	-552.4917	139.922	2.218958	0.4498541
28908	-417.5288	-557.3262	139.7974	2.314636	0.3801428
28914	-414.3104	-554.2003	139.89	2.256187	0.4888371
28920	-411.2608	-551.1568	139.896	2.249688	0.4814294
28926	-421.2998	-561.2589	139.9591	2.186831	0.5150247
28932	-428.3313	-568.3188	139.9875	2.036881	0.7892478
28938	-428.6894	-568.071	139.3816	1.474331	1.780182
28944	-430.4695	-570.2319	139.7624	1.746526	1.294285
28950	-421.6009	-561.2709	139.67	1.487621	1.564855
28956	-427.5097	-567.5983	140.0886	1.344906	1.354886
28962	-432.683	-572.323	139.64	1.497968	1.579231
28968	-432.0976	-571.8003	139.7027	1.508684	1.525105
28974	-422.883	-561.7845	138.9015	1.466524	2.108812
28980	-420.7422	-559.9748	139.2326	1.458346	1.89351
28986	-409.2532	-548.9746	139.7214	1.303973	1.660736
28992	-406.8869	-546.2972	139.4103	1.223523	1.932154
28998	-408.0377	-546.8232	138.7855	1.032306	2.461183
29004	-422.7509	-561.4443	138.6934	1.124428	2.461183
29010	-419.5457	-559.2583	139.7126	1.271206	1.690341
29016	-423.1985	-563.2555	140.0571	1.412445	1.326159
29022	-418.2511	-558.2228	139.9717	1.497789	1.326159
29028	-419.241	-559.2699	140.0288	1.483696	1.291354
29034	-421.0823	-561.2755	140.1933	1.870635	0.7314663
29040	-425.9168	-566.0213	140.1045	1.961214	0.7285233
29046	-418.1437	-558.401	140.2573	1.808459	0.7285233
29052	-426.5961	-566.5668	139.9706	2.068641	0.7684481
29058	-416.6125	-556.6835	140.071	2.05103	0.6186154
29064	-414.3466	-554.2959	139.9493	2.186767	0.575428
29070	-411.4622	-551.4922	140.03	1.777607	1.031447
29076	-420.6834	-560.8484	140.1649	1.900116	0.7296588
29082	-424.4905	-564.5718	140.0813	2.031573	0.6409218
29088	-425.6009	-565.5326	139.9317	2.21458	0.5061396
29094	-418.2073	-558.2617	140.0544	2.089769	0.534066
29100	-428.6638	-568.8131	140.1493	1.921991	0.7196598
29106	-425.2498	-565.2192	139.9693	2.116432	0.6948544
29112	-420.7879	-560.8968	140.1089	1.976916	0.6948544
29118	-412.3119	-552.4303	140.1184	1.962698	0.7030744
29124	-417.5777	-557.8751	140.2973	1.699762	0.8250934
29130	-416.9219	-557.0578	140.1359	1.861157	0.8250934
29136	-413.8281	-554.0082	140.1801	1.795119	0.8522034
29142	-414.2559	-554.445	140.1891	1.786148	0.8522034
29148	-426.034	-565.9829	139.9489	1.786148	1.099804
29154	-426.3432	-566.4309	140.0878	1.994212	0.7015318
29160	-420.9463	-560.6743	139.728	1.772894	1.300836
29166	-412.6775	-552.9086	140.2312	1.854547	0.6949835
29172	-412.7857	-552.9653	140.1796	1.824632	0.8159312
29178	-407.7039	-547.896	140.1921	1.696233	0.94988
29184	-400.8482	-541.035	140.1868	1.80647	0.8299666
29190	-412.7721	-552.6773	139.9053	1.959914	0.9740203
29196	-416.5326	-556.6738	140.1413	1.950167	0.6845917
29202	-409.4055	-549.5536	140.1482	1.81675	0.8645216
29208	-413.822	-553.9705	140.1484	1.816474	0.8645216
29214	-410.873	-550.7483	139.8753	1.417197	1.46419
29220	-412.0118	-552.1351	140.1233	1.701664	1.014477
29226	-413.9796	-554.1966	140.217	1.83232	0.7537937
29232	-422.214	-562.2035	139.9894	1.509516	1.302386
29238	-409.5219	-549.5171	139.9951	1.614091	1.210798
29244	-419.6874	-559.9367	140.2494	1.682754	0.9022973
29250	-407.253	-547.5676	140.3146	1.516316	1.008583
29256	-404.0239	-544.1648	140.1409	1.798893	0.8936767
29262	-408.6118	-548.8868	140.275	1.664808	0.8936767
29268	-411.3962	-551.5684	140.1723	1.815733	0.8365234
29274	-412.7672	-552.8869	140.1197	1.59946	1.114308
29280	-415.7564	-555.887	140.1307	1.420097	1.259902
29286	-431.8589	-570.6972	138.8383	1.681869	2.008349
29292	-421.9287	-560.8311	138.9025	1.324529	2.200651
29298	-421.7239	-561.7148	139.9909	1.580005	1.243158
29304	-407.6479	-547.4928	139.8449	1.749583	1.223304
29310	-402.5945	-542.491	139.8964	1.618846	1.289119
29316	-413.6576	-553.187	139.5294	1.669166	1.534648
29322	-414.0231	-554.2398	140.2166	1.431539	1.177281
29328	-409.7484	-549.7645	140.0162	1.632026	1.177281
29334	-413.1143	-553.1495	140.0352	1.645697	1.148609
29340	-419.5218	-559.3176	139.7958	1.979101	1.06274
29346	-420.321	-560.3769	140.0559	1.910794	0.8624611
29352	-418.5182	-558.4744	139.9562	2.135468	0.3522866
29358	-406.8547	-546.4875	139.6328	2.425807	0.3186801
29364	-409.2927	-549.3102	140.0175	2.126004	0.4630965
29370	-412.7626	-552.9502	140.1876	1.948416	0.5754457
29376	-405.6839	-545.8701	140.1862	1.948416	0.5808892
29382	-407.3831	-547.6896	140.3064	1.574559	0.9576168
29388	-400.1802	-540.6109	140.4307	1.375623	1.032694
29394	-398.3842	-538.6785	140.2943	1.432756	1.107114
29400	-398.6001	-538.8795	140.2794	1.630296	0.9270053
29406	-400.4744	-540.7175	140.2431	1.569663	1.026407
29412	-403.6588	-543.9333	140.2745	1.30719	1.234103
29418	-403.4375	-543.1176	139.6801	1.325324	1.674951
29424	-404.754	-544.2923	139.5384	1.308841	1.786208
29430	-407.4292	-547.3039	139.8748	1.265574	1.577521
29436	-404.9958	-544.9388	139.943	1.579122	1.283512
29442	-400.7745	-540.7942	140.0197	1.502396	1.283512
29448	-403.417	-543.0391	139.6221	1.583983	1.529076
29454	-406.3186	-546.5112	140.1926	1.676146	0.9703504
29460	-402.2363	-542.5245	140.2883	1.580468	0.9703504
29466	-404.5302	-544.5892	140.059	1.917369	0.8507821
29472	-414.0457	-553.7782	139.7325	1.454166	1.543434
29478	-419.4027	-558.9894	139.5867	1.611295	1.535035
29484	-418.1266	-558.0669	139.9403	1.818324	1.078064
29490	-415.9843	-556.2531	140.2688	1.584216	0.9864012
29496	-426.3881	-566.6433	140.2551	1.677449	0.9018087
29502	-419.9719	-559.4621	139.4902	1.332876	1.802949
29508	-417.8107	-557.4691	139.6583	1.164736	1.802949
29514	-421.6997	-560.8334	139.1338	1.201976	2.129953
29520	-410.683	-550.4413	139.7583	1.270061	1.658537
29526	-416.9621	-556.8381	139.8761	1.595576	1.324448
29532	-422.7318	-562.2428	139.5109	1.566661	1.623158
29538	-421.0638	-560.51	139.4462	1.241593	1.895678
29544	-409.031	-548.2384	139.2074	1.224286	2.066943
29550	-404.2194	-544.0163	139.7969	1.193804	1.685446
29556	-412.0195	-550.8682	138.8487	1.10989	2.372438
29562	-416.4114	-556.7714	140.36	1.60737	0.8615954
29568	-411.3916	-551.3625	139.9709	1.698754	1.158503
29574	-406.2752	-546.2822	140.007	1.893734	0.9367128
29580	-404.143	-544.2461	140.1031	1.828818	0.9025477
29586	-407.3756	-547.6163	140.2408	1.816769	0.7413973
29592	-410.6382	-550.7381	140.0999	1.926111	0.7870621
29598	-413.7438	-553.7426	139.9988	1.880666	0.9592396
29604	-412.1508	-552.0822	139.9314	2.011489	0.8901535
29610	-412.5659	-552.7236	140.1577	1.620385	1.059756
29616	-411.5474	-551.6048	140.0575	1.25533	1.448692
29622	-412.1747	-552.3846	140.2099	1.539106	1.087003
29628	-410.475	-550.3511	139.8761	1.2473	1.589918
29634	-408.0382	-547.4319	139.3937	1.412705	1.814451
29640	-402.7858	-542.8359	140.05	1.630059	1.149308
29646	-407.7681	-547.8314	140.0633	1.63266	1.135204
29652	-409.6978	-549.8492	140.1514	1.406753	1.253762
29658	-418.0115	-557.9166	139.9051	1.437292	1.426021
29664	-411.4645	-550.97	139.5055	1.707842	1.523636
29670	-406.2227	-545.9759	139.7532	1.908738	1.165302
29676	-408.7402	-548.8835	140.1433	1.955362	0.6707616
29682	-412.4414	-552.5851	140.1436	1.977471	0.6210022
29688	-405.2216	-545.1477	139.9262	2.033359	0.8708781
29694	-408.7992	-548.6519	139.8527	2.287367	0.4456492
29700	-408.5473	-548.3635	139.8162	1.82757	1.181089
29706	-406.6897	-546.7713	140.0816	1.671208	1.083428
29712	-402.8246	-542.6055	139.7809	1.971911	1.083428
29718	-411.823	-552.0443	140.2213	1.707402	0.9061277
29724	-404.99	-545.0152	140.0252	1.651123	1.152623
29730	-409.9875	-549.8005	139.813	1.930902	1.091715
29736	-419.452	-559.7228	140.2708	1.713816	0.8407566
29742	-420.2377	-560.0618	139.8241	1.569483	1.386313
29748	-413.6158	-553.4435	139.8277	1.457455	1.469753
29754	-414.7205	-554.7675	140.047	1.588502	1.188237
29760	-415.1268	-555.1758	140.049	1.428479	1.319733
29766	-410.1259	-549.9873	139.8614	1.61606	1.319733
29772	-408.3583	-548.3337	139.9754	1.529576	1.297474
29778	-408.7334	-548.6171	139.8837	1.621346	1.297474
29784	-412.9592	-552.7166	139.7574	1.754076	1.292215
29790	-413.4337	-553.7417	140.308	1.276945	1.231386
29796	-405.2267	-545.4156	140.1888	1.615841	1.0343
29802	-407.9482	-547.6856	139.7375	1.404248	1.576525
29808	-408.1128	-547.8722	139.7594	1.39727	1.565554
29814	-405.4596	-544.9782	139.5186	1.202233	1.873168
29820	-404.3765	-543.7129	139.3364	1.38446	1.873168
29826	-414.8157	-553.9175	139.1018	1.139716	2.191263
29832	-417.5558	-556.4049	138.849	1.188538	2.322247
29838	-410.3805	-549.6859	139.3054	1.204062	2.015467
29844	-402.8241	-542.2362	139.4121	1.369131	1.831812
29850	-413.8616	-553.9162	140.0547	1.876995	0.9028418
29856	-408.7716	-548.8604	140.0888	2.04432	0.5859744
29862	-409.3182	-549.5576	140.2394	1.798218	0.7707271
29868	-410.2189	-550.3046	140.0857	1.95198	0.7707271
29874	-413.5075	-553.7057	140.1982	1.893036	0.6849544
29880	-413.2484	-553.4871	140.2387	1.618814	0.9818335
29886	-406.0927	-545.8859	139.7932	1.452765	1.499316
29892	-410.6716	-550.2199	139.5482	1.585845	1.582132
29898	-416.1526	-556.4942	140.3416	1.545106	0.9516371
29904	-416.1191	-556.2902	140.171	1.421183	1.22522
29910	-413.2319	-553.1587	139.9268	1.956234	0.9554918
29916	-410.7327	-550.4625	139.7298	2.353328	0.3426109
29922	-409.3296	-548.6894	139.3598	2.634921	0.2726783
29928	-408.3635	-547.6606	139.2971	2.697628	0.2726783
29934	-407.5554	-546.9646	139.4092	2.585542	0.2726783
29940	-410.2268	-549.5242	139.2975	2.585542	0.2190579
29946	-410.6237	-549.9402	139.3165	2.585542	0.2267137
29952	-414.1929	-553.866	139.6731	2.366107	0.3027499
29958	-405.7026	-545.4124	139.7098	2.391212	0.3641319
29964	-398.8527	-538.5172	139.6645	2.347009	0.2831761
29970	-402.3608	-541.9988	139.638	2.38441	0.2905357
29976	-401.2823	-541.0281	139.7458	2.327644	0.3325383
29982	-407.0647	-546.8474	139.7827	2.301542	0.3438304
29988	-401.6036	-541.9108	140.3072	1.588002	0.9426312
29994	-403.8026	-543.6017	139.7991	1.65542	1.338158
30000	-407.5965	-547.5716	139.9751	1.811053	1.052122
30006	-413.6913	-553.2459	139.5546	1.489591	1.647214
30012	-412.5024	-552.5556	140.0532	1.631201	1.145519
30018	-419.6473	-559.4153	139.768	1.476599	1.500326
30024	-412.5001	-552.2876	139.7875	1.457904	1.499693
30030	-427.46	-567.6611	140.201	1.659576	0.9786883
30036	-409.6753	-549.4578	139.7824	1.671386	1.338707
30042	-408.1226	-547.69	139.5674	1.567319	1.581653
30048	-399.3668	-538.879	139.5122	1.414881	1.7304
30054	-402.7774	-542.5973	139.8199	1.324804	1.574345
30060	-403.5538	-542.4703	138.9165	1.442683	2.114619
30066	-390.6181	-530.6379	140.0198	1.438414	1.335204
30072	-402.6744	-542.4566	139.7822	1.867725	1.17573
30078	-395.9892	-536.0222	140.033	1.512836	1.263964
30084	-401.3917	-541.6006	140.2089	1.481912	1.139784
30090	-410.3762	-550.4072	140.031	1.398063	1.358415
30096	-403.5377	-543.8164	140.2787	1.660638	0.8941989
30102	-403.5582	-543.7648	140.2066	1.459724	1.161407
30108	-405.8226	-545.3743	139.5516	1.31685	1.771414
30114	-405.0611	-544.4623	139.4013	1.486056	1.75828
30120	-411.7433	-551.7324	139.9891	1.398117	1.391254
30126	-417.4001	-557.15	139.7499	1.487929	1.50536
30132	-412.8805	-552.848	139.9675	1.648124	1.205302
30138	-406.6362	-546.5796	139.9434	1.500495	1.346629
30144	-401.1098	-541.3505	140.2407	1.500495	1.09421
30150	-413.2247	-552.9918	139.7671	1.521015	1.467505
30156	-421.4349	-561.589	140.154	1.946933	0.6662149
30162	-405.2356	-545.3468	140.1112	2.028963	0.5579525
30168	-412.5309	-552.1111	139.5802	2.497395	0.3367046
30174	-410.4728	-549.9951	139.5223	2.454632	0.2624261
30180	-419.1147	-559.1624	140.0478	2.09583	0.4634768
30186	-414.2148	-554.2289	140.0141	2.032761	0.757381
30192	-413.5755	-553.3714	139.7958	1.740997	1.271418
30198	-412.3118	-552.1024	139.7906	1.777015	1.245907
30204	-409.3192	-548.9239	139.6047	1.529681	1.581876
30210	-412.439	-552.0357	139.5967	1.337007	1.725779
30216	-413.9621	-553.6414	139.6794	1.610174	1.466404
30222	-415.2965	-554.7662	139.4697	1.492022	1.705968
30228	-420.6096	-560.1943	139.5846	1.387842	1.698371
30234	-421.9904	-561.8504	139.86	1.40709	1.483425
30240	-427.4255	-567.6782	140.2527	1.495135	1.088058
30246	-422.816	-562.6539	139.838	1.879069	1.116206
30252	-416.706	-557.0737	140.3677	1.692627	0.7370806
30258	-412.5043	-552.7653	140.261	1.754634	0.8010105
30264	-413.7328	-553.8037	140.071	1.811707	0.9558548
30270	-411.3638	-551.492	140.1281	1.422387	1.26012
30276	-409.732	-549.7461	140.0141	1.320577	1.431913
30282	-409.5821	-549.5614	139.9793	1.355433	1.431913
30288	-410.5631	-549.5183	138.9551	1.237933	2.222584
30294	-420.6752	-560.7362	140.061	1.29373	1.416517
30300	-414.0627	-553.3549	139.2922	1.147897	2.0614
30306	-405.6166	-545.6432	140.0266	1.184671	1.52522
30312	-405.6039	-545.4041	139.8002	1.411075	1.52522
30318	-421.8523	-561.5534	139.7011	1.394495	1.610113
30324	-422.8232	-562.9555	140.1323	1.503732	1.18777
30330	-416.9597	-557.0984	140.1387	1.49737	1.18777
30336	-418.3639	-558.3826	140.0187	1.389581	1.374755
30342	-408.0268	-548.0662	140.0394	1.210632	1.496212
30348	-407.8263	-547.8115	139.9852	1.337287	1.441303
30354	-414.5339	-554.1931	139.6592	1.538786	1.535061
30360	-412.4901	-552.4198	139.9296	1.42333	1.417852
30366	-409.8983	-549.5841	139.6858	1.359688	1.646284
30372	-402.1824	-542.3768	140.1944	1.636974	1.008097
30378	-401.1484	-541.2447	140.0963	1.877086	0.8543996
30384	-402.6585	-542.7316	140.0732	1.761737	1.004621
30390	-400.531	-540.5954	140.0645	1.471669	1.271991
30396	-404.6348	-544.5943	139.9595	1.344057	1.455758
30402	-409.7622	-549.8952	140.133	1.415269	1.261962
30408	-410.1728	-550.0335	139.8607	1.525829	1.391828
30414	-417.1973	-557.6205	140.4232	1.637399	0.7366146
30420	-416.3615	-556.6271	140.2656	1.771209	0.771989
30426	-415.2908	-555.0543	139.7635	1.599111	1.410423
30432	-419.3671	-559.3777	140.0106	1.740311	1.085173
30438	-423.0194	-562.8185	139.7991	2.079866	0.9597419
30444	-424.2041	-564.3899	140.1858	1.835107	0.7939944
30450	-421.7666	-561.8653	140.0986	1.945901	0.7608281
30456	-434.8038	-574.7534	139.9496	2.174628	0.6127299
30462	-423.4713	-563.6734	140.2021	1.928848	0.5932027
30468	-412.9271	-553.0818	140.1547	1.981169	0.5761311
30474	-416.9318	-557.073	140.1412	1.961005	0.6637265
30480	-409.3555	-549.4918	140.1363	1.888868	0.7882191
30486	-405.3091	-545.5025	140.1934	1.477822	1.157153
30492	-413.8058	-553.692	139.8863	1.688303	1.240072
30498	-413.924	-554.16	140.236	1.626126	0.9771528
30504	-417.1129	-557.0751	139.9622	1.703081	1.162391
30510	-421.9274	-562.31	140.3826	1.599807	0.8434402
30516	-414.3986	-554.6085	140.2098	1.893267	0.661892
30522	-406.6548	-546.7972	140.1424	1.923439	0.7283901
30528	-403.1585	-543.2675	140.109	1.988724	0.6726009
30534	-412.5957	-552.5996	140.0039	2.135602	0.5609837
30540	-421.0533	-560.9955	139.9422	2.192291	0.426775
30546	-418.8268	-558.9252	140.0984	2.031275	0.5970136
30552	-419.416	-559.2561	139.8401	2.295358	0.4295854
30558	-416.9615	-556.7358	139.7743	2.303006	0.3364696
30564	-409.5265	-549.1971	139.6706	2.40679	0.3364696
30570	-411.5191	-551.2902	139.7712	2.30654	0.3368272
30576	-420.5636	-560.3423	139.7786	2.344286	0.3993739
30582	-418.4269	-558.3168	139.89	2.238182	0.4104805
30588	-418.358	-558.1273	139.7692	2.336383	0.3704737
30594	-413.8704	-553.6083	139.738	2.336383	0.3334344
30600	-422.7751	-562.706	139.9308	2.215343	0.4898773
30606	-408.9851	-549.3799	140.3948	1.547596	0.890656
30612	-400.052	-540.3061	140.2541	1.759187	0.8041453
30618	-408.4942	-548.0759	139.5817	1.445712	1.659251
30624	-407.2142	-547.2525	140.0383	1.315658	1.417092
30630	-405.8579	-545.4294	139.5714	1.067151	1.928966
30636	-414.6314	-553.9167	139.2853	1.224405	2.015303
30642	-397.0702	-536.4927	139.4225	1.062243	2.03189
30648	-404.8103	-544.8291	140.0188	1.294742	1.448142
30654	-405.2953	-545.1585	139.8633	1.243846	1.601756
30660	-399.0914	-538.9628	139.8714	1.357563	1.51198
30666	-403.8065	-543.1347	139.3282	1.351815	1.900906
30672	-413.4864	-553.2603	139.7739	1.465663	1.50407
30678	-404.8504	-544.7713	139.9208	1.500656	1.364371
30684	-408.7513	-548.4321	139.6809	1.352202	1.655206
30690	-401.0217	-541.3165	140.2947	1.224431	1.285921
30696	-401.775	-541.621	139.846	1.308941	1.566816
30702	-411.9234	-552.2205	140.2971	1.682661	0.8466186
30708	-409.5169	-549.8211	140.3043	1.567082	0.9676491
30714	-408.7863	-548.9074	140.1211	1.497511	1.202779
30720	-413.2352	-553.5602	140.325	1.414237	1.095934
30726	-405.4913	-545.7161	140.2248	1.346736	1.242602
30732	-401.8247	-541.6294	139.8047	1.481124	1.46921
30738	-408.6246	-548.639	140.0144	1.485595	1.301559
30744	-412.1704	-552.3889	140.2185	1.338194	1.25499
30750	-429.1776	-569.2255	140.0479	1.624802	1.155798
30756	-422.2556	-562.497	140.2414	1.558514	1.038918
30762	-418.2934	-558.5803	140.2869	1.852772	0.5600373
30768	-412.7696	-553.0633	140.2938	1.831976	0.6085282
30774	-408.7187	-548.5363	139.8176	2.288437	0.3711406
30780	-406.9547	-546.7078	139.7531	2.361778	0.3846916
30786	-404.9891	-545.2011	140.212	1.902419	0.6372702
30792	-398.2778	-538.3629	140.0851	2.060731	0.4829985
30798	-408.4615	-548.3446	139.8831	2.200449	0.3429862
30804	-403.9826	-544.1064	140.1237	2.009031	0.5871722
30810	-407.614	-547.5297	139.9157	2.183122	0.6704534
30816	-405.3131	-545.1851	139.872	2.271235	0.4612225
30822	-404.3006	-544.1856	139.885	2.223351	0.3745306
30828	-404.0087	-544.0989	140.0902	2.00657	0.6744488
30834	-414.6858	-554.9234	140.2375	1.782381	0.7952746
30840	-418.8078	-558.9431	140.1353	1.70176	1.002464
30846	-417.2155	-557.3234	140.1078	2.01065	0.6276171
30852	-409.1971	-549.1262	139.9291	2.21623	0.4772523
30858	-412.3375	-552.3553	140.0177	2.128452	0.5100106
30864	-415.0651	-555.0359	139.9709	2.175226	0.4879771
30870	-405.4728	-545.6408	140.168	1.936335	0.659376
30876	-408.7239	-548.768	140.0441	2.070782	0.6361364
30882	-416.3529	-556.546	140.1931	1.590361	1.054638
30888	-421.2332	-561.2264	139.9932	1.699785	1.137846
30894	-415.3761	-555.3201	139.944	1.480749	1.36182
30900	-429.53	-569.6024	140.0724	1.53432	1.212893
30906	-419.6354	-559.6539	140.0186	1.678408	1.134275
30912	-420.0303	-559.6326	139.6023	1.60054	1.531452
30918	-413.8154	-553.8376	140.0222	1.541516	1.24911
30924	-411.8657	-551.9391	140.0734	1.554648	1.194696
30930	-410.8169	-551.1189	140.302	1.581988	0.9544812
30936	-428.9683	-569.0813	140.113	1.48347	1.221662
30942	-416.3246	-556.5658	140.2412	1.642783	0.9545329
30948	-427.3755	-567.3835	140.008	1.814775	1.016661
30954	-416.3877	-556.3456	139.9579	1.674013	1.191405
30960	-414.0483	-554.3289	140.2806	1.422827	1.128479
30966	-424.7008	-564.6183	139.9175	1.702483	1.201637
30972	-419.419	-559.4259	140.0068	1.606769	1.207055
30978	-426.8474	-567.1634	140.316	1.75902	0.7134104
30984	-410.9243	-551.1062	140.1818	1.885895	0.725357
30990	-410.8515	-550.9902	140.1387	1.92908	0.725357
30996	-408.1093	-548.2335	140.1242	2.014473	0.5646159
31002	-423.8628	-563.9159	140.0531	2.087573	0.4483331
31008	-414.1724	-554.2066	140.0342	1.992175	0.786511
31014	-415.6914	-555.8036	140.1121	1.849334	0.8686032
31020	-424.9146	-564.9926	140.078	1.883482	0.8686032
31026	-411.3728	-551.7625	140.3897	1.680809	0.720848
31032	-405.2887	-544.719	139.4302	1.290467	1.873265
31038	-407.9715	-547.8188	139.8473	1.155824	1.676588
31044	-409.9334	-548.6904	138.757	1.025318	2.483428
31050	-412.0249	-550.5218	138.4969	1.173646	2.553144
31056	-422.3061	-560.3996	138.0934	1.011267	2.899719
31062	-423.5185	-562.9279	139.4093	1.316369	1.869842
31068	-422.006	-561.5894	139.5834	1.142277	1.869842
31074	-416.4176	-556.1668	139.7492	1.281147	1.657133
31080	-407.8394	-547.2892	139.4497	1.388106	1.792713
31086	-411.5444	-551.4474	139.903	1.54893	1.340241
31092	-413.1343	-553.2375	140.1032	1.209885	1.448462
31098	-415.8165	-555.5431	139.7266	1.445567	1.554133
31104	-417.7085	-557.1248	139.4163	1.304587	1.873165
31110	-412.8923	-552.9147	140.0223	1.155285	1.550124
31116	-413.5135	-553.5056	139.992	1.454723	1.344337
31122	-411.7075	-552.0366	140.3291	1.719301	0.7550814
31128	-418.2984	-558.3555	140.057	2.07771	0.5802479
31134	-421.318	-561.5888	140.2707	1.864017	0.5802479
31140	-408.4217	-548.5064	140.0847	2.059324	0.5350507
31146	-420.1453	-560.1665	140.0213	2.124904	0.4891843
31152	-426.4974	-566.4816	139.9842	2.162014	0.4919786
31158	-422.1547	-562.2739	140.1192	2.027037	0.4919786
31164	-410.426	-550.5959	140.1698	1.95663	0.6065436
31170	-417.1721	-557.0268	139.8546	2.211254	0.3252639
31176	-417.8851	-557.9243	140.0391	2.072627	0.3796919
31182	-412.5075	-552.6173	140.1098	2.034993	0.5287837
31188	-402.518	-542.6859	140.1679	1.958013	0.6082013
31194	-414.728	-554.8746	140.1466	1.684485	1.008397
31200	-419.1051	-559.3893	140.2842	1.796022	0.7045376
31206	-416.1298	-556.3392	140.2095	1.736199	0.8869362
31212	-424.5188	-564.4402	139.9214	1.546356	1.327603
31218	-423.0242	-562.9734	139.9492	1.437623	1.391614
31224	-419.9987	-560.0247	140.026	1.159607	1.544247
31230	-411.0314	-551.1773	140.1459	1.541663	1.142687
31236	-405.2789	-544.9106	139.6317	1.419679	1.642045
31242	-407.8936	-547.55	139.6563	1.303738	1.707135
31248	-416.3919	-556.2792	139.8873	1.755094	1.182304
31254	-415.5656	-555.6015	140.0359	2.109169	0.5265109
31260	-413.9922	-554.0835	140.0912	2.051048	0.5466688
31266	-418.9138	-559.0061	140.0922	2.051048	0.4616518
31272	-425.1044	-565.2923	140.1879	1.352187	1.268751
31278	-422.1585	-562.0525	139.894	1.646112	1.268751
31284	-424.3939	-563.651	139.2571	1.536935	1.823024
31290	-415.947	-556.075	140.128	1.378775	1.296077
31296	-421.1562	-560.7955	139.6393	1.426497	1.631656
31302	-413.2917	-553.0241	139.7323	1.443561	1.55142
31308	-411.1042	-551.0015	139.8973	1.278588	1.55142
31314	-421.4225	-561.2108	139.7883	1.527771	1.446224
31320	-419.7029	-559.3776	139.6747	1.285411	1.707113
31326	-418.5789	-558.4258	139.847	1.208945	1.638802
31332	-413.3	-553.2159	139.9158	1.497931	1.370464
31338	-421.0089	-560.7106	139.7016	1.742284	1.346605
31344	-420.607	-560.1643	139.5573	1.68427	1.502556
31350	-433.373	-572.7793	139.4064	1.207634	1.945546
31356	-433.8531	-572.8438	138.9907	1.179165	2.237509
31362	-430.8679	-569.6811	138.8132	0.874623	2.542409
31368	-432.9464	-571.94	138.9936	0.7840377	2.486342
31374	-427.1566	-564.4062	137.2497	0.9628193	3.429776
31380	-425.5668	-564.4958	138.929	1.004403	2.388401
31386	-416.5296	-555.3474	138.8178	1.115604	2.388401
31392	-410.8167	-550.2066	139.3899	1.136684	2.004054
31398	-410.4996	-548.9676	138.468	1.030104	2.659834
31404	-414.4544	-554.1352	139.6808	1.106982	1.827332
31410	-412.6688	-551.7476	139.0788	1.320409	2.088375
31416	-412.0755	-551.7876	139.7121	1.351764	1.633091
31422	-412.2989	-552.2789	139.98	1.532737	1.2912
31428	-405.7819	-546.0869	140.305	1.409728	1.118349
31434	-401.0459	-540.8423	139.7965	1.413779	1.525964
31440	-400.8321	-540.3296	139.4976	1.185783	1.89866
31446	-407.1934	-547.5483	140.3549	1.321085	1.152966
31452	-408.2218	-548.3189	140.0971	1.33934	1.35255
31458	-409.3857	-548.9215	139.5358	1.456814	1.684102
31464	-400.8509	-541.2347	140.3837	1.573089	0.8740473
31470	-408.6842	-548.9392	140.2549	1.864025	0.6264724
31476	-417.1765	-557.6027	140.4261	1.495185	0.9143107
31482	-413.9058	-553.9159	140.0101	1.750127	1.076569
31488	-409.9542	-549.8644	139.9102	1.865756	1.061749
31494	-411.7936	-551.788	139.9943	1.824231	1.020774
31500	-406.9282	-547.1604	140.2322	1.782607	0.8021565
31506	-411.731	-551.8379	140.1069	1.812633	0.9162955
31512	-405.7258	-545.998	140.2722	1.742476	0.8022346
31518	-396.3141	-536.5613	140.2472	1.841059	0.6903515
31524	-398.3012	-538.5091	140.2079	1.872872	0.7036803
31530	-401.5887	-541.8526	140.2639	1.863794	0.6030829
31536	-406.3759	-546.573	140.1971	1.863794	0.7361184
31542	-398.795	-538.9853	140.1902	1.842659	0.7774877
31548	-412.823	-553.0949	140.2719	1.773274	0.7598928
31554	-413.3897	-553.4174	140.0277	1.884893	0.9239377
31560	-412.3045	-552.4738	140.1693	1.85206	0.7933855
31566	-404.5725	-544.7794	140.2069	1.852969	0.7378051
31572	-395.5881	-535.485	139.8968	1.821455	1.115102
31578	-408.1285	-548.0979	139.9694	1.670438	1.18448
31584	-405.9212	-545.4358	139.5147	1.514776	1.657799
31590	-407.541	-547.7891	140.2481	1.551692	1.038988
31596	-412.157	-552.493	140.336	1.508751	0.9947935
31602	-412.6267	-552.649	140.0222	1.929538	0.879948
31608	-409.685	-549.7723	140.0874	1.510308	1.2206
31614	-407.3196	-547.4968	140.1772	1.411454	1.228215
31620	-408.4435	-548.4024	139.9588	1.629338	1.228645
31626	-408.4489	-548.4724	140.0235	1.585001	1.211428
31632	-408.3183	-548.5491	140.2308	1.523069	1.08247
31638	-402.3169	-542.425	140.108	2.001192	0.6490235
31644	-405.4783	-545.6958	140.2174	1.883702	0.6658676
31650	-408.5793	-548.8483	140.2691	1.653702	0.9127246
31656	-413.4936	-553.5345	140.0408	1.613561	1.171867
31662	-424.3412	-564.4822	140.141	1.513365	1.171867
31668	-412.5363	-552.6376	140.1013	1.553138	1.171867
31674	-411.0297	-551.2101	140.1804	1.826642	0.8123717
31680	-403.713	-543.8178	140.1047	2.021902	0.6061178
31686	-408.6857	-548.7522	140.0665	1.755797	1.017085
31692	-404.753	-544.8508	140.0979	1.488538	1.230135
31698	-404.6489	-544.7834	140.1345	1.630469	1.072111
31704	-403.9891	-544.1933	140.2042	1.698636	0.9344526
31710	-407.9282	-547.9459	140.0178	1.59683	1.206228
31716	-406.2727	-546.6516	140.3789	1.495473	0.9645543
31722	-402.1818	-542.4009	140.2191	1.735473	0.8767228
31728	-399.9519	-539.795	139.8431	1.619071	1.332077
31734	-404.8533	-544.9852	140.1319	1.626288	1.078429
31740	-411.5358	-551.1899	139.6541	1.516788	1.555122
31746	-409.7055	-549.69	139.9845	1.329461	1.447843
31752	-399.0547	-539.1867	140.1321	1.85564	0.8368822
31758	-400.5996	-540.8586	140.259	1.667032	0.9090778
31764	-407.1112	-547.1926	140.0814	1.50595	1.22933
31770	-405.7488	-545.6024	139.8536	1.193459	1.645194
31776	-407.8964	-547.1182	139.2217	1.310271	2.000453
31782	-411.6862	-551.2641	139.5779	1.240139	1.806404
31788	-400.6552	-540.2377	139.5825	1.235583	1.806404
31794	-399.5835	-539.1613	139.5778	1.240255	1.806404
31800	-401.1227	-539.5027	138.38	1.005383	2.729036
31806	-394.0012	-533.6316	139.6304	1.13766	1.840834
31812	-402.858	-541.8198	138.9617	1.094009	2.310662
31818	-398.2347	-537.2184	138.9837	1.072058	2.310662
31824	-405.9901	-545.6559	139.6658	1.299452	1.703494
31830	-403.0121	-542.825	139.8129	1.152327	1.703494
31836	-408.6637	-548.5091	139.8454	1.382298	1.51297
31842	-408.0758	-547.696	139.6201	1.211759	1.796845
31848	-402.2286	-541.7285	139.4999	1.257869	1.847949
31854	-410.0354	-549.2768	139.2414	1.47455	1.876479
31860	-412.7663	-551.7877	139.0214	1.265944	2.161502
31866	-409.4167	-549.4453	140.0285	1.43679	1.329511
31872	-402.8502	-542.5251	139.6749	1.834571	1.293815
31878	-407.459	-547.4266	139.9676	1.632453	1.218555
31884	-412.7119	-552.245	139.5331	1.445897	1.693766
31890	-406.8038	-546.1655	139.3617	1.352156	1.877948
31896	-405.6018	-545.7003	140.0985	1.719695	1.021163
31902	-411.3435	-551.4777	140.1342	1.663941	1.040585
31908	-408.4311	-548.5757	140.1446	1.65357	1.040585
31914	-410.0141	-550.1823	140.1682	1.732071	0.9372275
31920	-414.2746	-554.5408	140.2662	1.707138	0.8545098
31926	-407.6547	-547.673	140.0183	1.55546	1.240774
31932	-407.0521	-547.0454	139.9933	1.627205	1.201186
31938	-407.4057	-547.141	139.7353	1.509282	1.500321
31944	-405.2283	-545.4932	140.2649	1.658741	0.9117592
31950	-401.7302	-541.8415	140.1113	1.824378	0.8983456
31956	-406.4764	-546.6635	140.1871	1.857806	0.7602417
31962	-403.652	-543.8869	140.2349	1.792842	0.7846009
31968	-405.1641	-545.3284	140.1643	1.946516	0.6453851
31974	-408.5901	-548.6801	140.09	1.830857	0.914882
31980	-411.3812	-551.6636	140.2824	1.684541	0.8621416
31986	-397.4097	-537.5549	140.1453	1.661182	1.032559
31992	-405.5799	-545.8588	140.2788	1.726889	0.8140204
31998	-401.9243	-541.7172	139.7929	1.625379	1.366873
32004	-409.1557	-549.3259	140.1702	1.698403	0.9704762
32010	-406.4423	-546.4959	140.0536	1.736074	1.048699
32016	-408.7119	-548.9045	140.1926	1.764987	0.8731241
32022	-414.278	-554.0164	139.7384	1.72679	1.329632
32028	-409.8001	-549.4891	139.689	1.487888	1.550681
32034	-411.1431	-551.3129	140.1698	1.460796	1.192536
32040	-416.5453	-556.5164	139.9711	1.529173	1.301298
32046	-430.9255	-570.9356	140.0101	1.585971	1.221967
32052	-418.5913	-558.7089	140.1176	1.719324	1.002638
32058	-419.5975	-559.8408	140.2433	1.756019	0.8222403
32064	-411.0491	-551.244	140.1949	1.604607	1.039289
32070	-414.6302	-554.7783	140.1482	1.466836	1.205863
32076	-422.0911	-562.1789	140.0878	1.658301	1.089607
32082	-422.8306	-563.0721	140.2415	1.880183	0.6195779
32088	-423.0851	-563.3266	140.2415	1.880183	0.6195779
32094	-417.4537	-557.7672	140.3135	1.824755	0.5666453
32100	-413	-553.3119	140.3119	1.769049	0.7033747
32106	-415.352	-555.609	140.257	1.722958	0.8464089
32112	-422.7636	-562.8066	140.043	1.712744	1.080697
32118	-419.6459	-559.9394	140.2935	1.601763	0.9426148
32124	-412.4472	-552.6224	140.1753	1.437492	1.207788
32130	-412.3984	-552.0832	139.6849	1.77926	1.330472
32136	-411.2992	-551.2443	139.9451	1.750506	1.135534
32142	-409.7066	-549.8888	140.1822	1.826667	0.809974
32148	-410.4692	-550.6113	140.1421	1.653141	1.043418
32154	-413.5177	-553.2761	139.7585	1.731869	1.309392
32160	-416.2746	-556.3037	140.0291	1.461225	1.309392
32166	-411.2295	-551.3448	140.1153	1.695766	1.028088
32172	-413.6994	-554.0064	140.3071	1.674055	0.8449767
32178	-423.9522	-563.8471	139.895	1.702583	1.220718
32184	-420.0327	-559.9933	139.9606	1.686409	1.178272
32190	-417.6438	-557.3692	139.7255	1.683013	1.374624
32196	-417.9001	-557.7557	139.8556	1.533928	1.389446
32202	-416.9072	-556.9028	139.9956	1.393962	1.389446
32208	-407.5657	-547.6705	140.1047	1.379129	1.31462
32214	-411.7092	-551.7203	140.0111	1.207447	1.519778
32220	-406.5877	-546.1162	139.5284	1.47225	1.678327
32226	-408.1418	-548.0367	139.8949	1.547417	1.347904
32232	-411.2577	-551.4713	140.2136	1.72812	0.891486
32238	-412.683	-552.8049	140.1219	2.013146	0.579252
32244	-424.0913	-564.1788	140.0875	2.018692	0.655551
32250	-419.695	-559.6161	139.9211	2.216828	0.437672
32256	-413.8654	-553.8551	139.9897	2.153172	0.4589664
32262	-403.4067	-543.4312	140.0245	2.070293	0.6783274
32268	-407.9137	-547.9036	139.9898	2.126232	0.6334667
32274	-406.6745	-546.7908	140.1163	2.028566	0.4726828
32280	-407.3371	-547.3204	139.9832	2.14963	0.5867787
32286	-405.9306	-545.7983	139.8677	2.251866	0.3929247
32292	-407.7129	-547.5563	139.8435	2.276077	0.3929247
32298	-410.671	-550.7306	140.0596	2.081744	0.552159
32304	-415.9322	-555.844	139.9117	2.208655	0.6228362
32310	-406.4249	-546.4548	140.0299	2.115863	0.4822738
32316	-413.6822	-553.6353	139.9531	2.187129	0.446508
32322	-411.1358	-551.289	140.1532	1.948951	0.6637739
32328	-417.901	-557.9762	140.0752	2.067992	0.5407528
32334	-414.5228	-554.1886	139.6658	2.476144	0.4542503
32340	-414.8557	-554.625	139.7693	2.341212	0.377769
32346	-412.079	-552.0373	139.9583	2.138219	0.6750039
32352	-408.7912	-548.7431	139.9519	2.190022	0.4541279
32358	-401.861	-541.7856	139.9246	2.220367	0.4735314
32364	-403.8368	-543.2898	139.453	2.586033	0.3026565
32370	-398.0081	-537.5418	139.5337	2.495693	0.2954635
32376	-408.0643	-547.7255	139.6612	2.465401	0.4069171
32382	-407.0773	-546.8867	139.8094	2.334417	0.4648792
32388	-405.0094	-544.9237	139.9143	2.231105	0.5222902
32394	-407.5092	-547.5787	140.0695	2.046791	0.6328715
32400	-414.4964	-554.4635	139.9671	1.677504	1.18043
32406	-416.4527	-556.5382	140.0855	1.911661	0.8250047
32412	-416.2064	-556.3065	140.1	1.581407	1.148112
32418	-411.5708	-551.673	140.1022	1.586092	1.141994
32424	-407.7793	-547.8081	140.0289	1.333256	1.410768
32430	-415.9874	-556.0856	140.0982	1.746584	0.9947172
32436	-415.8755	-556.076	140.2005	1.799989	0.8208044
32442	-415.4784	-555.7282	140.2497	1.861935	0.643579
32448	-419.4811	-559.5332	140.0521	2.091212	0.5402356
32454	-418.9534	-559.0053	140.0519	2.091212	0.4603174
32460	-417.6316	-557.6149	139.9833	2.143523	0.4075112
32466	-406.1455	-546.0621	139.9167	2.210167	0.4075112
32472	-410.0571	-549.9616	139.9046	2.222271	0.4075112
32478	-413.0815	-552.9543	139.8728	2.270322	0.4609277
32484	-408.9231	-548.881	139.9579	2.185257	0.4609277
32490	-410.8546	-550.764	139.9094	2.235086	0.4698472
32496	-421.3038	-561.1476	139.8438	2.235086	0.3380713
32502	-423.3862	-562.9542	139.568	2.428335	0.2736518
32508	-423.0209	-562.4864	139.4654	2.536664	0.2771722
32514	-425.2387	-564.7417	139.503	2.499038	0.2771722
32520	-413.0229	-552.6858	139.6629	2.388729	0.312715
32526	-412.143	-551.7375	139.5944	2.388729	0.2659329
32532	-408.6696	-548.6042	139.9346	2.160575	0.3565972
32538	-415.6379	-555.7516	140.1138	2.010798	0.6118905
32544	-413.2296	-553.3573	140.1277	1.973266	0.6663084
32550	-408.2782	-548.4289	140.1507	1.936828	0.6917872
32556	-409.778	-549.6209	139.8428	2.300631	0.4626148
32562	-410.0255	-549.896	139.8706	2.261771	0.4207611
32568	-417.5697	-557.4179	139.8482	2.268335	0.3875365
32574	-416.4199	-556.4215	140.0015	2.128759	0.5951341
32580	-424.1315	-564.305	140.1735	1.576725	1.085848
32586	-423.0391	-563.1946	140.1555	1.922405	0.7084875
32592	-412.5048	-552.6468	140.1419	1.802287	0.8886343
32598	-412.3079	-552.5622	140.2543	1.665755	0.9157478
32604	-416.2449	-556.4891	140.2442	1.607755	0.9874918
32610	-425.6554	-565.6308	139.9754	1.522091	1.303575
32616	-424.0464	-563.612	139.5656	1.369887	1.724504
32622	-413.7772	-553.8071	140.0298	1.340226	1.404613
32628	-418.3423	-558.5371	140.1948	1.487379	1.147497
32634	-414.9674	-555.2119	140.2445	1.519584	1.072941
32640	-414.0156	-553.9932	139.9776	1.492627	1.325567
32646	-419.6688	-558.3804	138.7116	1.395929	2.277546
32652	-418.4073	-557.3739	138.9666	1.623346	1.961705
32658	-414.3722	-554.4092	140.037	1.628432	1.162225
32664	-418.2473	-558.2354	139.9881	1.729781	1.115443
32670	-420.7267	-560.7992	140.0726	2.01207	0.6969037
32676	-418.592	-558.6231	140.0311	2.113644	0.5291867
32682	-413.9344	-553.9292	139.9948	2.139348	0.4258914
32688	-414.0467	-554.0232	139.9765	2.157654	0.4258914
32694	-405.306	-545.2797	139.9736	2.161937	0.4299878
32700	-406.3518	-546.6904	140.3387	1.796885	0.4299878
32706	-396.6028	-536.848	140.2452	1.63657	0.9568609
32712	-409.0989	-549.3601	140.2613	1.765249	0.786311
32718	-422.9058	-563.0019	140.0961	1.823682	0.9160205
32724	-426.7724	-567.1204	140.348	1.732283	0.7044194
32730	-412.8096	-552.9933	140.1837	1.920421	0.6598002
32736	-400.0581	-540.2216	140.1635	1.568647	1.102502
32742	-408.5596	-548.7343	140.1747	1.803357	0.8487628
32748	-406.2423	-546.4119	140.1695	1.817421	0.8378324
32754	-404.61	-544.084	139.474	1.3305	1.815774
32760	-404.689	-544.6588	139.9698	1.33238	1.45683
32766	-402.1843	-542.5192	140.3349	1.646922	0.8441064
32772	-407.3989	-547.4963	140.0975	1.8844	0.8441064
32778	-413.5931	-553.8287	140.2355	1.746336	0.8441064
32784	-409.4208	-549.5737	140.1529	1.736146	0.9491839
32790	-410.3187	-550.3717	140.053	1.736146	1.049242
32796	-404.0962	-544.176	140.0798	1.612589	1.138395
32802	-409.6675	-548.7746	139.1071	1.255116	2.112601
32808	-415.86	-555.3892	139.5293	1.255539	1.829346
32814	-408.8086	-548.338	139.5294	1.255379	1.829346
32820	-410.8277	-550.8335	140.0058	1.697736	1.128397
32826	-422.1225	-562.2491	140.1265	1.804446	0.9035906
32832	-423.9305	-563.9051	139.9747	2.049156	0.7899775
32838	-423.0264	-563.1617	140.1353	1.998326	0.5842537
32844	-417.7829	-558.1099	140.327	1.441702	1.068549
32850	-420.9645	-559.9343	138.9698	1.409279	2.101568
32856	-414.1652	-554.0062	139.841	1.352684	1.538235
32862	-409.0185	-547.6069	138.5884	1.155943	2.507189
32868	-403.2915	-542.3564	139.065	1.29872	2.111664
32874	-410.5822	-549.0792	138.497	1.533545	2.326698
32880	-409.9323	-550.0114	140.0791	1.717156	1.042374
32886	-415.0434	-555.0246	139.9813	1.815042	1.042374
32892	-411.8218	-551.6536	139.8318	1.660178	1.308051
32898	-413.8235	-554.0066	140.1832	1.715529	0.9388859
32904	-408.3494	-548.4246	140.0752	1.926221	0.8196204
32910	-409.9292	-550.0526	140.1234	2.014435	0.5684274
32916	-400.6251	-540.7011	140.076	2.069007	0.5272333
32922	-405.9105	-546.0837	140.1733	1.771465	0.8880347
32928	-408.0738	-548.2332	140.1594	1.986843	0.4903003
32934	-412.1109	-552.1336	140.0227	2.112538	0.4288352
32940	-412.2175	-552.4698	140.2522	1.787044	0.7684058
32946	-410.4812	-550.6566	140.1754	1.792635	0.8608509
32952	-421.2203	-561.4178	140.1975	1.697182	0.9431342
32958	-408.8517	-549.2109	140.3592	1.52043	0.9590562
32964	-403.1495	-542.9773	139.8278	1.555266	1.394494
32970	-404.7625	-545.0156	140.2531	1.603765	0.9825051
32976	-402.4958	-542.8448	140.3491	1.49706	0.9933977
32982	-401.8575	-541.9267	140.0692	1.595393	1.162947
32988	-407.5416	-547.6742	140.1326	1.874954	0.8116413
32994	-414.638	-554.7041	140.066	1.800806	0.9722988
33000	-410.226	-550.1604	139.9345	1.593224	1.278942
33006	-401.3596	-541.3572	139.9976	1.423733	1.364487
33012	-406.7921	-546.1249	139.3328	1.272815	1.951211
33018	-421.5605	-561.5673	140.0068	1.78543	1.04629
33024	-420.5962	-560.6953	140.0991	2.043874	0.542746
33030	-420.7743	-560.7972	140.023	2.103548	0.4068214
33036	-420.1371	-560.3098	140.1727	1.973428	0.4881877
33042	-429.6103	-569.7392	140.1289	1.994228	0.6158757
33048	-425.3124	-565.3669	140.0545	1.87785	0.9020566
33054	-420.0507	-560.2179	140.1672	1.978947	0.4884407
33060	-423.0189	-563.2187	140.1998	1.938019	0.5682233
33066	-430.6015	-570.737	140.1355	1.838719	0.8533823
33072	-422.419	-562.1608	139.7418	1.442141	1.545427
33078	-424.6946	-564.7341	140.0394	1.484793	1.281796
33084	-427.0343	-567.1868	140.1525	1.70127	0.9856798
33090	-431.1195	-571.1665	140.047	1.976301	0.7906608
33096	-436.2279	-576.4451	140.2172	1.688074	0.9318109
33102	-432.7839	-572.4699	139.686	1.472654	1.564119
33108	-423.4226	-563.7503	140.3277	1.694102	0.7927636
33114	-414.2142	-554.3773	140.1632	1.774804	0.89571
33120	-428.212	-568.3002	140.0882	1.744258	1.007041
33126	-426.2136	-566.5593	140.3457	1.74833	0.6797445
33132	-421.1436	-561.3683	140.2247	1.74833	0.8547827
33138	-423.5072	-563.676	140.1687	1.766936	0.8983387
33144	-419.4539	-559.5674	140.1135	1.698363	1.027314
33150	-415.3451	-555.3548	140.0097	1.36525	1.400792
33156	-425.0722	-564.8711	139.7988	1.462463	1.487746
33162	-413.8442	-553.6981	139.8539	1.309511	1.560583
33168	-418.658	-558.6536	139.9956	1.6023	1.2204
33174	-416.5683	-556.7542	140.1859	1.502434	1.141959
33180	-413.0717	-553.4093	140.3376	1.512717	0.9891775
33186	-408.8537	-548.4955	139.6418	1.433397	1.624894
33192	-405.1396	-545.3164	140.1768	1.675324	0.9873808
33198	-405.7778	-545.8953	140.1175	1.864033	0.8445339
33204	-406.3221	-546.4977	140.1756	1.852915	0.7835724
33210	-416.3509	-556.7747	140.4237	1.465121	0.9493641
33216	-407.9265	-548.1952	140.2687	1.569546	1.001283
33222	-410.5943	-550.5879	139.9936	1.376082	1.404938
33228	-405.503	-544.7191	139.2161	1.174439	2.094024
33234	-410.6251	-550.0045	139.3794	1.23674	1.94413
33240	-410.323	-549.8185	139.4955	1.357969	1.781892
33246	-412.9029	-552.5104	139.6075	1.10062	1.881834
33252	-408.3417	-548.2829	139.9412	1.389991	1.434622
33258	-408.4025	-548.0417	139.6391	1.154332	1.823396
33264	-406.0197	-545.7095	139.6899	1.156739	1.786628
33270	-402.9764	-542.9656	139.9892	1.325257	1.447466
33276	-401.132	-540.8489	139.7169	1.685181	1.379671
33282	-406.2385	-545.5478	139.3092	1.239141	1.98953
33288	-413.1988	-552.9844	139.7856	1.575704	1.411413
33294	-408.4834	-547.7921	139.3087	1.298581	1.950028
33300	-405.8499	-545.2932	139.4432	1.385618	1.798947
33306	-405.307	-545.7385	140.4316	1.622777	0.7462529
33312	-411.4724	-551.9219	140.4495	1.599427	0.7543461
33318	-415.3834	-555.688	140.3047	1.744266	0.7543461
33324	-414.0802	-554.2967	140.2164	1.894976	0.6441898
33330	-404.3502	-544.4839	140.1337	2.00878	0.545319
33336	-402.8578	-543.0845	140.2267	1.878407	0.6576677
33342	-409.9754	-550.0542	140.0788	2.065374	0.5341955
33348	-397.3299	-537.2218	139.8919	2.17068	0.3222114
33354	-399.1715	-539.359	140.1875	1.913611	0.6659586
33360	-403.2761	-543.5591	140.283	1.422231	1.126887
33366	-409.4086	-549.3378	139.9293	1.775954	1.126887
33372	-402.9576	-542.2577	139.3002	1.213381	2.012749
33378	-400.9066	-539.9099	139.0033	1.177474	2.230522
33384	-401.9891	-541.877	139.8879	1.458013	1.423308
33390	-412.1661	-551.2134	139.0473	1.311725	2.11471
33396	-402.5807	-541.8404	139.2597	1.211335	2.040938
33402	-399.6756	-539.6403	139.9647	1.319351	1.470573
33408	-395.0711	-535.234	140.1628	1.580409	1.092287
33414	-405.0627	-545.4254	140.3626	1.669206	0.7789652
33420	-403.2726	-543.5742	140.3016	1.787333	0.6891206
33426	-408.1177	-548.0371	139.9194	1.765693	1.144895
33432	-408.9651	-548.8035	139.8384	1.542498	1.396188
33438	-406.7165	-546.6924	139.976	1.347082	1.440875
33444	-402.5966	-542.7195	140.1229	1.483146	1.213485
33450	-413.3375	-553.3883	140.0508	1.89063	0.8917401
33456	-411.6929	-551.6022	139.9093	1.663633	1.241455
33462	-422.6851	-563.0406	140.3555	1.388954	1.091162
33468	-417.8192	-557.5806	139.7614	1.737404	1.302556
33474	-409.9289	-550.185	140.2561	1.883064	0.5624582
33480	-413.4426	-553.6405	140.1978	1.89329	0.6851563
33486	-409.0693	-548.9784	139.9091	2.226141	0.4289911
33492	-414.7017	-554.6017	139.9	2.235252	0.4289911
33498	-409.011	-549.101	140.0899	2.01503	0.6580565
33504	-403.3432	-543.4736	140.1304	2.01503	0.5221829
33510	-402.8753	-542.9026	140.0273	2.119108	0.5035595
33516	-408.7332	-548.505	139.7718	2.322829	0.3558848
33522	-406.8818	-546.7791	139.8973	2.223632	0.3955363
33528	-399.0195	-538.8312	139.8117	2.309264	0.3955363
33534	-399.5395	-539.4779	139.9384	2.183261	0.3967983
33540	-402.6816	-542.7804	140.0988	2.047259	0.4864266
33546	-401.6457	-541.9164	140.2708	1.873251	0.5353628
33552	-403.1789	-543.1962	140.0173	1.912454	0.9050015
33558	-408.2418	-548.4462	140.2044	1.725319	0.9050015
33564	-406.9037	-547.1986	140.2948	1.710945	0.8139676
33570	-411.5038	-551.5348	140.031	1.942262	0.8545909
33576	-418.702	-558.8352	140.1332	1.918539	0.7501907
33582	-416.8802	-557.1321	140.252	1.800631	0.7488975
33588	-405.8936	-545.8526	139.959	1.436094	1.385116
33594	-404.2897	-544.3034	140.0137	1.381355	1.385116
33600	-401.6513	-541.4267	139.7754	1.483765	1.489388
33606	-404.1585	-544.2652	140.1066	1.53195	1.185601
33612	-402.9729	-543.2684	140.2955	1.521942	1.021866
33618	-404.4401	-543.8907	139.4506	1.509487	1.707166
33624	-406.6822	-546.8174	140.1352	1.509487	1.180332
33630	-408.2657	-548.4389	140.1733	1.843308	0.7997332
33636	-398.562	-538.7154	140.1535	1.667241	1.018676
33642	-405.3954	-545.6857	140.2903	1.530374	1.018676
33648	-415.0446	-555.061	140.0164	1.824197	0.9989717
33654	-407.6125	-547.57	139.9575	1.877844	1.00415
33660	-410.3784	-550.4865	140.1081	2.007986	0.6334805
33666	-416.5947	-556.9397	140.345	1.744893	0.6874951
33672	-420.111	-560.3233	140.2124	1.851324	0.7317693
33678	-417.2797	-557.3816	140.102	1.744682	0.9928693
33684	-414.5368	-554.7665	140.2297	1.616959	0.9928693
33690	-421.4841	-559.5911	138.107	0.9061218	2.954976
33696	-423.4212	-561.3714	137.9502	0.9179264	3.041964
33702	-415.0094	-555.1866	140.1772	1.614483	1.046777
33708	-408.393	-548.7145	140.3215	1.622998	0.8883005
33714	-406.4756	-546.5937	140.1181	1.478615	1.221404
33720	-403.9562	-544.2092	140.253	1.558911	1.027239
33726	-406.7459	-546.9772	140.2313	1.688089	0.9164523
33732	-406.919	-547.2841	140.3651	1.555236	0.9154662
33738	-404.0431	-543.8997	139.8566	1.502967	1.412758
33744	-413.9427	-553.9822	140.0396	1.506511	1.263786
33750	-415.4791	-555.2417	139.7625	1.440114	1.531597
33756	-411.9813	-551.8384	139.8571	1.414771	1.479787
33762	-415.3021	-554.7633	139.4612	1.157753	1.942232
33768	-407.6876	-546.8137	139.1261	1.164915	2.159113
33774	-398.2798	-538.4275	140.1477	1.224564	1.402903
33780	-412.974	-552.7539	139.78	1.392081	1.554229
33786	-408.857	-549.2336	140.3766	1.49677	0.9655301
33792	-406.1844	-546.3177	140.1333	1.600955	1.100558
33798	-411.0711	-551.0583	139.9871	1.543901	1.276188
33804	-409.0099	-549.1413	140.1313	1.492383	1.198418
33810	-407.9238	-547.8342	139.9105	1.484524	1.385208
33816	-412.1659	-551.834	139.6681	1.360842	1.658124
33822	-410.5392	-550.356	139.8168	1.360842	1.550117
33828	-413.0439	-553.3567	140.3128	1.397783	1.122055
33834	-406.9843	-546.8789	139.8946	1.561177	1.337168
33840	-406.6216	-546.8539	140.2323	1.686332	0.9172944
33846	-411.6844	-551.6215	139.9371	2.205015	0.4551798
33852	-406.6222	-546.5626	139.9403	2.18765	0.4100482
33858	-406.9545	-546.7629	139.8084	2.319568	0.4100482
33864	-419.9095	-560.0704	140.1609	1.961228	0.6183667
33870	-413.7963	-553.9621	140.1658	1.962247	0.6019477
33876	-408.9846	-549.0164	140.0317	2.079696	0.3791813
33882	-413.601	-553.3408	139.7398	2.361655	0.3646873
33888	-408.3289	-548.2077	139.8788	2.260236	0.4418359
33894	-407.8722	-547.8312	139.9589	2.180166	0.4420798
33900	-409.5239	-549.6277	140.1038	2.034498	0.4389768
33906	-413.0423	-553.1248	140.0825	1.874252	0.8741675
33912	-411.1917	-550.9442	139.7525	1.375594	1.586517
33918	-419.0798	-559.0655	139.9856	1.166756	1.568695
33924	-416.0773	-556.0996	140.0222	1.596076	1.203056
33930	-417.9994	-558.4225	140.4231	1.593428	0.799832
33936	-414.5049	-554.6692	140.1643	1.870369	0.7750167
33942	-420.2142	-559.7323	139.5181	1.671618	1.541156
33948	-415.2044	-555.1999	139.9955	1.585682	1.23451
33954	-421.2279	-561.2379	140.0099	1.994442	0.8157652
33960	-418.0838	-557.1413	139.0575	2.842306	0.2258024
33966	-406.9816	-546.1963	139.2146	2.628938	0.2045808
33972	-400.1386	-539.7679	139.6292	2.343069	0.2599152
33978	-416.1919	-555.4799	139.288	2.591025	0.2175295
33984	-415.9097	-555.1373	139.2276	2.651473	0.2175295
33990	-414.6857	-554.0722	139.3865	2.463689	0.2068876
33996	-419.9802	-559.2946	139.3144	2.702018	0.2864487
34002	-414.4017	-553.6939	139.2921	2.593025	0.2198963
34008	-414.7185	-554.2802	139.5617	2.490965	0.31358
34014	-423.1855	-562.7142	139.5288	2.52392	0.31358
34020	-425.1787	-564.5176	139.339	2.690673	0.2956253
34026	-428.7544	-568.0914	139.337	2.684035	0.2895481
34032	-426.8077	-566.4429	139.6351	2.499969	0.428515
34038	-420.8009	-560.3874	139.5865	2.55066	0.4352192
34044	-414.8535	-554.7104	139.8569	2.274063	0.4173213
34050	-414.8428	-554.8067	139.9639	2.167071	0.4173213
34056	-409.9427	-549.7145	139.7718	2.364574	0.4325639
34062	-409.5411	-549.4939	139.9527	2.193606	0.4954616
34068	-406.9117	-546.812	139.9003	2.232518	0.4220506
34074	-412.2391	-551.8949	139.6558	2.389673	0.307663
34080	-408.2663	-548.15	139.8837	2.231916	0.3859914
34086	-414.0663	-553.95	139.8837	2.231916	0.3859914
34092	-410.9669	-550.7806	139.8137	2.303458	0.3886403
34098	-419.1066	-558.8246	139.718	2.381374	0.3619481
34104	-415.2912	-555.1606	139.8694	2.272845	0.5470429
34110	-416.3957	-556.0425	139.6468	2.465496	0.380557
34116	-418.1781	-557.7952	139.6171	2.465496	0.3420241
34122	-415.8476	-555.5017	139.6541	2.428531	0.3420241
34128	-406.319	-545.9816	139.6626	2.428531	0.3516302
34134	-400.48	-540.6814	140.2013	1.893463	0.6782673
34140	-402.869	-542.953	140.084	2.051105	0.5789135
34146	-408.7534	-548.6617	139.9083	2.238053	0.5048144
34152	-409.7149	-549.6431	139.9282	2.179128	0.3730103
34158	-411.8176	-551.6745	139.8569	2.250466	0.3730103
34164	-400.5502	-540.5284	139.9782	2.153982	0.4203135
34170	-405.4995	-545.4331	139.9336	2.163087	0.3584545
34176	-409.65	-549.7242	140.0741	2.063266	0.4358184
34182	-403.4267	-543.0897	139.663	2.368129	0.2967215
34188	-405.6358	-545.394	139.7582	2.368129	0.4064296
34194	-415.9539	-555.6604	139.7066	2.425198	0.419314
34200	-406.7003	-546.9569	140.2566	1.820679	0.7096026
34206	-412.2167	-552.3853	140.1686	1.769556	0.8955598
34212	-421.4774	-561.6873	140.2099	1.859684	0.7223854
34218	-416.0106	-556.1397	140.1291	1.94045	0.7223854
34224	-420.5631	-560.5518	139.9888	2.142712	0.5914197
34230	-418.6425	-558.9086	140.2661	1.753104	0.7961787
34236	-415.5295	-555.678	140.1485	1.909026	0.7413725
34242	-420.2745	-560.1164	139.8419	2.293622	0.5772527
34248	-410.1634	-549.6772	139.5138	2.514151	0.2944371
34254	-425.9518	-564.6408	138.689	2.954927	0.1503161
34260	-430.0566	-568.6459	138.5892	2.950301	0.1300359
34266	-421.2892	-560.0989	138.8097	2.960502	0.1815458
34272	-425.673	-565.1874	139.5143	2.537718	0.3130608
34278	-429.8621	-569.2413	139.3792	2.576959	0.2514404
34284	-423.6979	-563.0238	139.3259	2.576959	0.2270556
34290	-424.7003	-564.4447	139.7444	2.370652	0.3850889
34296	-425.2654	-564.6088	139.3434	2.682895	0.2932392
34302	-419.2654	-559.0639	139.7985	2.335383	0.42496
34308	-418.0827	-558.2584	140.1757	1.965946	0.5503065
34314	-422.1389	-562.2393	140.1004	2.041291	0.5503065
34320	-419.183	-559.2844	140.1013	2.022997	0.6125836
34326	-412.4827	-552.7626	140.2799	1.7941	0.7150691
34332	-412.1835	-552.2671	140.0836	2.056529	0.5582741
34338	-418.8639	-558.796	139.9321	2.064635	0.8255746
34344	-411.6502	-551.7198	140.0696	1.916513	0.8388422
34350	-417.0016	-557.0451	140.0434	2.034921	0.7077741
34356	-423.3293	-563.5345	140.2053	1.680221	0.9529198
34362	-411.1271	-551.3973	140.2702	1.615243	0.9529198
34368	-407.7874	-547.9824	140.195	1.586093	1.056862
34374	-408.5284	-548.5116	139.9832	1.672304	1.170918
34380	-419.0714	-558.6897	139.6184	1.315885	1.725347
34386	-403.8756	-543.9258	140.0502	1.461998	1.291587
34392	-405.628	-545.4365	139.8085	1.747583	1.255532
34398	-410.1622	-549.9724	139.8102	1.749532	1.252448
34404	-409.3641	-548.7073	139.3432	1.364183	1.882317
34410	-404.931	-544.8671	139.9362	1.500076	1.352708
34416	-408.7298	-548.1597	139.43	1.717593	1.572253
34422	-421.1612	-561.2283	140.0671	1.380934	1.343295
34428	-418.8992	-558.3139	139.4146	1.525618	1.721152
34434	-410.2703	-550.3415	140.0711	1.745431	1.022724
34440	-420.052	-560.311	140.259	1.656513	0.920659
34446	-414.8926	-554.8618	139.9692	2.033839	0.8175419
34452	-407.011	-547.0373	140.0264	2.110335	0.5729329
34458	-408.7854	-548.9536	140.1682	1.965881	0.5825617
34464	-416.5282	-556.6931	140.1649	1.95933	0.6127549
34470	-411.216	-551.4349	140.2189	1.748689	0.8613594
34476	-410.8946	-550.9747	140.0801	1.532054	1.208285
34482	-412.4223	-552.4665	140.0442	1.543215	1.229317
34488	-419.1676	-559.0525	139.8849	1.610895	1.304957
34494	-410.0304	-549.4115	139.3811	1.426698	1.81347
34500	-407.6045	-546.7024	139.0979	1.348303	2.057388
34506	-403.6535	-543.3753	139.7218	1.538397	1.488597
34512	-409.8046	-549.4892	139.6846	1.978943	1.163871
34518	-408.4428	-548.6014	140.1586	1.921331	0.705095
34524	-406.1731	-546.437	140.2639	1.697978	0.8681157
34530	-404.7962	-544.9397	140.1434	1.729067	0.9664474
34536	-411.361	-551.4898	140.1288	1.743747	0.9664474
34542	-414.4287	-554.285	139.8562	2.271118	0.6040158
34548	-410.1331	-550.0188	139.8857	2.239368	0.4037436
34554	-413.0493	-553.3237	140.2744	1.868014	0.5459029
34560	-412.0711	-552.371	140.2999	1.842518	0.5459029
34566	-411.8801	-551.9397	140.0597	2.078517	0.4387234
34572	-417.4308	-557.6263	140.1956	1.88211	0.7089519
34578	-418.6158	-558.6899	140.0742	1.650262	1.109508
34584	-419.7762	-559.9098	140.1336	1.998964	0.5879416
34590	-419.4291	-559.5543	140.1252	1.892577	0.7981182
34596	-424.4297	-564.5443	140.1146	1.793931	0.9282741
34602	-423.2805	-563.368	140.0875	1.908086	0.8270072
34608	-419.3891	-559.3744	139.9853	1.850299	1.003954
34614	-419.8582	-560.0443	140.1862	1.629411	1.023699
34620	-410.8626	-550.8763	140.0137	1.801891	1.023699
34626	-419.5902	-559.7907	140.2005	1.627212	1.0118
34632	-424.8153	-564.98	140.1647	1.37321	1.270525
34638	-417.4044	-557.5661	140.1617	1.693694	0.9839853
34644	-424.0992	-564.1169	140.0177	1.744343	1.074866
34650	-416.2422	-556.5177	140.2755	1.607704	0.9553237
34656	-414.8755	-554.62	139.7445	1.734106	1.318868
34662	-426.5689	-566.318	139.7491	1.729491	1.318855
34668	-419.4819	-559.2182	139.7363	1.552734	1.46681
34674	-422.1061	-562.1745	140.0684	1.706735	1.062526
34680	-415.3434	-555.4051	140.0617	1.667808	1.104859
34686	-414.5086	-554.6425	140.1339	1.995975	0.5964842
34692	-407.6895	-547.6953	140.0057	1.877552	0.9552227
34698	-415.105	-554.8363	139.7313	1.562052	1.463513
34704	-409.3597	-549.3575	139.9978	1.659431	1.169409
34710	-412.5113	-552.6572	140.1459	1.865667	0.8064297
34716	-412.2656	-552.5108	140.2453	1.766263	0.8064297
34722	-415.5025	-555.6652	140.1628	1.910591	0.7162043
34728	-413.2005	-553.2322	140.0317	2.041643	0.7162043
34734	-410.2775	-550.47	140.1926	1.880757	0.7162043
34740	-417.5202	-557.6657	140.1456	1.895458	0.7659157
34746	-412.0662	-552.1637	140.0975	2.034348	0.5902761
34752	-424.2118	-564.2093	139.9975	2.125271	0.6166686
34758	-421.6412	-561.8456	140.2044	1.918354	0.6166686
34764	-414.0141	-554.0975	140.0834	2.062545	0.5154203
34770	-415.2784	-555.4996	140.2212	1.90947	0.5939739
34776	-409.8091	-550.0326	140.2235	1.786609	0.808341
34782	-409.5356	-549.4405	139.9049	1.552323	1.335974
34788	-404.3529	-544.533	140.1801	1.726809	0.9300508
34794	-410.9627	-551.0983	140.1356	1.966852	0.6632299
34800	-421.3964	-561.4119	140.0155	1.993943	0.8091725
34806	-426.1474	-566.0083	139.861	2.280052	0.449924
34812	-420.7203	-560.7153	139.995	2.151056	0.5136294
34818	-419.4418	-558.6331	139.1913	2.755303	0.2467278
34824	-427.3668	-566.2554	138.8886	2.892579	0.1847282
34830	-415.1735	-554.1873	139.0138	2.749925	0.1797133
34836	-407.3089	-547	139.691	2.397089	0.3481591
34842	-406.6499	-546.4377	139.7878	2.300333	0.3481591
34848	-410.4398	-550.1812	139.7414	2.353153	0.3558242
34854	-411.9438	-551.5108	139.5669	1.797608	1.408896
34860	-409.4808	-549.7346	140.2539	1.870467	0.6125222
34866	-413.7639	-553.9193	140.1554	1.9259	0.7027293
34872	-413.878	-553.806	139.9281	1.750548	1.150598
34878	-408.3487	-548.3159	139.9672	1.930683	0.9397955
34884	-401.364	-541.0733	139.7092	1.573858	1.471308
34890	-414.127	-554.067	139.94	1.52038	1.333454
34896	-417.0666	-557.1429	140.0763	1.754438	1.008792
34902	-410.1457	-550.0311	139.8854	1.619608	1.29745
34908	-410.139	-550.1243	139.9852	1.556719	1.26719
34914	-412.9386	-553.1954	140.2567	1.632887	0.9485575
34920	-418.8308	-558.8636	140.0328	1.466247	1.302293
34926	-413.1903	-553.5157	140.3255	1.625106	0.8813185
34932	-410.8819	-550.9513	140.0694	2.024614	0.679741
34938	-412.1059	-552.1501	140.0442	1.98442	0.7834478
34944	-405.4432	-545.6125	140.1693	1.713602	0.955627
34950	-410.0228	-550.1691	140.1462	1.765086	0.925289
34956	-409.4867	-549.6557	140.169	1.709195	0.9605673
34962	-407.1231	-547.1244	140.0013	1.837555	1.000681
34968	-415.385	-555.4639	140.0789	1.918467	0.8247367
34974	-412.8607	-552.739	139.8783	2.266651	0.527367
34980	-406.4733	-546.5917	140.1184	1.967509	0.6946022
34986	-415.4891	-555.5022	140.0131	1.733073	1.089619
34992	-410.4262	-550.6815	140.2552	1.629115	0.9541272
34998	-420.8818	-561.1794	140.2976	1.701341	0.822719
35004	-427.8271	-567.9357	140.1086	1.768888	0.9612903
35010	-427.2217	-567.0936	139.8719	2.005581	0.961281
35016	-414.8802	-555.0204	140.1402	1.947406	0.6916417
35022	-422.9244	-562.739	139.8146	2.037489	0.9873349
35028	-414.1142	-553.8297	139.7155	1.694068	1.373755
35034	-426.3025	-565.5109	139.2084	1.489356	1.888871
35040	-416.1449	-555.4066	139.2617	1.372901	1.931658
35046	-423.5986	-563.6472	140.0486	1.299322	1.421723
35052	-419.8641	-560.1252	140.2611	1.723491	0.840744
35058	-424.3716	-564.4704	140.0988	1.777018	0.9630313
35064	-428.6435	-568.4452	139.8017	1.514912	1.445761
35070	-414.812	-554.9849	140.1729	1.713289	0.9521813
35076	-415.0592	-554.8037	139.7445	1.666111	1.372968
35082	-413.6511	-553.8113	140.1601	1.266638	1.360199
35088	-411.4589	-550.7972	139.3383	1.171669	2.015098
35094	-413.5485	-553.304	139.7555	1.371475	1.587282
35100	-416.1405	-555.3363	139.1958	1.374077	1.975183
35106	-422.5437	-562.3739	139.8302	1.356867	1.543179
35112	-418.9556	-558.5649	139.6093	1.667872	1.475767
35118	-411.1936	-551.1638	139.9702	1.901377	0.9674007
35124	-404.5358	-544.6924	140.1567	1.714933	0.9674007
35130	-410.1307	-550.2701	140.1394	2.006902	0.5065222
35136	-414.2386	-554.2696	140.031	2.11105	0.4547926
35142	-412.5821	-552.5908	140.0087	2.049956	0.7396917
35148	-414.7595	-554.8567	140.0972	2.044513	0.5497404
35154	-411.4967	-551.4886	139.9919	2.150934	0.5431346
35160	-415.2227	-555.2052	139.9825	2.150934	0.4238106
35166	-413.5588	-553.4174	139.8585	2.274192	0.4218468
35172	-415.0302	-555.0519	140.0217	2.111056	0.4218468
35178	-409.157	-548.9138	139.7567	2.375016	0.4192764
35184	-412.2933	-552.1623	139.8691	2.245869	0.3848717
35190	-415.2731	-554.9591	139.6859	2.364216	0.3114794
35196	-416.6186	-556.2695	139.6509	2.359977	0.2827835
35202	-417.0989	-556.6492	139.5503	2.460624	0.2827835
35208	-415.1183	-554.6089	139.4906	2.520289	0.2827835
35214	-416.854	-556.5445	139.6904	2.384322	0.3338439
35220	-412.7324	-552.0892	139.3567	2.627427	0.2665088
35226	-412.0342	-551.7844	139.7502	2.391034	0.4507453
35232	-408.692	-548.3758	139.6838	2.371457	0.315787
35238	-408.8203	-548.4817	139.6615	2.386732	0.3098651
35244	-411.545	-551.3259	139.7809	2.319075	0.3627194
35250	-409.3336	-549.1558	139.8222	2.315418	0.4365833
35256	-410.976	-550.7782	139.8022	2.327923	0.4151253
35262	-405.5017	-545.2818	139.7801	2.331441	0.3793974
35268	-413.4283	-552.8176	139.3893	2.637121	0.2933625
35274	-425.2082	-564.857	139.6489	2.454852	0.367803
35280	-416.3863	-556.2046	139.8184	2.327096	0.4786993
35286	-409.2211	-549.0438	139.8227	2.31732	0.4457283
35292	-420.3735	-560.1419	139.7685	2.37158	0.4457283
35298	-416.7926	-556.6145	139.8218	2.323741	0.4797573
35304	-414.8792	-554.7876	139.9084	2.212862	0.3961819
35310	-411.1618	-551.0125	139.8507	2.266643	0.3889425
35316	-415.2649	-555.1356	139.8707	2.269228	0.4452439
35322	-413.9355	-553.7851	139.8496	2.264902	0.3841024
35328	-411.7018	-551.5573	139.8555	2.23068	0.3459174
35334	-416.3488	-555.809	139.4602	2.588421	0.31022
35340	-404.9273	-544.4702	139.5429	2.456096	0.2752929
35346	-405.8328	-545.0277	139.1949	2.642201	0.2023468
35352	-405.1719	-544.2157	139.0438	2.793272	0.2023468
35358	-415.3393	-554.4081	139.0689	2.573008	0.1498795
35364	-418.1532	-556.4982	138.3451	2.988126	0.09953052
35370	-410.0542	-548.9195	138.8653	2.838983	0.1641588
35376	-412.1489	-551.0613	138.9124	2.806242	0.1677238
35382	-409.7243	-549.219	139.4947	2.474869	0.2584436
35388	-411.9948	-551.8267	139.8319	2.259126	0.3515519
35394	-405.6686	-545.5743	139.9057	2.191807	0.3595171
35400	-406.6761	-546.8319	140.1558	1.882558	0.7696742
35406	-410.8313	-550.9921	140.1608	1.936758	0.6728923
35412	-413.8842	-553.9389	140.0547	2.060426	0.6357303
35418	-422.007	-562.2733	140.2663	1.649816	0.9199997
35424	-419.5297	-559.2225	139.6928	1.05188	1.856878
35430	-407.0182	-547.3135	140.2953	1.481365	1.061067
35436	-408.5284	-548.521	139.9925	1.622145	1.206135
35442	-405.853	-545.9521	140.0991	1.635892	1.099861
35448	-407.9976	-548.1028	140.1052	1.642953	1.087751
35454	-413.9468	-554.0371	140.0903	1.852807	0.8899057
35460	-410.1205	-550.3912	140.2707	1.763813	0.7752124
35466	-409.2066	-549.5422	140.3355	1.763813	0.6694093
35472	-418.8464	-558.8923	140.0459	2.091292	0.4352018
35478	-402.7972	-542.6383	139.8411	2.260633	0.3650535
35484	-407.1499	-547.2311	140.0812	2.063378	0.4704984
35490	-404.5417	-544.4582	139.9164	2.218989	0.4295215
35496	-412.5832	-552.1127	139.5295	2.545606	0.3342058
35502	-420.1597	-559.6907	139.5311	2.426632	0.2522463
35508	-415.3356	-555.0899	139.7543	2.37273	0.4080385
35514	-411.3099	-551.1334	139.8236	2.283469	0.3725056
35520	-419.4914	-559.2591	139.7677	2.378281	0.4864544
35526	-408.7578	-548.749	139.9913	2.1544	0.4813213
35532	-408.8022	-548.8294	140.0272	2.069762	0.6741329
35538	-411.03	-551.1698	140.1398	1.97698	0.6317998
35544	-409.058	-549.2239	140.1659	1.97698	0.5433085
35550	-411.1821	-551.2359	140.0538	2.08906	0.5433085
35556	-409.925	-549.6732	139.7481	2.272679	0.2893995
35562	-404.5567	-544.228	139.6713	2.36836	0.303138
35568	-396.7077	-536.2099	139.5022	2.490633	0.2715433
35574	-405.6341	-545.1924	139.5583	2.490633	0.3104621
35580	-415.7283	-555.0721	139.3438	2.610505	0.2505061
35586	-424.9852	-564.3342	139.3489	2.523086	0.2148477
35592	-417.2259	-556.5004	139.2745	2.617224	0.2225242
35598	-410.7183	-549.9423	139.2239	2.66785	0.2225242
35604	-410.5073	-550.056	139.5487	2.418437	0.2571416
35610	-406.1172	-546.0601	139.9428	2.203147	0.5143678
35616	-416.8462	-556.7986	139.9524	2.193782	0.509858
35622	-424.2356	-563.9094	139.6739	2.467902	0.5496109
35628	-418.0942	-557.7233	139.6292	2.432165	0.3210903
35634	-414.9783	-554.646	139.6677	2.432165	0.3626037
35640	-421.1602	-560.5141	139.3538	2.686951	0.3039877
35646	-424.8162	-564.12	139.3038	2.628643	0.2400044
35652	-422.0414	-561.2645	139.2232	2.745151	0.2577651
35658	-417.3163	-557.0704	139.754	2.370716	0.4030778
35664	-406.5958	-546.4837	139.888	2.257638	0.4804681
35670	-408.2332	-548.1738	139.9406	2.199017	0.5604012
35676	-407.5034	-547.5926	140.0892	1.678708	1.069332
35682	-401.7177	-541.8812	140.1635	1.632016	1.043089
35688	-403.5855	-543.1498	139.5643	1.474365	1.651178
35694	-405.4949	-544.9643	139.4695	1.253732	1.87154
35700	-406.1812	-546.1163	139.9352	1.376685	1.449407
35706	-410.3135	-550.5504	140.2368	1.480652	1.11581
35712	-408.6116	-548.8401	140.2285	1.763761	0.8311827
35718	-410.7345	-550.3788	139.6443	1.5556	1.533642
35724	-418.437	-558.2077	139.7706	2.151085	0.9138889
35730	-403.441	-543.64	140.199	1.891776	0.6858549
35736	-404.6041	-544.6559	140.0518	2.094056	0.5159329
35742	-410.309	-550.4107	140.1016	1.997266	0.6703184
35748	-414.1232	-554.5433	140.4201	1.703962	0.6132552
35754	-414.1586	-554.1558	139.9972	1.78188	1.0588
35760	-409.5104	-549.7416	140.2312	1.540414	1.065857
35766	-409.0032	-549.1365	140.1333	1.642085	1.06228
35772	-413.1888	-553.2159	140.027	1.536012	1.249704
35778	-410.7914	-550.7696	139.9782	1.592174	1.243604
35784	-409.5062	-549.6526	140.1465	1.752137	0.9389972
35790	-410.0086	-550.0475	140.0389	1.76798	1.032169
35796	-410.6712	-550.0979	139.4266	1.659497	1.616983
35802	-406.3796	-546.3485	139.969	1.537654	1.29617
35808	-407.3716	-547.1125	139.7409	1.620666	1.411234
35814	-412.5235	-552.146	139.6225	1.366209	1.686828
35820	-416.9805	-556.5526	139.5721	1.44748	1.664848
35826	-418.1249	-557.9397	139.8148	1.594085	1.374313
35832	-416.3898	-556.1806	139.7908	1.618109	1.374313
35838	-421.6108	-560.7129	139.1021	1.503738	1.951049
35844	-423.2964	-562.1572	138.8608	1.744992	1.951049
35850	-413.6713	-553.6637	139.9924	1.666521	1.167921
35856	-421.0525	-560.9116	139.8591	1.799816	1.167921
35862	-410.0734	-550.111	140.0376	1.772212	1.029338
35868	-424.2705	-563.9137	139.6431	2.481653	0.4031435
35874	-412.5109	-552.17	139.6591	2.40968	0.3279543
35880	-412.5306	-552.5205	139.9898	2.153517	0.4620453
35886	-413.4893	-553.4502	139.9609	2.185334	0.4902972
35892	-407.8236	-547.7671	139.9435	2.195127	0.5647197
35898	-406.794	-546.279	139.4851	2.531866	0.2867702
35904	-414.8345	-554.6695	139.835	2.311198	0.5101631
35910	-417.5044	-557.5785	140.0741	2.06574	0.5593215
35916	-416.1673	-555.8858	139.7185	2.420306	0.4410007
35922	-410.3807	-550.3576	139.9769	2.093195	0.7215084
35928	-408.5312	-548.5771	140.046	2.016886	0.7331314
35934	-409.4068	-549.4605	140.0538	2.016377	0.7214458
35940	-408.0271	-548.0829	140.0558	2.065553	0.6204325
35946	-407.5799	-547.6474	140.0675	2.065553	0.5863101
35952	-418.0215	-557.9808	139.9593	2.170538	0.5965723
35958	-415.4376	-555.5971	140.1595	1.974985	0.4266099
35964	-432.976	-572.2256	139.2496	1.542661	1.824221
35970	-419.2206	-559.1183	139.8977	1.74044	1.18598
35976	-411.8208	-551.9934	140.1726	1.827051	0.8218554
35982	-416.7498	-556.9692	140.2194	1.754645	0.8535693
35988	-413.5509	-553.2604	139.7095	1.535903	1.499717
35994	-423.5934	-563.5747	139.9812	1.945209	0.9086495
36000	-421.6572	-561.9244	140.2672	1.735926	0.8174455
36006	-421.7824	-561.3816	139.5992	1.623239	1.516881
36012	-414.5577	-554.2092	139.6515	1.205546	1.779363
36018	-416.4063	-555.645	139.2388	1.468155	1.882659
36024	-411.3666	-551.0441	139.6775	1.496349	1.552936
36030	-411.6885	-551.0824	139.3939	1.657208	1.642285
36036	-410.4588	-550.0976	139.6389	1.412201	1.642285
36042	-416.7182	-556.4622	139.744	1.942656	1.143473
36048	-415.8858	-556.0208	140.135	1.924569	0.7381816
36054	-409.5017	-549.569	140.0673	1.829674	0.9406991
36060	-414.2351	-554.1819	139.9468	1.340043	1.468469
36066	-404.062	-544.2827	140.2207	1.499692	1.113183
36072	-400.0636	-540.0523	139.9887	1.555737	1.265134
36078	-406.2097	-545.1705	138.9608	1.280907	2.19113
36084	-409.0329	-548.1054	139.0725	1.169159	2.19113
36090	-401.27	-541.1919	139.9219	1.473969	1.384502
36096	-409.4557	-549.6243	140.1687	1.59487	1.073426
36102	-409.2985	-549.5077	140.2092	1.607205	1.022883
36108	-403.5343	-543.3459	139.8116	1.452828	1.485383
36114	-411.148	-550.8025	139.6545	1.743762	1.382641
36120	-416.0717	-556.3651	140.2934	1.526518	1.019449
36126	-416.2744	-556.4071	140.1327	1.686468	1.020184
36132	-407.5297	-547.6469	140.1171	1.969763	0.6928311
36138	-411.7611	-551.8716	140.1106	1.813349	0.9114687
36144	-410.7872	-550.5467	139.7596	1.808697	1.245333
36150	-415.5725	-555.6533	140.0808	1.823417	0.9329462
36156	-409.5749	-549.66	140.0852	1.655313	1.094811
36162	-413.8932	-554.0468	140.1536	1.817683	0.8569054
36168	-415.6317	-556.1605	140.5288	1.421202	0.8819775
36174	-413.841	-553.9587	140.1177	1.610891	1.105705
36180	-406.2987	-546.245	139.9463	1.537453	1.3147
36186	-402.0974	-542.323	140.2256	1.658008	0.9548752
36192	-405.785	-545.9653	140.1804	1.66146	0.997717
36198	-414.9819	-555.0152	140.0333	1.864589	0.9397458
36204	-410.5121	-550.5767	140.0647	1.718274	1.055141
36210	-426.5923	-566.1332	139.5409	1.365901	1.744674
36216	-412.8029	-550.9146	138.1117	1.076118	2.849393
36222	-415.1697	-553.3277	138.158	0.9999614	2.867502
36228	-416.8241	-555.0097	138.1856	1.335581	2.645654
36234	-423.468	-562.8024	139.3344	1.211052	1.991492
36240	-409.1255	-548.5445	139.419	1.747871	1.558034
36246	-413.5192	-552.9187	139.3995	1.152729	1.986947
36252	-414.11	-552.0474	137.9374	1.124363	2.925625
36258	-409.1753	-548.9867	139.8113	1.535048	1.422932
36264	-410.873	-551.0119	140.1389	1.873287	0.8055931
36270	-425.1306	-565.0214	139.8908	1.293265	1.545382
36276	-413.3957	-553.26	139.8643	1.374622	1.504523
36282	-414.0494	-554.0395	139.9901	1.519191	1.293987
36288	-410.5742	-550.6795	140.1053	1.993492	0.670603
36294	-411.4771	-551.455	139.978	2.00041	0.8483456
36300	-415.0756	-555.1862	140.1106	1.967199	0.7088077
36306	-415.6804	-555.8925	140.2121	1.882123	0.6793521
36312	-415.7383	-554.9984	139.2601	1.184375	2.058559
36318	-416.7829	-556.6133	139.8305	1.18514	1.667675
36324	-409.5615	-549.6094	140.0479	1.573868	1.200072
36330	-406.5629	-546.4267	139.8638	1.392912	1.49119
36336	-406.1293	-546.3557	140.2264	1.513113	1.095762
36342	-411.789	-549.6799	137.8908	1.436602	2.764478
36348	-400.1892	-540.5124	140.3232	1.426609	1.086249
36354	-411.8244	-551.8212	139.9968	1.274805	1.480019
36360	-402.3514	-542.3763	140.0249	1.376424	1.380238
36366	-416.952	-556.7187	139.7667	1.424348	1.540198
36372	-414.9129	-554.137	139.224	1.003375	2.200376
36378	-421.8094	-561.0805	139.2712	1.308211	1.968783
36384	-427.9671	-567.9365	139.9694	2.16459	0.5830046
36390	-420.4463	-560.3897	139.9434	2.202697	0.5128485
36396	-417.2982	-557.2628	139.9646	2.174648	0.4426549
36402	-416.87	-556.8825	140.0125	2.126757	0.4426549
36408	-411.8749	-551.9405	140.0657	2.023713	0.6883422
36414	-416.4449	-556.4492	140.0043	1.738488	1.09266
36420	-416.6894	-557.024	140.3346	1.637795	0.8556113
36426	-424.7848	-565.0126	140.2278	1.829604	0.7415566
36432	-427.1108	-567.3831	140.2722	1.768496	0.7663731
36438	-430.0968	-570.1782	140.0814	1.959289	0.7663731
36444	-421.2174	-561.1982	139.9808	2.162702	0.5387941
36450	-418.7228	-558.8242	140.1013	1.549787	1.17472
36456	-412.8246	-552.5623	139.7378	1.671139	1.374287
36462	-414.1529	-553.6084	139.4554	1.628169	1.618819
36468	-414.3737	-554.4993	140.1255	1.710014	1.003978
36474	-415.536	-555.4944	139.9584	1.993208	0.8801387
36480	-413.3265	-553.5595	140.233	1.74608	0.8475486
36486	-403.5063	-543.7323	140.226	1.587999	1.025259
36492	-417.178	-557.6812	140.5031	1.517906	0.7937762
36498	-418.9632	-559.259	140.2957	1.780571	0.7112465
36504	-419.0895	-559.2429	140.1535	1.933513	0.6927218
36510	-425.9443	-566.1249	140.1806	1.89439	0.7135453
36516	-424.6417	-564.8945	140.2528	1.82214	0.7135453
36522	-420.9595	-561.0735	140.114	1.866374	0.8459319
36528	-408.5309	-548.6615	140.1306	1.974058	0.6586916
36534	-407.6267	-547.8732	140.2465	1.828919	0.7127687
36540	-408.4941	-548.6062	140.1121	2.03371	0.517554
36546	-413.8929	-553.7205	139.8276	2.313273	0.4494453
36552	-410.2419	-549.8994	139.6575	2.457924	0.3857147
36558	-416.6798	-556.2382	139.5585	2.457924	0.2864017
36564	-417.1552	-556.3349	139.1797	2.624516	0.1916809
36570	-410.5736	-549.8378	139.2642	2.701283	0.2562529
36576	-415.3884	-554.7743	139.3859	2.641198	0.2937836
36582	-414.1791	-553.8664	139.6873	2.346108	0.2984005
36588	-410.811	-550.3309	139.5199	2.471866	0.270913
36594	-408.3632	-547.9188	139.5556	2.471866	0.2940548
36600	-413.1305	-552.9336	139.8032	2.306101	0.375852
36606	-427.5694	-567.3143	139.745	2.364318	0.375852
36612	-420.0443	-560.0111	139.9668	2.177987	0.5289805
36618	-405.5731	-545.6118	140.0387	2.106272	0.5271727
36624	-404.2973	-544.147	139.8498	2.245598	0.3568085
36630	-407.9878	-547.8126	139.8248	2.262945	0.3477232
36636	-405.6835	-545.6405	139.957	2.173638	0.4165346
36642	-406.0316	-545.8802	139.8486	2.24952	0.3602697
36648	-409.5866	-549.4206	139.834	2.24952	0.3429753
36654	-407.6207	-547.3723	139.7516	2.345778	0.3593424
36660	-407.4437	-547.1072	139.6636	2.433796	0.3593424
36666	-401.793	-541.1692	139.3762	2.558198	0.2409284
36672	-407.1508	-546.8116	139.6608	2.449599	0.3775509
36678	-403.9703	-543.9972	140.0269	2.08824	0.3851953
36684	-399.0531	-539.1384	140.0853	2.030931	0.6330144
36690	-400.2732	-540.5571	140.2839	1.832685	0.6322045
36696	-407.1488	-547.0524	139.9035	2.230692	0.4259825
36702	-413.1284	-553.1176	139.9892	2.139756	0.5993763
36708	-407.7227	-547.5502	139.8275	2.271312	0.3611715
36714	-410.6081	-550.6789	140.0709	2.075471	0.4941398
36720	-416.5923	-556.9892	140.3968	1.701216	0.6720119
36726	-426.1913	-566.1924	140.001	2.133216	0.5819653
36732	-427.588	-567.6623	140.0743	2.068391	0.4582184
36738	-417.8349	-557.872	140.0371	2.105549	0.4582184
36744	-417.9735	-557.9353	139.9618	2.180885	0.4582184
36750	-421.6971	-561.52	139.8229	2.304354	0.4084388
36756	-421.744	-561.6539	139.9099	2.217306	0.4084388
36762	-426.1162	-565.8449	139.7287	2.398586	0.4084388
36768	-418.2087	-558.076	139.8673	2.257525	0.4032853
36774	-420.0593	-560.1704	140.1111	2.035131	0.4906694
36780	-425.2209	-565.3091	140.0881	1.971872	0.7375872
36786	-435.0102	-575.0394	140.0293	1.971872	0.819955
36792	-427.0968	-567.3425	140.2456	1.802597	0.7554287
36798	-422.5791	-562.6669	140.0879	2.032479	0.6229875
36804	-425.3746	-565.2889	139.9143	2.220686	0.5793987
36810	-420.0714	-559.9296	139.8582	2.059967	0.9178011
36816	-412.6438	-552.6609	140.017	1.98005	0.8251247
36822	-425.8288	-566.0832	140.2545	1.821443	0.7119258
36828	-430.5259	-570.7669	140.2411	1.821479	0.7336249
36834	-420.5172	-560.636	140.1188	2.022316	0.4503242
36840	-419.5805	-559.701	140.1205	1.99576	0.6329527
36846	-410.6107	-550.8899	140.2793	1.836993	0.6329527
36852	-416.2947	-556.0921	139.7974	2.346663	0.534639
36858	-413.3044	-552.9638	139.6595	2.346943	0.2799125
36864	-416.8259	-556.488	139.6621	2.475	0.4347404
36870	-422.0121	-561.8483	139.8362	2.300844	0.4347404
36876	-414.2417	-554.562	140.3203	1.693067	0.8040859
36882	-415.4909	-555.6241	140.1332	1.740253	0.9655181
36888	-416.2171	-556.4414	140.2243	1.747751	0.855978
36894	-405.6824	-545.4451	139.7627	1.484493	1.498334
36900	-414.6308	-554.3355	139.7047	1.423552	1.586374
36906	-406.6578	-546.4142	139.7564	1.420282	1.550801
36912	-410.6047	-550.219	139.6143	1.389257	1.676296
36918	-410.9307	-550.2378	139.3071	1.412761	1.873865
36924	-420.081	-559.4802	139.3992	1.488741	1.757841
36930	-428.8548	-568.6699	139.8151	1.738383	1.257621
36936	-424.874	-564.7685	139.8945	1.622157	1.287996
36942	-415.9026	-555.643	139.7404	1.565554	1.453933
36948	-411.1603	-551.1557	139.9954	1.662098	1.169166
36954	-423.7264	-563.4637	139.7373	1.425038	1.561379
36960	-420.1752	-559.765	139.5898	1.437461	1.659356
36966	-416.3719	-555.4253	139.0534	1.340172	2.092044
36972	-412.5985	-552.2244	139.626	1.422398	1.644228
36978	-411.6975	-551.6078	139.9103	1.465201	1.400392
36984	-419.4344	-558.6193	139.1849	1.623444	1.813158
36990	-421.948	-561.1414	139.1933	1.232099	2.071089
36996	-416.7793	-556.3234	139.5441	1.464691	1.672548
37002	-419.3283	-559.5167	140.1885	1.772018	0.8697356
37008	-416.6523	-556.7644	140.1121	1.839449	0.8801342
37014	-417.8459	-557.9478	140.1019	2.020366	0.618031
37020	-425.3647	-565.468	140.1033	2.018931	0.618031
37026	-416.0781	-556.2292	140.1511	1.882674	0.7762609
37032	-409.9555	-550.1562	140.2007	1.831321	0.7787328
37038	-416.1209	-556.1911	140.0702	2.06714	0.5703741
37044	-417.2912	-557.4266	140.1354	1.874801	0.8082034
37050	-415.4943	-555.586	140.0917	1.861486	0.878338
37056	-413.1054	-553.1842	140.0788	1.799344	0.9605884
37062	-423.5414	-563.3774	139.836	2.042135	0.9605884
37068	-433.2748	-573.4034	140.1286	1.959739	0.6903069
37074	-418.4709	-558.4904	140.0196	1.821887	0.9981007
37080	-424.3769	-564.2881	139.9112	1.670636	1.233996
37086	-418.9714	-559.2976	140.3261	1.477804	1.035005
37092	-422.0459	-561.8588	139.8128	1.739092	1.258937
37098	-423.242	-563.2377	139.9956	1.660442	1.170435
37104	-421.7292	-561.9504	140.2212	1.898301	0.6251561
37110	-411.352	-551.5623	140.2103	1.797412	0.8114238
37116	-422.5884	-562.7736	140.1852	1.961079	0.5074718
37122	-413.1459	-553.1397	139.9939	2.141661	0.4299179
37128	-411.3886	-551.4663	140.0776	1.931715	0.8092993
37134	-413.6312	-553.6654	140.0343	1.975064	0.8092993
37140	-414.6248	-554.6695	140.0447	1.8692	0.9224217
37146	-418.7403	-558.7384	139.9982	1.614136	1.208173
37152	-418.8366	-558.7173	139.8807	1.790488	1.157195
37158	-416.7852	-556.6349	139.8497	1.900337	1.085979
37164	-421.5155	-561.7094	140.1939	1.910424	0.6593983
37170	-421.5716	-561.9465	140.3749	1.572126	0.8853842
37176	-406.7902	-546.9681	140.1778	1.878641	0.7430068
37182	-409.252	-549.3962	140.1442	1.9567	0.6662731
37188	-408.7166	-548.7135	139.9969	2.128424	0.6098308
37194	-405.0812	-545.1034	140.0222	1.704936	1.107076
37200	-408.2225	-548.2825	140.0601	1.348657	1.374435
37206	-399.7009	-539.4471	139.7462	1.150042	1.752022
37212	-407.9736	-547.807	139.8333	1.299001	1.5834
37218	-401.4406	-541.118	139.6773	1.146372	1.8025
37224	-403.6816	-542.939	139.2574	1.1655	2.072776
37230	-411.5257	-551.471	139.9453	1.601667	1.263042
37236	-412.4423	-552.2973	139.855	1.568873	1.362494
37242	-406.4574	-546.6075	140.1501	1.817047	0.8618594
37248	-406.8568	-547.0618	140.205	1.782473	0.8371098
37254	-412.8002	-552.7923	139.992	1.5399	1.275447
37260	-408.8497	-548.5055	139.6558	1.248277	1.746587
37266	-402.8841	-541.5575	138.6734	1.002718	2.549726
37272	-401.9806	-541.4553	139.4747	1.130653	1.951373
37278	-403.2325	-542.7647	139.5323	1.154376	1.896436
37284	-407.1129	-546.4208	139.3079	1.415324	1.87155
37290	-411.8398	-551.9994	140.1596	1.622142	1.056276
37296	-407.8893	-547.6485	139.7592	1.385561	1.574279
37302	-416.2594	-555.5754	139.316	1.680135	1.681594
37308	-408.8447	-549.1295	140.2848	1.752008	0.771958
37314	-407.7799	-548.0697	140.2897	1.643027	0.9015865
37320	-406.914	-547.2441	140.3301	1.545467	0.9632686
37326	-400.4535	-540.3509	139.8974	1.653073	1.260145
37332	-405.5786	-546.0219	140.4433	1.486063	0.9053737
37338	-415.2803	-555.3469	140.0665	1.71606	1.055448
37344	-417.9304	-558.2072	140.2767	1.58352	0.9790883
37350	-410.9949	-551.2558	140.261	1.744138	0.8147992
37356	-406.6095	-546.5734	139.9639	1.637753	1.21727
37362	-416.1194	-556.3473	140.2279	1.871359	0.6696515
37368	-413.517	-553.7491	140.2321	1.867105	0.6696515
37374	-410.4529	-550.6564	140.2035	1.905884	0.6485739
37380	-418.8323	-559.0446	140.2123	1.875138	0.6918913
37386	-410.303	-550.4688	140.1658	1.973411	0.562191
37392	-413.2977	-553.1615	139.8638	2.282244	0.4860124
37398	-418.8109	-558.721	139.9101	2.235539	0.4810503
37404	-421.0844	-561.0244	139.94	2.19817	0.4384753
37410	-412.7584	-552.4192	139.6609	2.399017	0.3197927
37416	-414.1122	-553.6174	139.5051	2.556267	0.3211596
37422	-422.2303	-561.9889	139.7586	2.366677	0.4041241
37428	-415.2486	-555.1422	139.8936	2.237389	0.4172936
37434	-409.2292	-548.9006	139.6714	2.459628	0.4172936
37440	-405.7929	-545.9	140.1072	2.032222	0.5614881
37446	-406.8238	-546.9185	140.0947	2.032222	0.605185
37452	-407.5721	-547.6178	140.0458	2.045141	0.6855034
37458	-408.4014	-548.3731	139.9717	2.16015	0.5901319
37464	-406.1211	-546.1734	140.0523	2.052779	0.6578377
37470	-414.4236	-554.6236	140.2	1.845259	0.7597116
37476	-412.0157	-551.9842	139.9684	1.995829	0.8652836
37482	-421.0067	-561.1647	140.158	1.863717	0.7929128
37488	-417.0023	-556.5018	139.4995	1.481064	1.692656
37494	-413.0326	-552.9203	139.8877	1.632478	1.285083
37500	-415.7006	-555.5788	139.8782	1.486861	1.408503
37506	-417.634	-557.6124	139.9784	1.661623	1.184378
37512	-425.3014	-565.8109	140.5095	1.54792	0.7415489
37518	-411.5627	-551.7115	140.1488	1.67356	1.016996
37524	-416.1422	-555.7088	139.5666	1.487713	1.639963
37530	-414.4662	-553.7489	139.2827	1.175783	2.049266
37536	-424.0881	-563.4535	139.3653	1.36534	1.866447
37542	-417.4211	-557.0418	139.6206	1.197372	1.806447
37548	-418.3336	-558.5341	140.2005	1.516132	1.116603
37554	-432.2118	-572.3654	140.1535	1.243702	1.383429
37560	-424.8535	-564.9003	140.0468	1.307945	1.416492
37566	-424.2032	-563.9509	139.7476	1.398581	1.57323
37572	-414.8884	-554.7059	139.8175	1.4958	1.448312
37578	-406.2951	-546.1076	139.8126	1.382494	1.537222
37584	-404.7951	-544.5338	139.7387	1.35095	1.614419
37590	-411.353	-550.9044	139.5514	1.421358	1.698138
37596	-405.0802	-543.9587	138.8785	1.514891	2.092178
37602	-404.4055	-543.7488	139.3433	1.31636	1.914722
37608	-397.8842	-538.0828	140.1986	1.679956	0.9601438
37614	-411.6854	-551.7246	140.0392	1.643363	1.147107
37620	-406.3953	-546.5432	140.1479	1.649103	1.041671
37626	-405.4777	-545.5594	140.0817	1.715314	1.041671
37632	-402.4893	-542.643	140.1537	1.643327	1.041671
37638	-406.5038	-546.5936	140.0898	1.454168	1.265545
37644	-405.9714	-545.6038	139.6324	1.710586	1.425566
37650	-401.1339	-541.2785	140.1446	1.621557	1.071
37656	-405.0816	-544.8525	139.771	1.755013	1.280349
37662	-407.8187	-547.8181	139.9993	1.829262	1.010873
37668	-404.9698	-544.9286	139.9588	2.136675	0.6769818
37674	-402.8191	-542.9367	140.1176	2.024018	0.5504507
37680	-408.8815	-548.9526	140.0711	2.072856	0.5354033
37686	-406.7271	-546.7722	140.0451	2.091309	0.5739333
37692	-413.4169	-553.616	140.199	1.851498	0.75198
37698	-417.9121	-557.9733	140.0612	1.894143	0.8758167
37704	-412.8017	-552.6035	139.8018	1.884311	1.143989
37710	-405.333	-545.4863	140.1533	1.834607	0.8366545
37716	-412.3731	-552.5398	140.1667	1.823538	0.8337326
37722	-401.1005	-541.0889	139.9884	2.146872	0.5783061
37728	-398.5398	-538.7594	140.2196	1.875967	0.6767894
37734	-403.4824	-543.6766	140.1943	1.914973	0.6489632
37740	-406.5414	-546.5694	140.0279	2.093924	0.6190731
37746	-406.0272	-546.302	140.2748	1.855769	0.5943177
37752	-405.1711	-545.4915	140.3204	1.822954	0.4620776
37758	-409.1279	-549.3457	140.2178	1.923285	0.5533426
37764	-401.3973	-541.6933	140.296	1.84511	0.5533426
37770	-406.1854	-546.2008	140.0155	1.939372	0.8763823
37776	-407.2998	-547.5139	140.2141	1.928174	0.5467667
37782	-411.1917	-551.0473	139.8556	1.683185	1.26983
37788	-417.1969	-556.7537	139.5567	1.391304	1.715663
37794	-404.5751	-544.0198	139.4447	1.206039	1.920789
37800	-401.5673	-541.3773	139.81	1.426136	1.50665
37806	-397.0594	-536.9131	139.8538	1.59208	1.345077
37812	-394.2103	-533.6362	139.4259	1.343645	1.839857
37818	-404.0285	-543.8408	139.8123	1.167671	1.693082
37824	-404.1732	-543.3879	139.2146	1.143328	2.115405
37830	-400.1889	-538.7821	138.5932	1.143328	2.512086
37836	-402.5788	-541.7252	139.1464	1.475634	1.940162
37842	-407.6889	-547.4318	139.743	1.519773	1.486682
37848	-415.3221	-554.1895	138.8674	1.24323	2.275591
37854	-417.0472	-556.4243	139.3771	1.01495	2.093073
37860	-403.9896	-543.402	139.4124	1.426166	1.792186
37866	-405.316	-544.7544	139.4385	1.427207	1.773376
37872	-401.9627	-542.1797	140.217	1.352881	1.244016
37878	-404.2118	-544.3815	140.1697	1.382034	1.259064
37884	-415.8131	-555.7387	139.9255	1.295635	1.517829
37890	-412.3189	-552.4717	140.1528	1.511123	1.163506
37896	-410.5284	-550.6313	140.103	1.414571	1.287256
37902	-403.3099	-543.2087	139.8988	1.36015	1.489528
37908	-406.8694	-546.9955	140.1261	1.581728	1.124572
37914	-398.8534	-539.1766	140.3232	1.581728	0.9321834
37920	-401.2029	-541.341	140.1381	1.815755	0.8774986
37926	-406.3053	-546.4947	140.1894	1.608015	1.041298
37932	-400.7834	-540.9701	140.1866	1.878596	0.7293458
37938	-406.9111	-547.1252	140.2141	1.57519	1.049088
37944	-412.3152	-551.9545	139.6393	1.620164	1.48917
37950	-405.2747	-545.3401	140.0653	1.461318	1.279792
37956	-410.1437	-549.6852	139.5415	1.318745	1.77717
37962	-406.6359	-545.6858	139.0499	1.40894	2.049061
37968	-406.6332	-545.2646	138.6314	1.352987	2.356066
37974	-407.4935	-546.4813	138.9878	1.125122	2.274118
37980	-409.254	-548.7845	139.5306	1.218238	1.854053
37986	-410.7657	-549.6551	138.8894	1.117212	2.341987
37992	-420.4099	-558.3914	137.9815	0.9862717	2.98221
37998	-417.4566	-555.2184	137.7618	0.9098343	3.159086
38004	-419.6176	-559.4169	139.7993	1.294704	1.611275
38010	-420.5405	-560.6394	140.0989	1.697715	1.042056
38016	-418.005	-558.0017	139.9967	1.896064	0.9452632
38022	-417.5305	-557.6148	140.0843	1.825238	0.9271876
38028	-415.0955	-555.2012	140.1057	1.944294	0.7528042
38034	-407.1491	-547.3634	140.2143	1.929557	0.4649061
38040	-411.7021	-551.8876	140.1855	1.882145	0.7254424
38046	-424.3351	-564.5492	140.2141	1.802167	0.8001852
38052	-422.073	-562.134	140.0609	2.057378	0.6280039
38058	-420.0719	-560.2548	140.1829	1.935454	0.6280039
38064	-409.3495	-549.5047	140.1552	1.983833	0.5631692
38070	-413.2427	-553.3466	140.1039	2.037501	0.5517875
38076	-409.0002	-549.1872	140.187	1.936999	0.6135032
38082	-412.4542	-552.1269	139.6728	2.386977	0.3196736
38088	-420.0794	-559.8755	139.7961	2.333005	0.4126228
38094	-415.5084	-555.3887	139.8803	2.262715	0.4599215
38100	-408.8117	-548.602	139.7904	2.300799	0.3517202
38106	-409.0355	-548.7894	139.7539	2.385542	0.4433644
38112	-400.1283	-539.8974	139.7691	2.335964	0.3697287
38118	-408.4474	-548.2098	139.7624	2.342654	0.3697287
38124	-406.3249	-546.1177	139.7928	2.347393	0.4463432
38130	-408.9981	-548.7175	139.7194	2.415084	0.426825
38136	-409.6668	-549.5752	139.9085	2.214077	0.3985695
38142	-407.3292	-546.8295	139.5003	2.57021	0.3296375
38148	-407.0536	-547.1922	140.1386	1.937731	0.7111425
38154	-404.1473	-544.2572	140.1099	1.657029	1.070238
38160	-409.7993	-549.8391	140.0398	1.845417	0.9532006
38166	-409.6743	-550.0772	140.4029	1.605308	0.8107651
38172	-409.701	-549.7881	140.0871	1.49628	1.232652
38178	-410.9749	-551.1255	140.1506	1.662941	1.025659
38184	-409.3251	-549.4446	140.1195	1.437869	1.254396
38190	-408.711	-548.5243	139.8133	1.47116	1.470263
38196	-409.2373	-549.5655	140.3282	1.531702	0.9794504
38202	-411.8434	-551.7826	139.9392	1.651831	1.22626
38208	-418.3216	-558.5479	140.2263	1.656612	0.9556197
38214	-411.1219	-551.3383	140.2164	1.666469	0.9556197
38220	-411.4521	-551.4125	139.9604	2.159409	0.6242628
38226	-412.342	-552.4795	140.1374	1.803454	0.892399
38232	-410.5437	-550.7983	140.2546	1.690252	0.8879234
38238	-425.2538	-565.2685	140.0147	1.930126	0.8879234
38244	-410.5408	-550.9407	140.3999	1.722786	0.6168841
38250	-420.4501	-560.8003	140.3502	1.70343	0.7473952
38256	-409.8505	-550.1825	140.3321	1.721534	0.7473952
38262	-410.5382	-550.6503	140.1121	1.893226	0.8145279
38268	-413.3835	-553.5966	140.2131	1.930257	0.5398993
38274	-418.3486	-558.4323	140.0837	1.971645	0.7446743
38280	-418.5301	-558.4276	139.8975	2.103162	0.8205637
38286	-412.4806	-552.4958	140.0151	1.985521	0.8205637
38292	-414.0688	-554.1387	140.0699	2.074875	0.4721543
38298	-417.5087	-557.1683	139.6596	2.421672	0.340528
38304	-419.1534	-558.5376	139.3842	2.573682	0.2523647
38310	-415.9244	-555.2313	139.3069	2.64506	0.249347
38316	-414.4325	-553.5908	139.1584	2.718885	0.2168328
38322	-408.7291	-547.9926	139.2634	2.691536	0.2508635
38328	-411.4617	-550.7175	139.2558	2.642692	0.2252362
38334	-409.0776	-548.3703	139.2928	2.597566	0.2219495
38340	-406.0436	-545.4348	139.3912	2.597566	0.2691516
38346	-411.3233	-550.5431	139.2198	2.597566	0.1958219
38352	-411.9862	-551.8426	139.8564	2.225311	0.3410721
38358	-410.0705	-549.9303	139.8598	2.213664	0.332577
38364	-413.0978	-552.9576	139.8598	2.213664	0.332577
38370	-412.791	-552.8032	140.0122	1.992716	0.8150503
38376	-416.3514	-556.4808	140.1295	1.970997	0.6672404
38382	-408.2174	-548.4225	140.2052	1.875967	0.7030401
38388	-406.2831	-546.5317	140.2487	1.744137	0.8305289
38394	-401.7396	-541.9652	140.2256	1.910233	0.5762896
38400	-414.3017	-554.3197	140.018	2.117135	0.5789922
38406	-417.3351	-557.3791	140.0441	1.778404	1.016939
38412	-409.6733	-549.7312	140.0579	1.813005	0.9680847
38418	-406.6915	-546.7734	140.0818	1.686181	1.069243
38424	-408.3066	-548.022	139.7153	1.31695	1.655748
38430	-409.1814	-548.5384	139.357	1.186535	1.99275
38436	-416.4686	-555.2348	138.7663	1.322624	2.289482
38442	-409.0165	-548.4358	139.4193	1.036448	2.05107
38448	-405.6935	-545.0026	139.309	1.146743	2.05107
38454	-409.429	-548.999	139.5701	1.479163	1.643608
38460	-402.6769	-542.6936	140.0167	2.129131	0.4836867
38466	-405.4271	-545.4059	139.9788	2.129131	0.6518693
38472	-401.6313	-541.5937	139.9624	2.183998	0.4975947
38478	-404.7064	-544.4309	139.7245	2.373971	0.3607084
38484	-411.911	-551.774	139.8629	2.283471	0.5011068
38490	-413.3736	-553.304	139.9304	2.19328	0.4008315
38496	-410.8901	-550.8485	139.9584	2.185501	0.4657995
38502	-410.124	-549.9435	139.8195	2.275522	0.3564143
38508	-404.9419	-544.7393	139.7974	2.348157	0.520594
38514	-397.3115	-537.0072	139.6957	2.348157	0.3063739
38520	-395.5656	-535.1165	139.5509	2.492949	0.3063739
38526	-393.3449	-533.351	140.006	2.137577	0.5382119
38532	-405.9113	-546.3023	140.391	1.724643	0.6343694
38538	-403.4373	-543.3347	139.8973	1.680494	1.237345
38544	-409.7491	-549.8556	140.1065	1.683805	1.048127
38550	-405.7896	-546.0626	140.273	1.83992	0.6408214
38556	-397.5524	-537.4969	139.9445	2.168406	0.6408214
38562	-408.4121	-548.1983	139.7862	2.344927	0.4177073
38568	-404.4563	-544.4919	140.0356	2.104128	0.4445393
38574	-405.4358	-545.4704	140.0346	2.07329	0.6518444
38580	-404.2316	-544.4908	140.2592	1.722636	0.8441668
38586	-412.2144	-552.283	140.0685	1.666466	1.099875
38592	-409.1362	-549.1482	140.0119	1.598693	1.209608
38598	-407.4881	-547.6611	140.1729	1.876931	0.7530164
38604	-407.3791	-547.5562	140.1771	1.857459	0.775083
38610	-405.7967	-545.9609	140.1642	1.972655	0.5723999
38616	-410.3068	-550.3522	140.0454	2.096803	0.4555463
38622	-400.6309	-540.6111	139.9802	2.096803	0.7100684
38628	-401.4995	-541.46	139.9605	2.179656	0.5581381
38634	-397.0954	-537.1001	140.0047	2.141636	0.50571
38640	-399.1379	-538.9596	139.8217	2.308056	0.414218
38646	-400.1357	-540.0205	139.8848	2.218209	0.3668198
38652	-401.4226	-541.0615	139.639	2.380473	0.2884726
38658	-400.3107	-539.8933	139.5826	2.46937	0.3130215
38664	-402.6193	-542.0416	139.4223	2.572104	0.2724974
38670	-405.4233	-545.0493	139.6261	2.405028	0.2966829
38676	-403.5301	-543.1178	139.5877	2.479042	0.3260538
38682	-402.4809	-542.5535	140.0727	2.028243	0.6663369
38688	-401.8439	-542.0911	140.2472	1.873749	0.6214019
38694	-406.5744	-546.8988	140.3244	1.735223	0.7381359
38700	-415.6994	-555.763	140.0636	1.724824	1.04993
38706	-414.6954	-554.5993	139.9039	1.664486	1.245254
38712	-415.2937	-555.4314	140.1377	1.959492	0.673683
38718	-407.4269	-547.7637	140.3368	1.553208	0.9481301
38724	-407.9729	-547.9591	139.9862	1.500192	1.312584
38730	-403.1341	-543.4379	140.3038	1.555638	0.979914
38736	-402.2037	-542.1938	139.9901	1.456077	1.344845
38742	-407.0582	-547.0178	139.9596	1.315602	1.477259
38748	-399.6927	-539.6287	139.936	1.339176	1.477259
38754	-405.2787	-544.7751	139.4964	1.278561	1.836105
38760	-418.5708	-557.7883	139.2175	1.405993	1.93914
38766	-423.1656	-563.1577	139.992	1.354662	1.422693
38772	-415.8053	-555.3874	139.5821	1.392014	1.697205
38778	-403.4144	-543.6337	140.2193	1.603776	1.016308
38784	-418.7925	-559.0811	140.2886	1.761896	0.7520376
38790	-409.8615	-550.012	140.1505	1.903915	0.746116
38796	-416.6254	-556.9653	140.3399	1.762127	0.663982
38802	-409.4276	-549.5423	140.1148	2.024209	0.5633593
38808	-407.7063	-547.8808	140.1745	1.852522	0.7855501
38814	-406.72	-546.9037	140.1837	1.765998	0.882277
38820	-403.6189	-543.9889	140.37	1.70992	0.7051473
38826	-406.9906	-546.8132	139.8226	2.321995	0.470316
38832	-408.3356	-548.4654	140.1298	1.998575	0.6009785
38838	-404.0008	-544.2111	140.2103	1.925874	0.5748897
38844	-412.85	-552.9235	140.0735	2.06876	0.5466456
38850	-402.3953	-542.3244	139.929	2.215003	0.4662563
38856	-408.656	-548.6435	139.9875	2.144522	0.419865
38862	-407.4879	-547.6254	140.1374	2.006665	0.5346556
38868	-404.1258	-544.2816	140.1558	1.961713	0.6298841
38874	-411.4251	-551.4977	140.0726	2.072855	0.5220734
38880	-411.2841	-551.4374	140.1533	1.990938	0.5336899
38886	-417.793	-557.8104	140.0174	1.924401	0.8913583
38892	-417.6233	-557.7308	140.1075	1.803553	0.9255529
38898	-411.7596	-551.8072	140.0476	1.515093	1.25002
38904	-407.1153	-547.0066	139.8913	1.671387	1.25002
38910	-407.4088	-547.4526	140.0438	1.944985	0.8355856
38916	-408.1662	-548.4788	140.3126	1.713697	0.7866277
38922	-409.2186	-549.345	140.1263	1.855585	0.8440044
38928	-408.897	-549.1438	140.2468	1.857467	0.6594226
38934	-408.9893	-549.0743	140.085	1.994274	0.7062089
38940	-410.5135	-550.5245	140.011	2.134254	0.4768423
38946	-405.6459	-545.7756	140.1297	2.015111	0.5290481
38952	-405.7787	-545.7808	140.0021	2.141752	0.5364348
38958	-412.3221	-552.4408	140.1187	1.85552	0.8533776
38964	-418.1283	-558.1508	140.0225	1.953673	0.8510286
38970	-419.7364	-559.8443	140.1079	2.034329	0.5467641
38976	-415.9609	-556.0409	140.08	2.031936	0.6430115
38982	-408.2217	-548.3017	140.08	2.031936	0.6430115
38988	-402.5767	-542.6956	140.119	2.023899	0.459209
38994	-404.9796	-545.0174	140.0378	2.104466	0.5468502
39000	-398.6249	-538.8145	140.1896	1.883735	0.7161449
39006	-398.1103	-538.2685	140.1582	1.797088	0.8758046
39012	-397.6908	-537.9381	140.2473	1.707386	0.8765507
39018	-397.7953	-537.8947	140.0994	1.82324	0.9128157
39024	-401.9549	-542.1323	140.1774	1.457082	1.189165
39030	-405.8583	-545.8509	139.9926	1.676876	1.15866
39036	-403.0672	-543.2707	140.2035	1.630381	1.005664
39042	-400.8286	-540.6462	139.8176	1.531543	1.420852
39048	-402.5461	-542.5758	140.0296	1.459842	1.310079
39054	-400.4519	-540.2465	139.7946	1.510999	1.454221
39060	-408.8113	-549.0206	140.2093	1.703202	0.9239914
39066	-415.5184	-555.9035	140.3851	1.565354	0.8814003
39072	-408.5104	-548.5592	140.0489	1.85277	0.9357294
39078	-412.8129	-552.9133	140.1004	1.671327	1.065739
39084	-413.6936	-553.9773	140.2837	1.680867	0.8648819
39090	-410.3818	-550.6489	140.2671	1.77993	0.7572431
39096	-404.0915	-544.2674	140.176	1.871013	0.7572431
39102	-405.5702	-545.6832	140.113	2.031159	0.5344225
39108	-412.9674	-552.9806	140.0132	2.127308	0.5562841
39114	-412.4001	-552.4526	140.0525	2.086375	0.5637514
39120	-414.07	-554.3386	140.2685	1.826046	0.6786576
39126	-421.3807	-561.42	140.0393	2.105152	0.5319983
39132	-422.5482	-562.4652	139.9171	2.203564	0.3949096
39138	-421.912	-562.0098	140.0977	1.992907	0.6860443
39144	-418.2337	-558.5118	140.2781	1.599667	0.9610088
39150	-407.7089	-548.0446	140.3357	1.542101	0.9610088
39156	-412.3398	-552.3321	139.9923	1.690805	1.14663
39162	-409.0598	-549.1143	140.0545	1.519205	1.240763
39168	-417.5539	-557.5375	139.9835	1.366218	1.420349
39174	-407.6838	-548.0047	140.3209	1.564748	0.9527654
39180	-404.7697	-544.9026	140.1329	1.643173	1.061607
39186	-406.5477	-546.8674	140.3196	1.732769	0.749161
39192	-407.3553	-547.2688	139.9135	2.22182	0.4292452
39198	-413.9981	-554.0449	140.0467	2.092238	0.5635101
39204	-411.018	-551.0053	139.9873	2.15856	0.4843019
39210	-413.3397	-553.3677	140.028	2.116163	0.5344623
39216	-406.2454	-546.3327	140.0873	2.05716	0.5320718
39222	-401.1945	-540.952	139.7575	2.28645	0.3064303
39228	-404.8589	-544.2748	139.4159	2.567194	0.2658764
39234	-402.7819	-542.0464	139.2645	2.648028	0.2311276
39240	-410.3717	-549.5965	139.2248	2.687736	0.2311276
39246	-409.122	-548.3861	139.2641	2.662331	0.237276
39252	-412.7812	-552.0334	139.2522	2.674301	0.237276
39258	-408.3111	-547.7462	139.4351	2.510671	0.2463192
39264	-409.5442	-548.9129	139.3687	2.627548	0.2735739
39270	-416.351	-555.7546	139.4035	2.549617	0.2499562
39276	-418.2481	-557.8134	139.5653	2.409874	0.2614884
39282	-409.0349	-548.7673	139.7324	2.389625	0.397575
39288	-404.9997	-544.9386	139.9389	2.17616	0.3851079
39294	-410.7777	-550.5763	139.7986	2.316505	0.3851079
39300	-421.2834	-560.7437	139.4602	2.597828	0.3181919
39306	-410.3813	-550.1041	139.7228	2.345547	0.3275677
39312	-413.5641	-553.4802	139.9161	2.221753	0.4376059
39318	-406.0301	-546.0545	140.0245	2.113439	0.4376059
39324	-411.5326	-551.5631	140.0305	1.485279	1.288691
39330	-420.3977	-560.5409	140.1432	1.711815	0.9844189
39336	-415.2677	-555.6345	140.3668	1.701655	0.724121
39342	-407.4756	-547.5518	140.0761	2.068876	0.5268889
39348	-408.767	-548.6687	139.9018	2.221766	0.4005518
39354	-412.7677	-552.6093	139.8416	2.289206	0.4168245
39360	-411.861	-551.9219	140.0609	2.083429	0.5329761
39366	-416.6104	-556.5272	139.9168	2.203032	0.3934611
39372	-419.6039	-559.7005	140.0966	1.880003	0.8504576
39378	-419.2226	-559.2872	140.0645	1.80754	0.9669223
39384	-420.7855	-561.1296	140.344	1.748796	0.6819673
39390	-409.4804	-548.7595	139.2791	1.47383	1.851237
39396	-414.4657	-554.0555	139.5898	1.443083	1.655342
39402	-416.9921	-556.7805	139.7884	1.576168	1.408896
39408	-416.3787	-556.4545	140.0758	1.534466	1.209932
39414	-409.496	-549.775	140.279	1.719291	0.8235208
39420	-414.3729	-554.8646	140.4917	1.50663	0.8235208
39426	-416.5631	-556.637	140.074	2.02995	0.6602031
39432	-408.8911	-548.6534	139.7623	2.33006	0.3531267
39438	-410.022	-549.9671	139.9452	2.131054	0.3352929
39444	-410.3414	-550.0099	139.6685	2.32901	0.2743835
39450	-401.3967	-541.0193	139.6227	2.374858	0.2743835
39456	-397.8447	-537.3836	139.5389	2.425635	0.2557609
39462	-398.5129	-537.962	139.4491	2.502092	0.2489984
39468	-407.3412	-546.6894	139.3483	2.602961	0.2489984
39474	-409.9344	-549.2146	139.2802	2.627203	0.2289474
39480	-415.1259	-554.5515	139.4256	2.54719	0.2601885
39486	-412.9077	-552.3333	139.4256	2.54719	0.2601885
39492	-408.1551	-547.4933	139.3382	2.54719	0.2199819
39498	-412.7567	-552.3682	139.6115	2.493521	0.3696589
39504	-407.8933	-547.8452	139.9519	2.172099	0.4014363
39510	-411.4488	-551.3605	139.9117	2.228523	0.4463768
39516	-413.6229	-553.7147	140.0918	2.039486	0.5921524
39522	-417.9687	-557.8111	139.8424	2.172991	0.8012935
39528	-416.7707	-557.0158	140.2452	1.73037	0.8518056
39534	-408.6191	-548.7849	140.1658	1.862699	0.7835247
39540	-408.0597	-548.4014	140.3417	1.736164	0.7086091
39546	-414.2388	-554.2304	139.9916	2.154154	0.5186843
39552	-411.0567	-550.88	139.8234	2.296666	0.3938543
39558	-411.3417	-551.5367	140.195	1.951355	0.5056166
39564	-414.9979	-555.0175	140.0196	1.980852	0.8208649
39570	-418.6364	-559.0515	140.415	1.632851	0.7558942
39576	-418.7134	-558.8177	140.1043	1.508054	1.208164
39582	-418.9521	-559.0024	140.0503	1.444702	1.305565
39588	-407.5266	-547.3165	139.7899	1.399775	1.54122
39594	-401.1417	-541.118	139.9763	1.362848	1.428509
39600	-399.8956	-540.0243	140.1288	1.642445	1.066233
39606	-404.0293	-544.0412	140.012	1.630495	1.182248
39612	-416.314	-555.058	138.744	1.085248	2.453993
39618	-411.9137	-550.2092	138.2956	1.09681	2.724783
39624	-402.3769	-541.9697	139.5928	1.288934	1.76218
39630	-407.6033	-547.4155	139.8122	1.244302	1.638375
39636	-397.4406	-537.6836	140.243	1.424639	1.160263
39642	-405.2317	-545.2216	139.99	1.487741	1.319572
39648	-400.4414	-540.5242	140.0829	1.627018	1.122702
39654	-396.4487	-536.4428	139.9941	1.544166	1.270207
39660	-400.1614	-539.8282	139.6667	1.513512	1.548183
39666	-400.6299	-540.6547	140.0248	1.341097	1.407884
39672	-399.9908	-539.7645	139.7737	1.505431	1.474285
39678	-397.6916	-537.7193	140.0277	1.65893	1.143507
39684	-405.6904	-546.0466	140.3562	1.554642	0.9257702
39690	-409.9817	-550.0891	140.1074	1.72205	1.010068
39696	-406.5059	-546.6377	140.1318	1.734093	0.9732734
39702	-413.0769	-553.4166	140.3398	1.763347	0.6618854
39708	-416.2947	-556.4629	140.1682	1.935412	0.6607622
39714	-414.3592	-554.3963	140.0371	1.754289	1.047029
39720	-422.801	-562.8943	140.0934	1.682118	1.062183
39726	-429.1393	-569.3733	140.2341	1.541435	1.062183
39732	-419.0971	-559.1273	140.0301	1.771411	1.037308
39738	-407.7041	-547.8293	140.1253	1.447226	1.241821
39744	-408.2569	-548.5738	140.3168	1.627669	0.8882777
39750	-414.8399	-555.0038	140.1639	1.924872	0.6893918
39756	-421.5247	-561.5932	140.0685	1.938701	0.8121459
39762	-414.9149	-555.0411	140.1262	2.018029	0.5332661
39768	-413.5941	-553.6571	140.063	2.070874	0.5833697
39774	-412.3766	-552.4891	140.1125	2.0334	0.5154822
39780	-413.1203	-553.0543	139.9339	2.155251	0.6886968
39786	-411.7971	-551.6687	139.8716	2.26847	0.4458115
39792	-412.4134	-552.0819	139.6685	2.459421	0.4098458
39798	-408.4725	-548.2727	139.8002	2.330702	0.4171682
39804	-410.2153	-550.0117	139.7964	2.330313	0.4072956
39810	-419.5608	-559.716	140.1552	1.991177	0.5028178
39816	-420.594	-560.8058	140.2118	1.785806	0.8245076
39822	-414.051	-554.3992	140.3481	1.583445	0.9029475
39828	-417.7561	-557.9825	140.2264	1.473005	1.13214
39834	-421.0309	-561.3259	140.295	1.506641	1.03725
39840	-412.5988	-552.7167	140.1179	1.54224	1.166836
39846	-419.0313	-559.0386	140.0073	1.495834	1.298984
39852	-428.186	-567.3774	139.1914	1.487394	1.901768
39858	-423.2169	-562.0454	138.8286	1.231687	2.307796
39864	-414.1877	-553.367	139.1793	1.273255	2.053191
39870	-422.9526	-561.9349	138.9823	1.317721	2.153234
39876	-424.4491	-564.0315	139.5824	1.14271	1.870228
39882	-425.9209	-565.5574	139.6365	1.109658	1.855892
39888	-422.565	-561.8303	139.2653	1.480777	1.855892
39894	-426.162	-566.1561	139.9941	2.138133	0.588789
39900	-423.1819	-562.042	138.8601	1.363044	2.203124
39906	-415.4274	-555.6707	140.2433	1.43784	1.148369
39912	-417.5448	-557.7475	140.2027	1.793479	0.8262612
39918	-412.3497	-552.5839	140.2341	1.786488	0.7943261
39924	-409.4981	-549.7524	140.2543	1.856955	0.6445807
39930	-404.1544	-544.3556	140.2012	1.895527	0.6745794
39936	-399.9857	-540.0797	140.094	2.036802	0.593622
39942	-396.3346	-536.1732	139.8387	2.246498	0.3448056
39948	-419.1469	-559.2235	140.0767	2.036641	0.6398986
39954	-424.8296	-564.8157	139.9861	2.121222	0.3729248
39960	-416.4712	-556.4914	140.0202	2.12618	0.503722
39966	-408.6849	-548.7871	140.1022	1.986187	0.690225
39972	-409.0897	-549.2934	140.2037	1.896748	0.6671878
39978	-408.1609	-548.3705	140.2095	1.876951	0.693596
39984	-407.7049	-547.8763	140.1714	1.966143	0.5694085
39990	-406.1082	-545.9968	139.8886	2.257784	0.4951903
39996	-411.7933	-551.6118	139.8184	2.309716	0.6016854
40002	-400.8371	-540.9248	140.0876	2.040518	0.6016854
40008	-394.0485	-533.9219	139.8733	2.240713	0.3833832
40014	-407.1433	-546.865	139.7217	2.392352	0.3833832
40020	-408.5013	-548.6805	140.1791	1.882286	0.7353522
40026	-402.2936	-542.4919	140.1984	1.808375	0.8127277
40032	-400.0102	-540.0352	140.025	1.981721	0.8127277
40038	-406.2096	-546.2896	140.08	1.985986	0.7281687
40044	-406.6077	-546.8464	140.2386	1.666534	0.931956
40050	-403.3311	-543.5811	140.25	1.72971	0.8466743
40056	-416.8528	-556.6741	139.8213	1.784315	1.213863
40062	-420.7099	-560.9287	140.2188	1.794217	0.804495
40068	-413.41	-553.5668	140.1568	1.83573	0.8307977
40074	-413.0698	-553.1804	140.1106	1.784617	0.9425934
40080	-407.7251	-547.7771	140.0519	1.802372	0.9851158
40086	-404.5005	-544.7474	140.2469	1.802372	0.7539331
40092	-406.241	-546.4674	140.2264	1.906967	0.5849793
40098	-407.1364	-547.2055	140.0691	2.075945	0.4749355
40104	-410.2126	-550.2817	140.0691	2.075945	0.4749355
40110	-412.8654	-552.9824	140.1171	1.997716	0.6364599
40116	-409.1531	-549.5596	140.4065	1.722386	0.5994447
40122	-403.0634	-543.1929	140.1295	1.810204	0.8937658
40128	-404.535	-544.7734	140.2384	1.863463	0.6645091
40134	-411.8994	-552.1791	140.2797	1.84928	0.5991429
40140	-406.1121	-546.2193	140.1072	2.021337	0.6004459
40146	-410.0519	-550.1769	140.1251	2.021337	0.4995307
40152	-415.9362	-556.0779	140.1417	1.851713	0.8297171
40158	-414.8522	-554.9753	140.1231	1.496298	1.202122
40164	-414.4254	-554.4049	139.9795	1.639849	1.202122
40170	-413.1579	-553.2676	140.1097	1.809218	0.9169403
40176	-418.3759	-558.3083	139.9324	1.782412	1.118254
40182	-420.946	-560.9198	139.9738	1.791122	1.072114
40188	-421.2408	-561.3025	140.0617	1.611164	1.155687
40194	-415.1663	-555.394	140.2277	1.788824	0.799811
40200	-411.584	-551.5031	139.9191	2.157574	0.7106538
40206	-418.6922	-558.8153	140.1231	1.923172	0.7582395
40212	-416.5201	-556.452	139.9319	2.114438	0.7582395
40218	-408.3171	-548.3445	140.0273	2.114438	0.4533622
40224	-401.3615	-541.6565	140.295	1.8341	0.5988625
40230	-402.996	-542.7957	139.7996	2.33056	0.4152708
40236	-406.7168	-546.306	139.5892	2.454114	0.3059566
40242	-407.0947	-546.9199	139.8251	2.301484	0.4070662
40248	-417.0309	-556.9456	139.9148	2.19742	0.3803784
40254	-412.4901	-552.4484	139.9583	2.185782	0.5347238
40260	-415.4709	-555.4625	139.9916	2.147526	0.4421767
40266	-407.9801	-547.8149	139.8348	2.303181	0.4380615
40272	-413.4851	-553.4225	139.9373	1.899749	1.002474
40278	-411.0826	-551.3304	140.2478	1.685121	0.9014302
40284	-406.6975	-546.8931	140.1956	1.811635	0.8120954
40290	-413.6042	-553.8313	140.227	1.642042	0.9700157
40296	-402.974	-543.1366	140.1626	1.706458	0.9700157
40302	-402.7801	-542.9797	140.1996	1.706458	0.9309848
40308	-405.8871	-546.1907	140.3036	1.556732	0.9789947
40314	-418.8959	-558.4647	139.5688	1.530934	1.607149
40320	-409.047	-549.0633	140.0163	2.12341	0.4444076
40326	-408.6039	-548.5969	139.9929	2.116011	0.375366
40332	-416.1517	-556.1449	139.9933	2.145082	0.5661902
40338	-417.3481	-557.4136	140.0655	2.072835	0.5661902
40344	-418.0419	-558.2329	140.191	1.64745	1.00108
40350	-407.0917	-547.2571	140.1654	1.940911	0.6552678
40356	-399.5711	-539.6231	140.052	2.0921	0.5343779
40362	-406.1358	-546.069	139.9332	2.208445	0.4529459
40368	-397.2854	-537.4264	140.141	1.994212	0.578584
40374	-406.4947	-546.5433	140.0485	2.08666	0.578584
40380	-408.1122	-548.2975	140.1853	1.74985	0.8989019
40386	-413.4578	-553.6184	140.1606	1.872484	0.7771786
40392	-408.1393	-548.4316	140.2923	1.652344	0.8880728
40398	-407.5837	-547.805	140.2213	1.896597	0.6289878
40404	-412.8175	-553.0801	140.2626	1.851143	0.6388437
40410	-414.425	-554.4925	140.0675	2.065724	0.5857216
40416	-415.4494	-555.5614	140.1121	2.031724	0.5369993
40422	-402.3312	-542.5217	140.1906	1.953211	0.5369993
40428	-409.0073	-548.7285	139.7212	2.33899	0.3200934
40434	-403.2057	-542.9655	139.7599	2.300328	0.3200934
40440	-409.426	-549.034	139.608	2.452188	0.3200934
40446	-406.3626	-545.8483	139.4857	2.504633	0.2700489
40452	-406.7396	-546.5349	139.7953	2.294662	0.3503046
40458	-402.66	-542.136	139.476	2.469551	0.246202
40464	-406.8958	-546.5877	139.6919	2.352946	0.3071762
40470	-404.7249	-544.4901	139.7652	2.279642	0.3071762
40476	-409.0717	-548.8185	139.7468	2.279642	0.2933179
40482	-410.263	-550.2792	140.0161	2.123768	0.445227
40488	-411.788	-551.8074	140.0194	2.124688	0.4669683
40494	-410.8734	-550.8928	140.0194	2.124688	0.4669683
40500	-414.9371	-555.1123	140.1752	1.965716	0.554256
40506	-400.0599	-540.2235	140.1636	1.982418	0.4866699
40512	-401.9079	-542.147	140.2392	1.867247	0.6550419
40518	-399.8806	-539.8603	139.9797	2.164632	0.5331085
40524	-406.9912	-546.8465	139.8553	2.277001	0.4207803
40530	-408.1693	-547.9179	139.7486	2.349	0.3596274
40536	-409.6149	-549.6416	140.0267	2.095151	0.3972577
40542	-411.7789	-552.0432	140.2643	1.871313	0.5769909
40548	-404.061	-544.0613	140.0003	2.132729	0.4225993
40554	-412.2592	-552.6092	140.35	1.784069	0.5825062
40560	-410.601	-550.7568	140.1558	1.782754	0.8950106
40566	-413.0924	-553.4432	140.3509	1.587738	0.8950106
40572	-408.7098	-549.0832	140.3733	1.56382	0.8966538
40578	-409.3904	-549.7042	140.3138	1.593656	0.9294914
40584	-418.0662	-558.2948	140.2286	1.826756	0.7447447
40590	-418.3369	-558.4265	140.0896	1.977053	0.727096
40596	-411.4513	-551.7588	140.3075	1.819412	0.6052944
40602	-411.1429	-551.2187	140.0757	2.066526	0.4559452
40608	-419.6215	-559.7365	140.115	2.02796	0.4599066
40614	-407.8142	-547.5836	139.7694	2.325809	0.3565688
40620	-403.494	-543.2216	139.7276	2.333557	0.320943
40626	-403.5867	-543.1845	139.5978	2.450058	0.3095638
40632	-404.4424	-544.5833	140.1409	1.99826	0.5626333
40638	-409.3994	-549.5643	140.1648	1.981217	0.4872605
40644	-410.0967	-550.2251	140.1284	2.009693	0.567138
40650	-405.411	-545.492	140.081	2.063289	0.4685772
40656	-406.8434	-547.0743	140.2309	1.914952	0.4843532
40662	-408.2831	-548.2225	139.9394	2.163141	0.3661213
40668	-418.3578	-557.7978	139.4401	2.575213	0.2856721
40674	-414.1545	-553.7307	139.5762	2.439109	0.2856721
40680	-403.834	-543.3735	139.5395	2.475765	0.2856721
40686	-403.4963	-542.8912	139.3949	2.514322	0.2297104
40692	-399.5109	-538.9057	139.3949	2.514322	0.2297104
40698	-401.3025	-540.6409	139.3384	2.619748	0.2524681
40704	-405.2992	-545.2484	139.9492	2.190508	0.4441924
40710	-407.1322	-546.7215	139.5893	2.415373	0.2787955
40716	-404.8171	-544.2975	139.4803	2.465012	0.2461133
40722	-404.1016	-543.5469	139.4453	2.4577	0.2271095
40728	-421.3834	-560.7808	139.3975	2.4577	0.2086566
40734	-418.0851	-557.7226	139.6375	2.397879	0.2998675
40740	-411.7243	-551.3035	139.5792	2.466191	0.3075841
40746	-407.7141	-547.4789	139.7648	2.324861	0.3499185
40752	-410.3323	-550.3131	139.9808	2.158182	0.4415146
40758	-414.9295	-555.1814	140.2519	1.88958	0.5512056
40764	-411.3256	-550.704	139.3783	2.591234	0.2584388
40770	-414.0813	-553.4558	139.3745	2.591234	0.2563896
40776	-405.5453	-544.961	139.4157	2.538212	0.250309
40782	-408.5533	-547.9689	139.4157	2.538212	0.250309
40788	-411.6968	-551.107	139.4102	2.538212	0.2475943
40794	-407.5642	-547.3865	139.8223	2.278973	0.3644349
40800	-413.1511	-552.7498	139.5987	2.441769	0.3037613
40806	-413.4237	-552.7683	139.3446	2.66772	0.2837091
40812	-401.2052	-540.7032	139.498	2.479241	0.262618
40818	-405.4412	-544.934	139.4928	2.437812	0.2391639
40824	-416.1078	-555.6474	139.5397	2.36525	0.2279137
40830	-407.8544	-547.5486	139.6942	2.338688	0.2980045
40836	-409.7493	-549.0491	139.2999	2.608137	0.2292085
40842	-407.1646	-546.2873	139.1227	2.687891	0.1936697
40848	-411.4581	-550.9002	139.4421	2.540611	0.2656942
40854	-411.442	-550.9997	139.5578	2.410924	0.2579678
40860	-412.1865	-551.7946	139.608	2.443276	0.3124449
40866	-413.8753	-553.721	139.8457	2.295704	0.4518035
40872	-413.6425	-553.6219	139.9795	2.166923	0.5020013
40878	-416.7783	-556.6855	139.9072	2.222881	0.4149598
40884	-408.3873	-548.5064	140.1191	2.0239	0.542304
40890	-411.9139	-551.9604	140.0465	2.034959	0.7024365
40896	-414.6879	-554.8606	140.1726	1.968668	0.5522458
40902	-405.0729	-545.246	140.1731	1.968175	0.5522458
40908	-411.2013	-551.0526	139.8513	2.25312	0.3687812
40914	-407.1532	-546.8036	139.6504	2.413721	0.3236365
40920	-411.2494	-550.6462	139.3968	2.612596	0.2818026
40926	-413.3141	-552.6319	139.3178	2.645553	0.255137
40932	-421.1483	-560.3101	139.1618	2.698709	0.2105726
40938	-417.0574	-555.9908	138.9334	2.800125	0.171531
40944	-419.9869	-559.2268	139.2399	2.615369	0.2087054
40950	-414.8554	-554.2387	139.3833	2.558772	0.244531
40956	-417.0604	-556.3746	139.3142	2.643273	0.2521504
40962	-415.6676	-554.6458	138.9782	2.856628	0.2015923
40968	-417.6504	-557.6111	139.9607	2.135486	0.3578384
40974	-418.3282	-558.368	140.0398	2.104006	0.5367855
40980	-411.1465	-551.1808	140.0343	2.110213	0.5316749
40986	-412.1981	-552.0686	139.8705	2.270557	0.5536335
40992	-411.237	-550.6303	139.3933	2.596234	0.2695919
40998	-420.2065	-560.095	139.8885	2.248754	0.4355199
41004	-410.9121	-550.7514	139.8393	2.294755	0.4256332
41010	-410.8546	-550.5381	139.6835	2.407416	0.3514347
41016	-401.1756	-540.868	139.6924	2.406751	0.3616061
41022	-407.915	-547.7118	139.7968	2.302344	0.3616061
41028	-409.2742	-548.9142	139.64	2.4179	0.318087
41034	-406.5403	-546.0735	139.5332	2.50592	0.3026801
41040	-407.7102	-547.5826	139.8724	2.220559	0.3538341
41046	-408.2398	-548.2636	140.0238	2.117007	0.4490452
41052	-404.8594	-544.8975	140.0381	2.007318	0.7595422
41058	-404.2137	-544.315	140.1013	2.007318	0.6503283
41064	-407.0018	-547.3356	140.3337	1.630542	0.8652849
41070	-409.3869	-549.672	140.2851	1.681161	0.8629721
41076	-405.7931	-546.0594	140.2662	1.712662	0.8477055
41082	-413.9873	-554.069	140.0817	1.897203	0.8477055
41088	-412.3953	-552.467	140.0717	1.841682	0.9230862
41094	-416.2872	-556.7398	140.4526	1.585052	0.7707765
41100	-412.69	-552.6746	139.9846	1.61367	1.220136
41106	-408.0088	-548.3549	140.3461	1.719268	0.7291495
41112	-412.5006	-552.5538	140.0532	2.07629	0.5976222
41118	-419.5605	-559.6777	140.1172	1.879917	0.8250884
41124	-413.0169	-553.1177	140.1007	1.998172	0.6703572
41130	-419.2829	-559.1492	139.8663	1.790039	1.170182
41136	-417.6785	-557.9483	140.2698	1.843809	0.6391614
41142	-415.1069	-555.389	140.2821	1.687778	0.8585625
41148	-410.7031	-550.693	139.9899	1.614822	1.214588
41154	-408.0552	-547.4082	139.3529	1.180561	1.999474
41160	-406.8415	-546.8578	140.0163	1.469012	1.313423
41166	-415.3133	-555.0777	139.7644	1.546946	1.449815
41172	-413.9835	-554.0037	140.0202	1.812241	1.007071
41178	-414.8683	-554.8334	139.9651	1.585924	1.259682
41184	-411.1672	-550.9912	139.824	1.45269	1.476151
41190	-405.319	-545.2551	139.936	1.311109	1.498384
41196	-415.5499	-555.1381	139.5882	1.425993	1.668726
41202	-406.2641	-546.3369	140.0727	1.292733	1.408202
41208	-404.8697	-544.7549	139.8852	1.480282	1.408202
41214	-400.083	-540.0257	139.9426	1.4228	1.408202
41220	-407.1592	-546.3846	139.2254	1.050522	2.16892
41226	-398.3709	-538.0989	139.728	1.344999	1.626465
41232	-411.0045	-550.8661	139.8616	1.211426	1.626465
41238	-414.8894	-554.779	139.8896	1.183431	1.626465
41244	-416.1229	-555.9017	139.7788	1.37406	1.56833
41250	-419.4469	-558.8561	139.4092	1.296197	1.883715
41256	-409.192	-548.6436	139.4516	1.253761	1.883715
41262	-410.9355	-549.884	138.9486	1.12233	2.300999
41268	-416.8794	-555.6268	138.7474	1.370799	2.270696
41274	-408.366	-548.177	139.8109	2.325237	0.4318826
41280	-400.49	-540.3792	139.8892	2.239397	0.4115687
41286	-410.7572	-550.5593	139.8021	2.31729	0.3926087
41292	-399.2739	-539.0511	139.7771	2.31729	0.35564
41298	-405.6012	-545.3495	139.7483	2.393062	0.4514527
41304	-404.5728	-544.836	140.2632	1.787576	0.7516433
41310	-408.917	-549.0342	140.1172	1.880957	0.8237502
41316	-406.9668	-547.2137	140.2469	1.710046	0.8739293
41322	-409.0807	-548.8441	139.7634	1.626423	1.389238
41328	-415.5581	-555.8622	140.304	1.514345	1.020936
41334	-426.9283	-567.1827	140.2544	1.718443	0.855104
41340	-431.361	-571.2979	139.9369	1.57235	1.294003
41346	-422.6283	-562.603	139.9747	1.888103	0.9764345
41352	-431.4413	-571.5621	140.1208	1.58042	1.13048
41358	-425.3661	-565.4061	140.04	2.049622	0.6879736
41364	-427.5921	-567.4736	139.8815	1.913927	1.043205
41370	-419.0565	-559.0821	140.0255	1.769899	1.043205
41376	-421.3788	-561.6226	140.2437	1.639696	0.9550593
41382	-423.9405	-564.1623	140.2218	1.698507	0.9154423
41388	-422.2224	-562.336	140.1137	1.567745	1.14813
41394	-413.8342	-553.9774	140.1432	1.773633	0.9193143
41400	-416.8962	-556.9328	140.0365	1.788557	1.01434
41406	-417.0513	-557.2695	140.2182	1.862943	0.703035
41412	-416.6146	-556.8532	140.2386	1.831206	0.7219639
41418	-413.0285	-553.2377	140.2092	1.609289	1.02079
41424	-414.1743	-554.152	139.9776	1.747006	1.109338
41430	-415.4376	-555.3726	139.935	1.690994	1.19642
41436	-418.8054	-558.7718	139.9664	1.664538	1.192161
41442	-416.6713	-556.091	139.4196	1.437253	1.779483
41448	-422.1705	-561.5218	139.3512	1.391551	1.858171
41454	-418.3472	-558.2893	139.9421	1.598775	1.268086
41460	-426.5737	-566.3035	139.7298	1.62789	1.414225
41466	-424.1114	-564.2436	140.1321	1.509619	1.182864
41472	-420.8546	-560.8027	139.9481	1.917087	0.9740442
41478	-421.6774	-561.7171	140.0397	1.617259	1.169638
41484	-426.4753	-566.5746	140.0993	2.046414	0.4814871
41490	-419.3793	-558.965	139.5857	2.49806	0.3433082
41496	-430.737	-570.2241	139.487	2.616228	0.3671757
41502	-429.7737	-569.6234	139.8497	2.296718	0.496945
41508	-439.0759	-578.9255	139.8497	2.296718	0.496945
41514	-427.6738	-567.3904	139.7167	2.296718	0.2844178
41520	-411.7982	-551.6405	139.8422	2.296718	0.4414375
41526	-420.9608	-560.7567	139.796	2.308787	0.3692222
41532	-421.4746	-561.434	139.9594	2.129145	0.689927
41538	-418.514	-558.4935	139.9795	2.037238	0.7994967
41544	-418.6549	-558.7101	140.0552	1.961558	0.7994967
41550	-420.4538	-560.5143	140.0605	1.68768	1.087714
41556	-415.4377	-555.4458	140.0081	1.925841	0.9003106
41562	-410.7834	-550.9377	140.1543	1.92346	0.708775
41568	-417.7481	-557.9142	140.1662	1.95712	0.6153126
41574	-422.6936	-562.8481	140.1545	1.933492	0.6909362
41580	-422.8961	-563.1988	140.3027	1.727167	0.7816719
41586	-415.9025	-556.1469	140.2444	1.632669	0.9616967
41592	-413.2108	-553.2455	140.0346	1.629071	1.163745
41598	-420.4975	-560.6874	140.1898	1.736326	0.9089656
41604	-424.0757	-564.225	140.1492	1.80459	0.8775302
41610	-420.3378	-560.3255	139.9878	2.154852	0.4578107
41616	-423.1928	-563.0444	139.8516	2.235847	0.3473758
41622	-420.9973	-560.8726	139.8753	2.270841	0.4888076
41628	-422.131	-562.1295	139.9985	2.145314	0.5369785
41634	-419.5084	-559.5774	140.069	2.053493	0.6173483
41640	-419.9569	-560.0195	140.0625	2.050572	0.6403022
41646	-413.4269	-553.5466	140.1197	1.89526	0.80186
41652	-412.0263	-552.1175	140.0912	1.607474	1.132773
41658	-417.9163	-558.0264	140.1101	1.606773	1.1164
41664	-414.7066	-554.7743	140.0678	1.664904	1.101992
41670	-405.3589	-545.668	140.3091	1.694818	0.8163349
41676	-406.6939	-546.8673	140.1734	1.954797	0.6014992
41682	-414.1711	-554.3438	140.1728	1.920784	0.6806374
41688	-413.5812	-553.7108	140.1296	1.922291	0.7499188
41694	-432.6118	-572.7124	140.1006	2.044071	0.5299018
41700	-419.9697	-560.1199	140.1502	1.798142	0.8839296
41706	-421.5721	-561.5434	139.9714	2.131262	0.662868
41712	-419.9377	-560.1821	140.2444	1.82269	0.7264071
41718	-428.3129	-568.3136	140.0007	2.145077	0.4828914
41724	-424.9118	-565.3432	140.4314	1.542281	0.854043
41730	-424.4751	-563.0576	138.5825	3.092098	0.1571249
41736	-423.2207	-561.8968	138.6761	2.998521	0.1571249
41742	-424.652	-563.2348	138.5828	3.025285	0.1428926
41748	-429.5059	-568.1964	138.6905	2.992753	0.1591204
41754	-435.396	-574.719	139.323	2.62751	0.248634
41760	-425.2668	-565.1698	139.903	2.23692	0.4454079
41766	-424.0943	-563.8864	139.7921	2.277202	0.3284845
41772	-422.2692	-561.7901	139.5208	2.463794	0.2667756
41778	-413.8974	-553.267	139.3696	2.577364	0.2469138
41784	-423.3586	-562.7373	139.3787	2.56393	0.2447988
41790	-427.391	-567.0416	139.6506	2.461323	0.3799292
41796	-425.7825	-565.3007	139.5182	2.557529	0.3347713
41802	-418.1086	-558.0695	139.9608	2.150826	0.3795071
41808	-412.5365	-552.192	139.6555	2.412373	0.3270772
41814	-415.7085	-555.4329	139.7244	2.397491	0.3973256
41820	-414.8297	-554.9327	140.103	2.033852	0.5724555
41826	-411.1379	-551.2515	140.1137	2.002963	0.6320791
41832	-411.042	-551.0268	139.9847	2.131907	0.6320791
41838	-408.1663	-548.1513	139.9851	2.15128	0.5742407
41844	-408.5039	-548.7155	140.2116	1.924793	0.5742407
41850	-410.4066	-550.3246	139.918	2.180935	0.361304
41856	-416.1846	-555.7004	139.5158	2.519278	0.2996702
41862	-419.2042	-558.6171	139.413	2.510154	0.2357825
41868	-417.3546	-556.5203	139.1657	2.718999	0.219702
41874	-421.0723	-560.3353	139.2629	2.62171	0.219702
41880	-422.8779	-561.9997	139.1217	2.778669	0.2260299
41886	-418.4905	-557.8535	139.363	2.653545	0.2865263
41892	-424.0322	-563.399	139.3668	2.508553	0.2161238
41898	-412.7168	-552.4272	139.7104	2.350966	0.3211239
41904	-412.9668	-552.9933	140.0265	2.119738	0.5089845
41910	-416.5329	-556.4796	139.9467	2.126895	0.7158
41916	-422.0084	-562.0942	140.0858	1.965575	0.7507202
41922	-410.3451	-550.4052	140.0601	1.806918	0.9721524
41928	-415.4444	-555.5077	140.0633	1.778276	0.9979668
41934	-412.0907	-552.1834	140.0926	2.034766	0.6038493
41940	-411.9893	-552.048	140.0587	2.073061	0.5903914
41946	-406.5584	-546.6038	140.0454	2.097873	0.4612409
41952	-414.5825	-554.8792	140.2967	1.669569	0.8629135
41958	-411.3809	-551.5202	140.1393	1.833331	0.8553159
41964	-414.7857	-554.9426	140.1569	1.815694	0.8553159
41970	-416.7501	-556.9449	140.1948	1.942289	0.5714798
41976	-407.4008	-547.5872	140.1864	1.942289	0.6001312
41982	-410.696	-550.7986	140.1025	2.034149	0.5729084
41988	-421.933	-562.18	140.247	1.810384	0.7416213
41994	-414.6702	-554.7646	140.0944	1.570053	1.163097
42000	-423.2343	-563.4868	140.2525	1.267754	1.285063
42006	-416.163	-556.1564	139.9934	1.3787	1.403073
42012	-414.0074	-553.472	139.4646	1.210833	1.904051
42018	-415.1708	-554.833	139.6622	1.191075	1.78201
42024	-413.7776	-553.7922	140.0146	1.429668	1.346331
42030	-416.1147	-556.4646	140.3498	1.60417	0.8773298
42036	-413.4517	-553.708	140.2562	1.808115	0.7307614
42042	-403.6567	-543.7587	140.102	1.962396	0.7307614
42048	-404.5916	-544.6273	140.0356	1.716234	1.084315
42054	-409.4613	-549.5749	140.1136	1.730219	0.9957328
42060	-400.6166	-540.5483	139.9317	1.655942	1.229082
42066	-401.7006	-541.2394	139.5388	1.440944	1.693246
42072	-408.3709	-548.04	139.6691	1.349795	1.665326
42078	-408.3171	-548.3629	140.0459	1.578735	1.197648
42084	-407.9977	-547.6542	139.6565	1.410608	1.630751
42090	-409.6557	-549.7159	140.0602	1.35728	1.367539
42096	-411.5691	-551.7263	140.1573	1.549588	1.125428
42102	-411.2971	-551.6584	140.3613	1.571294	0.9017941
42108	-412.2307	-552.6178	140.3871	1.718861	0.6559201
42114	-414.4303	-554.6001	140.1698	1.903653	0.7160682
42120	-411.7412	-551.9553	140.2141	1.647523	0.9776488
42126	-406.3182	-546.4448	140.1265	1.693892	1.018932
42132	-409.2909	-549.4902	140.1993	1.621086	1.018932
42138	-410.205	-550.3377	140.1326	2.007031	0.5602852
42144	-421.1021	-561.0802	139.9781	2.168298	0.4956848
42150	-421.6376	-561.3604	139.7228	1.534276	1.490932
42156	-435.932	-575.6354	139.7034	1.726699	1.357567
42162	-432.8459	-572.7935	139.9477	1.774135	1.111903
42168	-425.5033	-565.5653	140.062	1.659761	1.111903
42174	-427.7961	-566.5661	138.77	2.904267	0.1570621
42180	-413.2276	-553.2206	139.993	1.936535	0.905205
42186	-416.3974	-556.277	139.8796	2.260624	0.4463747
42192	-413.3958	-553.4956	140.0998	2.041701	0.5512237
42198	-413.9659	-553.6764	139.7106	1.622295	1.433335
42204	-416.0011	-556.1534	140.1523	1.52647	1.150435
42210	-406.0436	-545.8481	139.8045	1.763219	1.245819
42216	-409.8231	-549.8513	140.0283	1.934278	0.8673216
42222	-407.1909	-547.4919	140.301	1.661545	0.8673216
42228	-408.7782	-549.0016	140.2234	1.684476	0.9290464
42234	-407.3975	-547.2492	139.8517	1.844304	1.135165
42240	-408.8878	-548.9235	140.0357	1.39109	1.360158
42246	-408.4544	-548.7567	140.3023	1.592948	0.9425411
42252	-401.4731	-541.3999	139.9267	1.539173	1.329038
42258	-403.3452	-543.6861	140.3409	1.421177	1.074811
42264	-406.984	-546.9007	139.9166	1.158916	1.624631
42270	-408.6107	-548.24	139.6293	1.440174	1.629046
42276	-403.7072	-543.577	139.8698	1.3608	1.510785
42282	-408.1236	-548.0516	139.928	1.410356	1.429123
42288	-417.2174	-557.0224	139.805	1.533305	1.429123
42294	-414.1507	-554.3795	140.2289	1.657502	0.9519886
42300	-414.5037	-554.664	140.1604	1.638363	1.040044
42306	-418.2569	-558.3835	140.1265	2.018993	0.4795572
42312	-424.9044	-565.0658	140.1614	1.912819	0.7146925
42318	-416.6087	-556.7522	140.1436	1.775696	0.9166063
42324	-423.4083	-563.4744	140.0661	1.739662	1.033233
42330	-416.4575	-556.3516	139.8941	1.437126	1.434571
42336	-415.6361	-555.1623	139.5262	1.450929	1.69504
42342	-423.0861	-563.0283	139.9422	1.533346	1.321337
42348	-406.0577	-546.1619	140.1042	1.986795	0.6854337
42354	-405.5246	-545.6435	140.1188	1.986795	0.6566696
42360	-409.0467	-549.1515	140.1048	1.956056	0.7362857
42366	-413.7618	-553.9445	140.1827	1.956056	0.5642085
42372	-412.8309	-553.2222	140.3913	1.525946	0.9187619
42378	-414.8386	-554.861	140.0224	1.757175	1.058343
42384	-421.5564	-561.7045	140.1481	1.921072	0.7229751
42390	-413.2068	-553.3247	140.1179	1.97602	0.6798905
42396	-409.9273	-549.8935	139.9662	1.779466	1.090084
42402	-413.317	-553.0285	139.7115	1.743332	1.337869
42408	-408.747	-548.9237	140.1768	1.669659	0.9931063
42414	-419.187	-559.2544	140.0675	1.593183	1.166408
42420	-412.3266	-552.3716	140.045	2.073351	0.6280509
42426	-412.7062	-552.7535	140.0472	1.957223	0.8156508
42432	-417.9818	-557.8149	139.8331	2.253704	0.6930743
42438	-416.7009	-556.5529	139.852	1.960779	1.026417
42444	-407.8416	-547.8559	140.0142	1.960779	0.8524263
42450	-410.0441	-549.864	139.82	2.313502	0.4239001
42456	-405.4227	-545.1363	139.7136	2.357313	0.3300118
42462	-410.3823	-549.502	139.1197	2.722373	0.2040664
42468	-408.7483	-546.9793	138.231	3.220104	0.1156576
42474	-403.8944	-541.9923	138.098	3.220104	0.09767345
42480	-409.3804	-547.3419	137.9615	3.295601	0.09060713
42486	-408.2398	-547.0158	138.7761	2.84769	0.146075
42492	-411.0244	-549.5007	138.4763	3.067685	0.1308148
42498	-403.1344	-542.4955	139.3611	2.479874	0.2036807
42504	-406.2572	-545.8724	139.6152	2.479874	0.3563914
42510	-407.9427	-547.1838	139.2411	2.615376	0.2091253
42516	-423.9292	-563.112	139.1828	2.687024	0.2140082
42522	-411.8769	-551.3758	139.499	2.522565	0.289906
42528	-399.5074	-538.6859	139.1786	2.633487	0.1941287
42534	-412.2478	-552.0513	139.8035	2.31262	0.3869036
42540	-414.6558	-554.3919	139.7361	2.379571	0.3860805
42546	-403.554	-543.2073	139.6533	2.434411	0.3477315
42552	-403.7655	-543.6524	139.8869	2.2422	0.4126939
42558	-398.1924	-538.3615	140.1691	1.97604	0.5253936
42564	-404.8292	-544.7952	139.966	2.178348	0.5328281
42570	-407.5996	-547.5762	139.9766	2.165452	0.4548183
42576	-405.6367	-545.8011	140.1644	1.9819	0.506638
42582	-400.6985	-540.9574	140.2588	1.657281	0.9200374
42588	-395.584	-535.9605	140.3765	1.539578	0.9200374
42594	-408.3655	-548.5851	140.2196	1.669584	0.9489656
42600	-415.1871	-554.9463	139.7592	1.362784	1.590945
42606	-407.7422	-547.357	139.6148	1.175772	1.8254
42612	-405.5249	-545.4264	139.9015	1.329494	1.510526
42618	-402.1523	-542.1367	139.9844	1.466685	1.340902
42624	-409.5032	-549.5153	140.012	1.393364	1.377045
42630	-409.7218	-549.4654	139.7436	1.364347	1.601187
42636	-412.6044	-552.6692	140.0647	1.64581	1.122095
42642	-403.0386	-543.1126	140.0739	1.548915	1.199146
42648	-407.352	-546.9757	139.6237	1.079789	1.885008
42654	-409.9333	-549.4798	139.5465	1.480943	1.659227
42660	-408.04	-547.5656	139.5256	1.384256	1.74247
42666	-407.2831	-547.7134	140.4304	1.506566	0.8968833
42672	-400.2329	-540.5423	140.3094	1.681402	0.8330092
42678	-399.41	-539.8479	140.4379	1.332508	1.066961
42684	-408.0075	-548.1564	140.1489	1.921786	0.7205173
42690	-402.543	-542.7337	140.1908	1.921786	0.6416018
42696	-411.7355	-551.9363	140.2008	1.891872	0.6822851
42702	-406.3897	-546.7507	140.361	1.720878	0.7016632
42708	-398.5988	-538.6969	140.0981	1.917792	0.8006974
42714	-405.2144	-545.2084	139.9939	2.125406	0.3925253
42720	-409.7981	-549.4151	139.617	2.488503	0.3703519
42726	-406.3815	-546.1617	139.7801	2.311241	0.3519644
42732	-405.6526	-545.4109	139.7583	2.311241	0.3286861
42738	-408.5956	-548.7693	140.1737	1.971138	0.5280474
42744	-418.0922	-558.2255	140.1334	2.011495	0.5280474
42750	-413.3009	-553.5508	140.25	1.889353	0.4428952
42756	-409.1424	-549.1581	140.0157	2.129663	0.522756
42762	-411.3921	-551.43	140.0379	2.104468	0.4564507
42768	-418.537	-558.3888	139.8518	2.251343	0.366963
42774	-415.7002	-555.5839	139.8837	2.179203	0.3225414
42780	-412.0147	-551.6718	139.657	2.429767	0.3466468
42786	-411.5004	-550.942	139.4416	2.565895	0.2806003
42792	-410.0874	-549.7942	139.7068	2.407042	0.382973
42798	-409.556	-549.6907	140.1347	1.990268	0.6108296
42804	-406.5316	-546.704	140.1724	1.950575	0.6161241
42810	-408.6952	-548.8567	140.1615	1.949239	0.6455639
42816	-412.591	-552.8676	140.2766	1.834209	0.6455639
42822	-412.6183	-552.9176	140.2993	1.770775	0.7216167
42828	-411.8381	-552.1579	140.3197	1.750319	0.7216167
42834	-407.6302	-548.035	140.4048	1.665289	0.7216167
42840	-405.2182	-545.418	140.1998	1.872972	0.7170731
42846	-413.8505	-553.9893	140.1388	1.731588	0.9686658
42852	-418.6911	-558.7888	140.0978	1.772597	0.9686658
42858	-413.9422	-554.0566	140.1144	1.857394	0.8563168
42864	-413.328	-553.3438	140.0158	1.857394	0.9657414
42870	-418.9866	-559.1618	140.1752	1.530576	1.126368
42876	-418.1496	-558.552	140.4023	1.444996	0.9921859
42882	-405.9517	-546.2538	140.3021	1.477976	1.05783
42888	-409.267	-549.4521	140.1852	1.721112	0.9307442
42894	-415.9949	-556.186	140.1911	1.684609	0.9631419
42900	-416.8392	-556.9317	140.0925	1.684609	1.060646
42906	-411.0588	-550.9141	139.8553	1.689101	1.265147
42912	-410.5206	-550.6348	140.1142	1.430234	1.265147
42918	-419.479	-559.402	139.923	1.469899	1.386803
42924	-424.1242	-563.9512	139.827	1.375987	1.53137
42930	-411.8967	-551.1982	139.3014	1.177115	2.03598
42936	-411.6679	-551.0002	139.3323	1.508333	1.790784
42942	-418.7326	-558.2444	139.5117	1.300061	1.810731
42948	-426.002	-564.1588	138.1568	1.413363	2.6154
42954	-428.099	-567.1988	139.0998	1.293608	2.09217
42960	-425.9498	-565.0468	139.097	1.433673	2.001376
42966	-421.606	-561.065	139.4589	1.321478	1.832364
42972	-415.8928	-556.0827	140.1899	1.386915	1.238199
42978	-414.5591	-554.3584	139.7994	1.486754	1.468999
42984	-411.0179	-551.1793	140.1614	1.865174	0.7862731
42990	-407.9599	-547.9877	140.0278	2.118543	0.4951654
42996	-406.055	-546.2747	140.2197	1.890853	0.6460187
43002	-418.009	-558.2732	140.2642	1.653448	0.9183368
43008	-417.875	-557.4865	139.6114	1.416531	1.658839
43014	-412.2014	-552.4125	140.2111	1.459644	1.157587
43020	-416.3033	-556.3883	140.085	1.578065	1.164291
43026	-422.1802	-561.9748	139.7947	1.652269	1.344205
43032	-425.3601	-565.4943	140.1342	1.599904	1.10072
43038	-413.0056	-552.8036	139.7981	1.510069	1.452259
43044	-406.965	-547.0584	140.0934	1.733706	1.012347
43050	-412.2152	-552.2733	140.0582	1.677308	1.099414
43056	-410.0086	-550.0392	140.0306	1.88727	0.9181112
43062	-413.6234	-553.7596	140.1363	1.798113	0.8997885
43068	-409.7544	-549.7507	139.9962	2.008623	0.8151622
43074	-401.9393	-541.9606	140.0213	2.124985	0.5067186
43080	-409.6225	-549.5455	139.9229	2.218997	0.4540997
43086	-417.1374	-556.9714	139.834	2.311066	0.4745407
43092	-420.1157	-559.8642	139.7486	2.343757	0.3530752
43098	-416.4691	-556.2024	139.7333	2.35902	0.3530752
43104	-415.576	-555.6432	140.0672	2.067427	0.5807511
43110	-417.348	-557.3364	139.9884	2.060501	0.7544462
43116	-412.6844	-552.7807	140.0963	2.020825	0.6310069
43122	-411.4721	-551.4561	139.984	2.149972	0.5829342
43128	-419.9311	-560.0195	140.0883	2.004155	0.6826011
43134	-422.8781	-562.9429	140.0648	2.035629	0.6673558
43140	-419.7696	-559.5795	139.81	2.325314	0.5782343
43146	-420.7522	-560.5063	139.7541	2.391265	0.5228349
43152	-425.5281	-565.4479	139.9198	1.801909	1.111984
43158	-420.3785	-560.3104	139.9318	1.844265	1.061607
43164	-419.3371	-559.3821	140.045	2.021578	0.7272792
43170	-416.1914	-556.1384	139.9469	1.993245	0.8932384
43176	-418.2221	-558.2491	140.027	2.088801	0.6340756
43182	-421.3404	-560.9213	139.5809	1.642431	1.516233
43188	-420.8099	-560.6735	139.8636	1.509127	1.402533
43194	-410.7214	-550.803	140.0816	1.719128	1.038072
43200	-403.6377	-543.7725	140.1348	1.36627	1.3007
43206	-401.6209	-541.681	140.0601	1.308899	1.405459
43212	-397.9406	-537.2301	139.2895	1.315479	1.951594
43218	-407.0024	-546.8375	139.8352	1.268784	1.604058
43224	-400.9681	-541.1653	140.1972	1.514601	1.120973
43230	-398.6534	-538.7628	140.1093	1.350394	1.33399
43236	-402.4488	-541.851	139.4023	1.25899	1.913645
43242	-403.3194	-542.8415	139.5221	1.139116	1.913645
43248	-405.4165	-544.9299	139.5134	1.033507	1.990535
43254	-409.5263	-548.8868	139.3604	1.386274	1.855486
43260	-413.8366	-553.7133	139.8767	1.657292	1.273774
43266	-410.3557	-550.3411	139.9854	1.28053	1.484241
43272	-406.0297	-545.5403	139.5106	1.456674	1.702074
43278	-401.2976	-541.1946	139.897	1.466495	1.409754
43284	-402.3948	-541.9353	139.5405	1.281566	1.803659
43290	-411.5514	-551.4694	139.918	1.362333	1.473391
43296	-414.3236	-554.3231	139.9995	2.109381	0.6497492
43302	-417.3737	-557.0984	139.7247	1.823515	1.262032
43308	-417.7481	-557.8589	140.1108	1.660723	1.065935
43314	-413.4976	-553.693	140.1954	1.864158	0.7382744
43320	-411.6356	-551.5569	139.9213	1.782024	1.128622
43326	-411.4138	-551.6472	140.2334	1.645669	0.9596251
43332	-412.4846	-552.6693	140.1846	1.80021	0.8404045
43338	-405.7801	-545.8725	140.0924	1.594013	1.143683
43344	-407.8548	-548.1366	140.2817	1.828206	0.6474209
43350	-409.5268	-549.7145	140.1877	1.720339	0.928848
43356	-403.0623	-543.4045	140.3422	1.557284	0.9380759
43362	-414.4032	-554.6538	140.2506	1.544211	1.043753
43368	-415.56	-555.9411	140.3811	1.744799	0.6081622
43374	-422.8476	-563.0951	140.2475	1.644953	0.9455883
43380	-414.9086	-555.179	140.2704	1.644953	0.9208546
43386	-410.6303	-550.9432	140.3129	1.520395	1.00623
43392	-421.9786	-562.0095	140.0309	1.624369	1.171118
43398	-419.2657	-558.9193	139.6535	1.289068	1.719481
43404	-425.2501	-565.3742	140.1241	1.50249	1.195904
43410	-430.6731	-570.8103	140.1371	1.510262	1.177973
43416	-428.0984	-568.3162	140.2178	1.570913	1.049673
43422	-414.0889	-554.0722	139.9834	1.924114	0.9294608
43428	-417.7054	-557.6411	139.9357	1.459868	1.384726
43434	-417.6319	-557.3877	139.7558	1.639813	1.384726
43440	-417.4693	-557.2191	139.7498	1.530988	1.473042
43446	-428.7049	-568.0907	139.3858	1.502535	1.757587
43452	-419.2476	-559.5174	140.2698	1.548798	1.020706
43458	-417.6574	-557.3103	139.6529	1.597679	1.495842
43464	-414.5732	-554.4758	139.9026	1.422508	1.439298
43470	-408.8389	-549.0454	140.2065	1.676099	0.9559162
43476	-405.3182	-545.3801	140.0619	2.046157	0.6514463
43482	-412.9049	-552.9512	140.0463	2.090992	0.5704779
43488	-405.4409	-545.5471	140.1062	2.021797	0.6020898
43494	-407.1937	-547.1661	139.9724	2.173487	0.4843906
43500	-416.5481	-556.5889	140.0408	2.027627	0.724279
43506	-412.6378	-552.7999	140.1621	1.903837	0.7282869
43512	-404.8538	-544.8898	140.036	2.062952	0.6702993
43518	-404.6157	-544.5594	139.9438	2.186801	0.416279
43524	-409.7431	-549.7808	140.0377	2.067472	0.6576856
43530	-406.3248	-546.4213	140.0965	2.017607	0.6381222
43536	-400.3618	-540.2903	139.9285	2.210961	0.4432716
43542	-400.0153	-539.9946	139.9792	2.167029	0.5077022
43548	-402.0603	-541.9831	139.9228	2.223549	0.4970689
43554	-404.4566	-544.6772	140.2206	1.815815	0.7724676
43560	-408.3493	-548.4744	140.125	1.73317	0.981151
43566	-402.004	-541.73	139.7261	1.469582	1.536805
43572	-406.0725	-546.1678	140.0954	1.457146	1.258469
43578	-408.2048	-548.5836	140.3787	1.386229	1.072107
43584	-417.5931	-557.6847	140.0916	1.661942	1.082796
43590	-409.7867	-550.0282	140.2415	1.512032	1.082796
43596	-405.6529	-545.9243	140.2714	1.4821	1.082796
43602	-409.4328	-549.079	139.6462	1.300284	1.71674
43608	-408.4714	-547.8513	139.3799	1.33231	1.879056
43614	-399.9177	-539.6147	139.6969	1.468424	1.55918
43620	-401.2972	-541.4869	140.1897	1.627603	1.022038
43626	-399.7756	-540.0061	140.2306	1.658143	0.949523
43632	-416.0072	-555.9226	139.9153	1.464124	1.39732
43638	-421.292	-561.5475	140.2555	1.464124	1.113863
43644	-406.4417	-546.7519	140.3102	1.571635	0.9567479
43650	-414.7153	-554.3902	139.6749	1.503953	1.549239
43656	-411.2457	-550.9206	139.6749	1.503953	1.549239
43662	-407.8607	-547.4325	139.5719	1.232491	1.81588
43668	-412.603	-551.7621	139.1591	1.263989	2.07266
43674	-420.9897	-559.9498	138.9601	0.9096807	2.428511
43680	-419.5081	-558.1194	138.6113	0.848428	2.683451
43686	-414.5871	-553.0753	138.4883	1.138206	2.580526
43692	-420.1137	-559.8749	139.7612	1.322871	1.618506
43698	-407.3453	-547.3348	139.9895	1.094548	1.618506
43704	-403.7368	-543.473	139.7362	1.235972	1.698579
43710	-407.6556	-547.5825	139.9269	1.533544	1.333459
43716	-419.8373	-559.9397	140.1023	1.1916	1.463073
43722	-417.9768	-558.0029	140.026	1.293032	1.443907
43728	-417.6132	-557.2458	139.6326	1.443425	1.624265
43734	-415.2855	-555.2113	139.9258	1.150271	1.624265
43740	-413.4016	-551.9033	138.5016	1.15916	2.559224
43746	-399.946	-538.8582	138.9122	1.225833	2.257983
43752	-397.1508	-536.4549	139.3041	1.327987	1.933344
43758	-404.1385	-543.9584	139.8199	1.419017	1.504566
43764	-404.5824	-543.7879	139.2054	1.545887	1.852332
43770	-403.1557	-542.9379	139.7822	1.51142	1.463343
43776	-403.7064	-543.5645	139.8582	1.35442	1.524226
43782	-415.6088	-555.072	139.4632	1.347977	1.811137
43788	-416.1889	-556.2386	140.0498	1.700862	1.085459
43794	-412.7438	-552.8111	140.0672	1.621931	1.141241
43800	-413.399	-552.9169	139.5179	1.495624	1.669162
43806	-412.5403	-552.5701	140.0299	1.313837	1.424997
43812	-427.7073	-566.8349	139.1275	1.367823	2.024829
43818	-432.1685	-570.7226	138.5542	1.143002	2.536598
43824	-429.5045	-569.5204	140.0158	1.859051	0.963975
43830	-429.0817	-569.2933	140.2116	1.717928	0.9052174
43836	-414.7997	-554.9604	140.1607	1.841732	0.8183242
43842	-418.1528	-558.2661	140.1133	1.623868	1.097864
43848	-424.8001	-564.5903	139.7902	1.853049	1.181545
43854	-418.1522	-558.2495	140.0974	1.910866	0.8107492
43860	-419.6079	-559.6851	140.0772	1.796379	0.9653262
43866	-414.3301	-554.3308	140.0006	1.682077	1.146972
43872	-418.5404	-558.7644	140.224	1.527269	1.084895
43878	-409.043	-549.1766	140.1335	1.837062	0.8577627
43884	-414.7877	-555.0269	140.2392	1.837062	0.7113219
43890	-420.3536	-560.4862	140.1326	1.959441	0.6834689
43896	-402.6109	-542.6799	140.069	2.076338	0.5232638
43902	-410.5582	-550.4718	139.9136	2.076338	0.8341321
43908	-402.2022	-542.4358	140.2335	1.79287	0.7864659
43914	-400.3455	-540.6246	140.2791	1.576461	0.98389
43920	-400.022	-540.0971	140.075	1.611483	1.143591
43926	-407.1785	-547.2399	140.0614	1.498245	1.25256
43932	-403.6222	-543.6888	140.0666	1.71883	1.052737
43938	-394.3193	-534.4181	140.0988	1.775155	0.9649577
43944	-403.0345	-543.3145	140.28	1.618412	0.9391554
43950	-397.7811	-537.9432	140.1621	1.943782	0.6561888
43956	-397.9499	-538.1256	140.1757	1.739226	0.9214017
43962	-404.4445	-544.7507	140.3063	1.728397	0.7749676
43968	-413.46	-553.6196	140.1597	1.718757	0.9602934
43974	-410.8539	-550.8506	139.9967	1.950828	0.8848038
43980	-414.8278	-555.0093	140.1816	1.961157	0.5440713
43986	-411.9938	-552.1903	140.1965	1.893947	0.6864
43992	-418.7693	-558.8954	140.1261	1.955479	0.7021995
43998	-420.0156	-559.8106	139.7951	2.050067	0.9943928
44004	-419.8767	-560.0395	140.1627	1.732749	0.9423181
44010	-421.263	-561.4626	140.1996	1.695858	0.9423181
44016	-412.6884	-552.4989	139.8105	1.467407	1.475237
44022	-408.7551	-548.892	140.1369	2.009305	0.50847
44028	-412.27	-552.2825	140.0124	2.127463	0.5591467
44034	-410.5458	-550.5665	140.0207	1.377656	1.382557
44040	-410.3727	-550.0732	139.7005	1.712956	1.370696
44046	-405.182	-545.1551	139.9731	1.608693	1.233992
44052	-410.3057	-550.3989	140.0931	1.685033	1.059672
44058	-408.9155	-548.9501	140.0346	1.705002	1.095615
44064	-410.0826	-550.2349	140.1523	1.783678	0.8979909
44070	-407.7028	-547.9397	140.2369	1.819519	0.7431389
44076	-414.76	-555.1374	140.3774	1.538671	0.9200774
44082	-410.9719	-551.0306	140.0587	1.481213	1.268917
44088	-415	-554.945	139.945	1.59485	1.268917
44094	-405.6278	-545.5383	139.9104	1.607924	1.28659
44100	-409.4708	-549.5844	140.1137	1.709979	1.015763
44106	-411.0664	-551.085	140.0186	1.58571	1.214961
44112	-410.9433	-551.0751	140.1318	1.472544	1.214961
44118	-419.0442	-559.4999	140.4557	1.447989	0.9335839
44124	-415.9746	-555.2365	139.2619	1.481757	1.857566
44130	-416.4829	-556.6338	140.151	1.753024	0.9332288
44136	-413.4779	-553.5927	140.1148	2.001247	0.6336067
44142	-415.8778	-556.0517	140.1739	1.905955	0.7052041
44148	-411.2357	-551.3745	140.1388	2.004921	0.5370995
44154	-403.8809	-544.0567	140.1758	1.963107	0.5635336
44160	-410.6594	-550.704	140.0447	2.066572	0.6445526
44166	-415.07	-555.1865	140.1165	2.010991	0.6036204
44172	-422.1981	-562.3771	140.179	1.720951	0.9376071
44178	-411.2121	-551.5068	140.2947	1.688898	0.8419605
44184	-415.1898	-555.3297	140.1399	1.610083	1.086046
44190	-417.4426	-557.4445	140.0019	1.66711	1.159082
44196	-412.3188	-552.5356	140.2168	1.452185	1.159082
44202	-417.9467	-558.1142	140.1675	1.530792	1.133082
44208	-419.0059	-559.1907	140.1848	1.693429	0.9605151
44214	-419.3684	-559.5087	140.1402	1.789164	0.905357
44220	-412.5129	-552.7728	140.2598	1.730178	0.8340112
44226	-420.6561	-560.7546	140.0985	1.708855	1.031686
44232	-419.7014	-559.5945	139.8931	1.558026	1.340862
44238	-424.9412	-565.1485	140.2073	1.588231	1.04306
44244	-420.9386	-560.8721	139.9335	1.862127	1.04306
44250	-415.7817	-555.9542	140.1725	1.85989	0.7782032
44256	-416.1061	-556.0612	139.9551	2.186286	0.5518461
44262	-412.4921	-552.4606	139.9685	2.083516	0.7497814
44268	-419.6522	-559.614	139.9618	2.090179	0.7497814
44274	-409.9537	-549.9996	140.0459	2.090179	0.5753329
44280	-414.264	-554.1319	139.8679	2.271165	0.5628958
44286	-414.6132	-554.6879	140.0747	2.061025	0.5766689
44292	-415.2436	-555.3303	140.0867	1.97217	0.7392871
44298	-420.0216	-560.0414	140.0197	2.037141	0.7423923
44304	-414.477	-554.7267	140.2497	1.663618	0.9231161
44310	-411.3107	-551.4021	140.0915	1.888738	0.8461183
44316	-414.36	-554.1182	139.7582	1.816427	1.240037
44322	-414.7344	-555.0437	140.3093	1.666189	0.8518439
44328	-419.697	-559.5838	139.8868	1.676977	1.249117
44334	-414.5945	-554.6624	140.0679	1.705894	1.0638
44340	-415.9627	-556.2152	140.2525	1.705894	0.8722437
44346	-412.5457	-552.6211	140.0754	1.926807	0.8185929
44352	-410.171	-550.0951	139.9241	1.710713	1.188867
44358	-413.4148	-553.4119	139.9972	1.55567	1.258185
44364	-414.6417	-554.8859	140.2442	1.66629	0.9261568
44370	-415.7215	-555.8134	140.0919	1.894569	0.8383877
44376	-416.4096	-556.6391	140.2294	1.744658	0.8535477
44382	-419.6128	-559.6245	140.0117	1.70903	1.112895
44388	-417.0697	-556.8243	139.7546	1.487657	1.502074
44394	-419.7598	-559.926	140.1662	1.556973	1.110696
44400	-412.5398	-551.9506	139.4108	1.463412	1.767436
44406	-427.1805	-566.5421	139.3616	1.17307	1.998684
44412	-410.4954	-549.6644	139.169	1.129996	2.153888
44418	-410.316	-549.4734	139.1574	1.073503	2.198123
44424	-409.681	-549.834	140.153	1.891962	0.7601968
44430	-415.3862	-555.5791	140.1929	1.785737	0.848051
44436	-411.373	-551.3324	139.9594	2.079557	0.7688742
44442	-423.547	-563.4138	139.8668	2.278829	0.4805664
44448	-421.0972	-560.8787	139.7816	2.342455	0.4015841
44454	-416.7924	-556.6749	139.8825	2.255997	0.439668
44460	-416.8773	-556.5809	139.7036	2.429977	0.4241506
44466	-414.3202	-554.5374	140.2172	1.628468	0.9938487
44472	-408.0898	-547.9688	139.8789	1.991004	0.9691174
44478	-408.8548	-548.9573	140.1025	2.025016	0.6035093
44484	-416.8749	-556.865	139.9901	2.102041	0.6832768
44490	-407.2391	-547.485	140.246	1.867086	0.6404951
44496	-406.2491	-546.3114	140.0623	2.050736	0.6404951
44502	-406.4266	-546.499	140.0725	2.072381	0.5284307
44508	-413.4368	-553.6439	140.2071	1.759324	0.8627326
44514	-413.9011	-554.0667	140.1656	1.661236	1.012643
44520	-404.4615	-544.5657	140.1042	1.934807	0.7688698
44526	-406.1656	-546.2543	140.0888	1.759364	0.9913558
44532	-405.8733	-545.7229	139.8496	1.673358	1.28282
44538	-410.3698	-550.6749	140.3051	1.735563	0.7663911
44544	-415.7875	-555.536	139.7485	1.307351	1.638822
44550	-406.5424	-546.5409	139.9985	1.43826	1.352316
44556	-406.5053	-546.8488	140.3435	1.479752	1.016198
44562	-406.7161	-546.8769	140.1608	1.680546	0.9981987
44568	-404.7348	-544.8448	140.11	1.95343	0.7322058
44574	-405.1979	-545.2529	140.055	2.082484	0.5698654
44580	-408.2897	-548.2136	139.9239	2.199447	0.4002416
44586	-399.8722	-539.7924	139.9202	2.199447	0.3931701
44592	-404.8934	-544.9619	140.0685	2.066531	0.428453
44598	-404.4397	-544.5645	140.1249	2.020203	0.5262528
44604	-401.5326	-541.5789	140.0463	2.098719	0.5262528
44610	-403.9089	-543.9788	140.0699	1.967486	0.7710542
44616	-401.9997	-541.9248	139.9251	2.20597	0.4174668
44622	-408.4399	-548.2842	139.8443	2.126868	0.8571019
44628	-397.0703	-537.1104	140.0401	1.655915	1.135117
44634	-406.3445	-546.5592	140.2147	1.675849	0.9475297
44640	-413.1273	-552.7949	139.6676	1.467667	1.581236
44646	-412.9682	-552.8785	139.9102	1.59453	1.297676
44652	-422.513	-562.6165	140.1035	1.584621	1.142163
44658	-411.391	-551.6081	140.217	1.742217	0.8712027
44664	-416.5658	-556.6262	140.0604	1.742217	1.036325
44670	-411.8211	-551.5112	139.6901	1.836938	1.279459
44676	-409.7269	-549.4175	139.6906	1.406114	1.609338
44682	-412.2086	-551.2911	139.0825	1.134428	2.207135
44688	-415.3626	-555.3297	139.967	1.221616	1.541986
44694	-408.8308	-548.8748	140.044	1.546217	1.226948
44700	-412.584	-552.8137	140.2297	1.610313	0.9995534
44706	-427.3218	-567.2396	139.9178	1.876744	1.044012
44712	-415.8649	-555.8194	139.9545	1.516605	1.32485
44718	-413.4722	-553.326	139.8538	1.617355	1.32485
44724	-421.0404	-561.2171	140.1767	1.735467	0.9243229
44730	-423.5871	-563.6621	140.0751	1.746621	1.017698
44736	-418.8439	-558.9689	140.125	2.010968	0.575721
44742	-418.644	-558.413	139.769	2.371829	0.4491317
44748	-421.9825	-561.8115	139.829	2.288349	0.3890193
44754	-414.9035	-554.7636	139.8601	2.243458	0.367605
44760	-413.7438	-553.4132	139.6694	2.385986	0.3158625
44766	-419.9104	-559.8028	139.8924	2.239618	0.4199351
44772	-423.8953	-563.8015	139.9062	2.18626	0.6826631
44778	-413.4833	-553.3431	139.8598	2.286145	0.5150657
44784	-414.9992	-554.6678	139.6686	2.420728	0.3495708
44790	-410.8264	-550.4409	139.6145	2.474832	0.3495708
44796	-413.7026	-553.5168	139.8142	2.309625	0.4012011
44802	-411.6836	-551.1965	139.513	2.513738	0.2935268
44808	-413.1635	-552.8529	139.6894	2.399918	0.3495371
44814	-412.2607	-552.3965	140.1358	1.977125	0.6408033
44820	-409.1257	-549.3328	140.2071	1.905796	0.6408033
44826	-420.0207	-560.0516	140.0309	2.065981	0.674307
44832	-413.7107	-553.8392	140.1285	2.014228	0.5441869
44838	-414.8241	-554.9108	140.0867	2.058535	0.5240884
44844	-417.9033	-557.9525	140.0492	2.068039	0.6305598
44850	-421.995	-561.971	139.976	2.071646	0.7562284
44856	-410.6254	-550.6117	139.9862	2.093956	0.7046171
44862	-412.5136	-552.6843	140.1708	1.737448	0.9286704
44868	-420.9453	-561.0508	140.1055	2.029119	0.5807273
44874	-422.4854	-562.3561	139.8707	2.218689	0.6882925
44880	-416.8731	-557.0007	140.1276	1.990486	0.6284977
44886	-414.6805	-554.6631	139.9825	2.122347	0.6581935
44892	-411.84	-551.8234	139.9834	2.075218	0.7397371
44898	-413.1714	-553.2677	140.0963	1.818238	0.9217568
44904	-415.4365	-555.5956	140.1591	1.961988	0.6210786
44910	-415.4084	-555.4716	140.0632	2.080024	0.5408858
44916	-421.5633	-561.5644	140.0011	2.143875	0.4735302
44922	-418.745	-559.0234	140.2785	1.820679	0.6698676
44928	-419.6018	-559.7922	140.1904	1.568332	1.077923
44934	-408.5058	-547.649	139.1432	1.199574	2.125352
44940	-405.3807	-545.0243	139.6436	1.200176	1.788589
44946	-406.0942	-546.1514	140.0572	1.388056	1.345519
44952	-405.1459	-544.6447	139.4988	1.335583	1.795112
44958	-407.0354	-546.9162	139.8808	1.19459	1.624745
44964	-404.2956	-544.3424	140.0467	1.469763	1.288109
44970	-402.1637	-541.6161	139.4524	1.37508	1.799914
44976	-405.4229	-544.9189	139.496	1.33141	1.799914
44982	-407.5095	-546.7828	139.2734	1.299118	1.973417
44988	-406.0801	-546.3205	140.2403	1.195923	1.352694
44994	-408.0402	-547.654	139.6137	1.246046	1.77749
45000	-419.6813	-559.9098	140.2285	1.915207	0.5373085
45006	-419.87	-560.1929	140.3229	1.716473	0.7682356
45012	-414.0528	-554.125	140.0722	1.756633	1.010667
45018	-403.0804	-543.4002	140.3198	1.622989	0.890291
45024	-406.6745	-546.8868	140.2122	1.584152	1.042275
45030	-405.3074	-545.4682	140.1608	1.635581	1.042275
45036	-411.7493	-551.8378	140.0885	1.95132	0.7676713
45042	-413.2497	-553.5447	140.2949	1.744871	0.7676713
45048	-418.9582	-559.2988	140.3406	1.412898	1.082775
45054	-408.8636	-548.9689	140.1053	1.62579	1.103459
45060	-422.0932	-562.0405	139.9472	1.627995	1.239538
45066	-405.101	-545.1103	140.0092	1.421504	1.35707
45072	-402.7137	-542.6299	139.9163	1.37755	1.463174
45078	-401.4553	-541.5914	140.1361	1.445371	1.234316
45084	-403.4589	-543.5509	140.0919	1.510472	1.216596
45090	-406.3976	-546.5095	140.1118	1.490592	1.216596
45096	-404.1522	-544.2215	140.0692	1.521952	1.22612
45102	-409.9262	-549.8112	139.885	1.260906	1.57347
45108	-411.9569	-551.8151	139.8582	1.302735	1.562445
45114	-408.273	-547.1108	138.8377	1.257515	2.285414
45120	-406.1078	-546.6491	140.5414	1.3466	0.9503033
45126	-409.0508	-549.4226	140.3717	1.646746	0.7972294
45132	-409.2734	-549.6088	140.3354	1.704689	0.7672321
45138	-397.5421	-537.8555	140.3133	1.493495	1.032205
45144	-404.8192	-545.1695	140.3502	1.564422	0.921658
45150	-402.529	-542.7562	140.2273	1.678403	0.9314223
45156	-404.7453	-544.8113	140.066	1.698221	1.072768
45162	-395.5455	-535.8379	140.2924	1.644137	0.8973341
45168	-404.7094	-544.8763	140.167	1.69245	0.9799249
45174	-407.7906	-547.6898	139.8992	2.052193	0.8803401
45180	-402.0952	-542.3545	140.2592	1.709088	0.860463
45186	-415.5044	-555.5414	140.037	1.931337	0.860463
45192	-401.6546	-541.8604	140.2059	1.854076	0.7376902
45198	-405.8229	-545.9025	140.0796	2.04336	0.6162496
45204	-403.8357	-543.8152	139.9795	2.154956	0.4267118
45210	-413.6753	-553.6925	140.0172	2.128883	0.4875577
45216	-414.4892	-554.3722	139.883	2.244214	0.6044526
45222	-412.6877	-552.689	140.0013	2.108511	0.6477241
45228	-405.5155	-545.6504	140.135	2.005516	0.5564067
45234	-404.7653	-545.1148	140.3494	1.678154	0.7848262
45240	-409.9559	-550.1513	140.1954	1.867376	0.7331743
45246	-407.6287	-547.7429	140.1142	1.472317	1.230054
45252	-405.097	-544.3801	139.2831	1.611329	1.753315
45258	-400.399	-540.6132	140.2142	1.570669	1.053315
45264	-399.9904	-539.9434	139.953	1.831871	1.053315
45270	-410.1169	-550.3388	140.2218	1.865595	0.6919412
45276	-413.2835	-553.306	140.0225	2.122892	0.4780189
45282	-400.0166	-540.0419	140.0253	2.119656	0.5272925
45288	-412.5144	-552.5573	140.0429	2.097494	0.5568773
45294	-416.8522	-557.0505	140.1984	1.947559	0.4846575
45300	-403.4575	-543.1689	139.7114	2.397766	0.3757028
45306	-408.444	-547.7357	139.2917	2.562613	0.208365
45312	-399.2855	-538.7362	139.4507	2.531543	0.2654384
45318	-402.5889	-542.041	139.4521	2.485975	0.2426519
45324	-403.7359	-543.4128	139.6769	2.363397	0.3035982
45330	-400.9264	-540.6091	139.6827	2.357617	0.3035982
45336	-406.0474	-545.7508	139.7034	2.337244	0.303868
45342	-399.3687	-539.2328	139.8642	2.244435	0.3748217
45348	-405.1138	-545.1518	140.0379	2.070673	0.3748217
45354	-406.3966	-546.181	139.7844	2.324214	0.3748217
45360	-405.6344	-544.6982	139.0638	2.764301	0.1993431
45366	-410.3412	-549.3827	139.0415	2.758012	0.1902083
45372	-410.2269	-549.1508	138.9239	2.725079	0.1514118
45378	-406.1217	-545.3247	139.203	2.610339	0.1945453
45384	-408.3854	-547.497	139.1116	2.701775	0.1945453
45390	-413.457	-553.2338	139.7769	2.264948	0.3047772
45396	-408.1443	-547.902	139.7578	2.340083	0.3599301
45402	-409.8549	-549.6171	139.7622	2.360852	0.399525
45408	-411.1648	-551.0904	139.9256	2.178762	0.3687488
45414	-409.4806	-549.2975	139.8168	2.261844	0.3378401
45420	-406.7225	-546.5612	139.8387	2.252848	0.3521113
45426	-417.3964	-557.2054	139.809	2.223138	0.2974641
45432	-404.8774	-544.7699	139.8925	2.229834	0.3982638
45438	-407.4042	-547.1478	139.7437	2.308482	0.3131383
45444	-412.7516	-552.0845	139.3329	2.544522	0.2168903
45450	-416.7848	-555.9166	139.1318	2.702678	0.2014677
45456	-416.0606	-555.3469	139.2863	2.631623	0.2334736
45462	-412.3496	-551.34	138.9905	2.682663	0.1568
45468	-414.5814	-553.5475	138.9661	2.787426	0.1768891
45474	-422.4025	-561.3172	138.9147	2.838796	0.1768891
45480	-418.0258	-556.9583	138.9325	2.839794	0.1821328
45486	-406.1652	-545.0969	138.9317	2.800793	0.1712626
45492	-408.9608	-548.0618	139.101	2.800793	0.2265907
45498	-404.1595	-543.3599	139.2004	2.679363	0.2178005
45504	-402.3791	-541.5818	139.2027	2.677067	0.2178005
45510	-404.4466	-543.296	138.8495	2.867389	0.167274
45516	-407.504	-546.4809	138.9769	2.779239	0.1776125
45522	-408.8112	-547.7055	138.8943	2.775549	0.1560429
45528	-423.6697	-562.5729	138.9033	2.812798	0.1670751
45534	-418.3606	-557.4931	139.1325	2.814542	0.2469152
45540	-410.5641	-549.67	139.1059	2.687068	0.1882336
45546	-407.3285	-546.0726	138.7441	2.923421	0.1555133
45552	-403.7024	-542.2251	138.5226	2.923421	0.1148986
45558	-395.4698	-534.2848	138.815	2.75426	0.1354101
45564	-403.2734	-541.7331	138.4597	3.088137	0.1315133
45570	-397.721	-536.1771	138.4561	2.987609	0.1145537
45576	-405.6879	-543.8683	138.1805	3.106039	0.09393183
45582	-402.6494	-541.0466	138.3972	3.090145	0.1212849
45588	-401.1861	-540.1747	138.9886	2.765976	0.1771753
45594	-405.3643	-544.5978	139.2335	2.635665	0.2137794
45600	-399.3757	-538.6108	139.235	2.635665	0.2143521
45606	-412.4228	-552.0014	139.5785	2.414125	0.2714404
45612	-418.5453	-558.1882	139.643	2.412614	0.3160398
45618	-412.5192	-552.3229	139.8037	2.326119	0.4144325
45624	-415.1349	-555.1422	140.0073	2.138922	0.4896922
45630	-407.1926	-547.1619	139.9693	2.176839	0.4896922
45636	-407.5295	-547.5972	140.0677	2.06688	0.5807081
45642	-409.8423	-549.9985	140.1562	1.954137	0.6464371
45648	-410.8879	-550.8402	139.9524	1.550175	1.299488
45654	-421.5512	-561.0988	139.5476	1.24122	1.82657
45660	-416.641	-556.5123	139.8713	1.251228	1.590532
45666	-416.6704	-556.6318	139.9614	1.372558	1.432467
45672	-407.0402	-547.1919	140.1518	1.847416	0.8224558
45678	-404.2253	-544.4818	140.2566	1.849219	0.6563364
45684	-420.2161	-560.378	140.1619	1.822549	0.8409532
45690	-414.1	-554.1659	140.066	1.918463	0.8409532
45696	-414.1805	-554.4365	140.256	1.762216	0.7975408
45702	-413.5873	-553.5798	139.9925	1.669713	1.165026
45708	-414.9963	-555.2686	140.2723	1.424651	1.134301
45714	-408.4498	-548.634	140.1841	1.819669	0.8165098
45720	-406.8569	-546.7518	139.8948	1.519154	1.370294
45726	-403.7032	-543.5833	139.88	1.72594	1.213553
45732	-405.0868	-545.2226	140.1358	1.900287	0.7728995
45738	-401.5143	-541.8467	140.3324	1.753693	0.694221
45744	-401.2807	-541.5724	140.2917	1.848117	0.5596522
45750	-418.0946	-558.3929	140.2983	1.803686	0.6641408
45756	-404.7971	-544.9183	140.1211	2.022882	0.5352498
45762	-413.4242	-553.3728	139.9486	2.196411	0.5270156
45768	-412.3367	-551.8981	139.5614	2.545506	0.3723443
45774	-415.596	-554.8871	139.2911	2.736457	0.2941432
45780	-425.5219	-565.2883	139.7664	2.371102	0.4361434
45786	-419.1794	-558.9355	139.7561	2.356363	0.3807389
45792	-418.9212	-558.4757	139.5545	2.497495	0.313012
45798	-412.8002	-552.5755	139.7754	2.358021	0.423613
45804	-414.1852	-554.234	140.0488	2.092706	0.4520122
45810	-410.4385	-550.4463	140.0078	2.136815	0.4709115
45816	-417.5024	-557.4384	139.936	2.210384	0.5026299
45822	-410.6634	-550.7718	140.1085	2.037915	0.5026299
45828	-408.3459	-548.4499	140.1039	2.040225	0.4673937
45834	-408.5107	-548.4373	139.9265	2.217649	0.4673937
45840	-408.6537	-548.4921	139.8384	2.274723	0.3818661
45846	-408.8133	-548.4592	139.6459	2.439112	0.3446922
45852	-408.0276	-547.7897	139.7621	2.361118	0.3998528
45858	-404.3807	-544.0353	139.6547	2.410129	0.3242408
45864	-405.4608	-545.325	139.8642	2.23551	0.3624064
45870	-413.5685	-553.4971	139.9286	2.192187	0.6217657
45876	-415.8461	-556.0673	140.2212	1.797963	0.7962803
45882	-410.2977	-550.3692	140.0715	2.023297	0.6782402
45888	-414.3952	-554.6881	140.2928	1.627883	0.9149822
45894	-406.7812	-546.9746	140.1934	1.808217	0.8193506
45900	-406.773	-547.0811	140.308	1.744286	0.7492944
45906	-410.7894	-550.9493	140.1599	1.983971	0.5365211
45912	-418.3045	-558.3394	140.0349	2.021345	0.7434044
45918	-407.5499	-547.6445	140.0946	1.961967	0.742806
45924	-416.8149	-556.9902	140.1753	1.970813	0.5127773
45930	-408.5379	-548.4976	139.9597	2.186345	0.5127773
45936	-409.7931	-548.9827	139.1896	2.62832	0.196014
45942	-414.083	-552.8442	138.7612	2.832292	0.1400199
45948	-410.6355	-549.6679	139.0324	2.674494	0.1647928
45954	-406.7788	-546.0859	139.3071	2.656642	0.2553717
45960	-408.7342	-547.8415	139.1072	2.809328	0.2328762
45966	-408.0806	-547.0614	138.9808	2.809328	0.1873579
45972	-414.5696	-553.3555	138.7859	2.842621	0.1470659
45978	-414.4391	-553.5087	139.0696	2.810932	0.218097
45984	-417.4868	-556.1382	138.6515	2.896805	0.1315837
45990	-417.4697	-557.5372	140.0675	2.042236	0.6479173
45996	-416.331	-556.4577	140.1267	1.892333	0.7965101
46002	-412.6102	-552.7067	140.0965	2.045283	0.5493661
46008	-416.878	-557.0684	140.1904	1.89715	0.691737
46014	-419.7203	-559.9068	140.1865	1.851046	0.77095
46020	-414.059	-554.3387	140.2797	1.812678	0.6828331
46026	-406.0619	-546.4569	140.395	1.542747	0.8959347
46032	-405.6967	-545.7896	140.0929	1.735007	1.011537
46038	-414.5748	-554.3402	139.7654	1.735007	1.301219
46044	-408.12	-548.1749	140.0549	1.445508	1.301219
46050	-415.6508	-554.9916	139.3409	1.150152	2.027724
46056	-417.0128	-556.1298	139.117	1.147743	2.176182
46062	-417.0232	-557.0513	140.0281	1.412242	1.349443
46068	-417.8866	-557.0681	139.1814	1.482106	1.912094
46074	-407.5719	-547.3835	139.8116	1.416125	1.512961
46080	-416.7725	-556.9989	140.2263	1.904696	0.5927998
46086	-412.5088	-552.332	139.8232	2.30888	0.4200229
46092	-406.8592	-546.9202	140.0609	2.083632	0.5307728
46098	-405.4903	-545.4979	140.0075	1.932613	0.8932877
46104	-411.483	-551.555	140.072	1.77296	0.9945489
46110	-421.0311	-561.2496	140.2185	1.813567	0.7786271
46116	-407.2308	-547.4629	140.2321	1.799995	0.7786271
46122	-411.9315	-552.0005	140.069	1.667416	1.09861
46128	-411.3337	-551.3783	140.0445	1.772587	1.022163
46134	-424.0428	-564.4109	140.3681	1.734949	0.6619423
46140	-418.9019	-559.118	140.216	1.807456	0.7904731
46146	-411.4538	-551.6491	140.1952	1.87991	0.7132151
46152	-413.9449	-554.0579	140.1131	2.016697	0.5968495
46158	-410.0465	-550.2215	140.175	1.936655	0.6435797
46164	-401.1783	-541.119	139.9407	2.18032	0.3957456
46170	-400.7865	-540.8573	140.0708	2.0715	0.4561283
46176	-408.9422	-549.0334	140.0912	2.053651	0.5283342
46182	-413.7377	-553.6666	139.9289	2.203766	0.4215666
46188	-414.6289	-554.5639	139.935	2.203766	0.4406166
46194	-409.3565	-549.0526	139.6961	2.389415	0.3451904
46200	-412.9994	-552.8136	139.8142	2.273113	0.3472252
46206	-417.916	-557.5606	139.6445	2.370557	0.2855472
46212	-416.2072	-555.7671	139.5599	1.33959	1.749794
46218	-415.1949	-554.9011	139.7062	1.223021	1.728881
46224	-414.872	-555.1309	140.259	1.830028	0.6890418
46230	-420.5499	-560.8116	140.2617	1.663147	0.9103769
46236	-415.4443	-555.5897	140.1455	1.779411	0.9103769
46242	-419.3075	-559.2963	139.9888	1.404263	1.386693
46248	-428.843	-569.2143	140.3713	1.413311	1.05354
46254	-423.2461	-563.2498	140.0037	1.609559	1.207356
46260	-415.8988	-555.7045	139.8057	1.412079	1.520327
46266	-417.9083	-557.9328	140.0246	1.570573	1.222745
46272	-415.2967	-554.7902	139.4935	1.443789	1.723235
46278	-413.9266	-553.7672	139.8405	1.354997	1.536875
46284	-413.6935	-552.2445	138.551	1.209374	2.497181
46290	-416.0419	-555.8483	139.8064	1.296158	1.605047
46296	-415.7103	-555.4537	139.7434	1.483152	1.513814
46302	-415.9129	-555.877	139.9641	1.408327	1.402826
46308	-413.1317	-552.8162	139.6845	1.692867	1.398943
46314	-407.0402	-546.7818	139.7417	1.731203	1.32345
46320	-407.8192	-547.9969	140.1777	1.779495	0.8736005
46326	-410.4049	-550.4905	140.0856	1.900573	0.838828
46332	-411.2701	-551.4958	140.2257	1.728345	0.8772407
46338	-409.8245	-549.9697	140.1452	1.926735	0.7185614
46344	-416.8779	-556.8665	139.9886	2.12191	0.6461858
46350	-423.1104	-563.1648	140.0544	2.08832	0.5441162
46356	-421.6923	-561.7218	140.0295	2.116029	0.4792696
46362	-418.7843	-558.6599	139.8756	2.246804	0.3983293
46368	-416.1936	-556.2835	140.0899	2.05352	0.539622
46374	-411.1715	-551.1972	140.0257	2.119145	0.5285293
46380	-414.1389	-554.1658	140.0268	2.119145	0.4857284
46386	-410.0589	-550.0158	139.9569	2.024346	0.8448072
46392	-418.7315	-558.6357	139.9042	2.235219	0.4433051
46398	-417.1272	-556.9481	139.8209	2.313391	0.4262509
46404	-425.3196	-565.4922	140.1727	1.953164	0.6083421
46410	-415.6045	-555.8555	140.2509	1.78057	0.7794024
46416	-418.406	-558.7232	140.3171	1.673082	0.8337638
46422	-427.5063	-567.7146	140.2083	1.781878	0.8337638
46428	-437.771	-578.0203	140.2493	1.365611	1.205945
46434	-421.8811	-561.9397	140.0585	1.538626	1.221056
46440	-417.8229	-558.0009	140.178	1.748627	0.9084778
46446	-416.3215	-556.3816	140.0601	1.737245	1.041373
46452	-411.6178	-551.5976	139.9799	1.759263	1.096064
46458	-406.4194	-546.0849	139.6655	1.545458	1.525437
46464	-406.7158	-546.8078	140.092	1.624246	1.116952
46470	-405.916	-546.224	140.308	1.599588	0.9292935
46476	-414.7153	-554.9654	140.25	1.657597	0.9292935
46482	-410.6359	-550.635	139.9991	1.844362	0.9960319
46488	-403.3351	-543.4627	140.1276	1.971689	0.6695175
46494	-413.212	-553.3055	140.0935	1.97491	0.7242942
46500	-414.778	-554.8128	140.0348	1.535036	1.244013
46506	-418.6313	-558.6095	139.9782	1.591662	1.244013
46512	-420.1218	-560.3113	140.1894	1.518694	1.124262
46518	-414.6208	-555.0023	140.3815	1.706304	0.6911341
46524	-410.7984	-551.0016	140.2032	1.829095	0.7783033
46530	-415.7362	-556.0993	140.3631	1.66526	0.7837507
46536	-413.8251	-553.9722	140.1472	1.756728	0.9333055
46542	-410.2461	-550.5894	140.3433	1.560633	0.9333055
46548	-410.9871	-551.0951	140.108	1.513752	1.200054
46554	-405.2671	-545.3983	140.1311	1.834456	0.863713
46560	-410.9886	-551.1793	140.1906	1.718302	0.9278683
46566	-410.9263	-551.0769	140.1506	1.785184	0.8982187
46572	-407.1815	-547.3766	140.1951	1.778129	0.854629
46578	-406.2277	-546.319	140.0912	1.699688	1.047522
46584	-416.0802	-556.3882	140.3079	1.665027	0.854904
46590	-406.506	-546.6348	140.1288	1.591268	1.113474
46596	-411.9679	-552.0899	140.122	1.57277	1.136216
46602	-419.541	-559.4043	139.8633	1.84088	1.127862
46608	-421.133	-560.5063	139.3732	1.620253	1.683447
46614	-416.3645	-556.3338	139.9693	1.620253	1.227498
46620	-423.52	-563.3388	139.8188	1.484502	1.45592
46626	-419.4605	-559.4302	139.9697	2.130001	0.6688164
46632	-426.414	-566.4118	139.9978	2.020384	0.7976371
46638	-413.0137	-552.4525	139.4388	1.855034	1.463169
46644	-413.8131	-553.6748	139.8617	1.850072	1.120992
46650	-416.6636	-556.5919	139.9283	2.013234	0.8916859
46656	-415.5858	-555.7127	140.1268	2.013234	0.5583166
46662	-408.0164	-547.9305	139.9141	2.225359	0.4434712
46668	-405.0846	-545.3777	140.2931	1.82413	0.6306199
46674	-404.5574	-544.62	140.0625	2.079639	0.547261
46680	-410.5475	-550.5823	140.0347	1.928896	0.8660337
46686	-403.0505	-543.2766	140.2261	1.844539	0.7205929
46692	-412.7652	-553.0159	140.2508	1.812627	0.7322837
46698	-413.9952	-554.395	140.3998	1.598839	0.8231271
46704	-412.837	-552.7782	139.9412	1.810133	1.084766
46710	-410.0629	-550.2647	140.2019	1.662991	0.9743323
46716	-406.1844	-546.1724	139.988	1.630793	1.202607
46722	-399.5596	-539.424	139.8644	1.424637	1.466796
46728	-405.4628	-545.5945	140.1317	1.722112	0.9855842
46734	-401.2953	-541.4277	140.1324	1.719242	0.9878006
46740	-405.2845	-545.6758	140.3913	1.539063	0.9042742
46746	-408.0641	-547.9951	139.931	1.499601	1.357159
46752	-411.7583	-552.0798	140.3215	1.640659	0.8677629
46758	-407.8865	-548.0827	140.1963	1.765157	0.8686554
46764	-412.1403	-552.2576	140.1173	2.008622	0.6080069
46770	-412.8809	-553.0071	140.1262	2.020213	0.5027026
46776	-420.0997	-560.4209	140.3212	1.785396	0.6546699
46782	-417.5989	-557.788	140.189	1.934319	0.6151602
46788	-417.6862	-557.8444	140.1582	1.965172	0.6151602
46794	-420.0396	-560.2016	140.162	1.876527	0.7695052
46800	-412.4078	-552.5295	140.1217	1.942516	0.7310333
46806	-415.0657	-555.2281	140.1624	1.897229	0.7381835
46812	-405.5485	-545.6833	140.1348	1.733151	0.9711246
46818	-404.2497	-544.4028	140.1531	1.958742	0.6432365
46824	-417.7136	-557.8045	140.091	2.010191	0.6658306
46830	-422.2387	-562.1537	139.915	1.961783	0.9620354
46836	-418.8538	-559.0418	140.188	1.688759	0.9620354
46842	-430.3208	-570.4891	140.1684	1.625403	1.044811
46848	-418.9571	-558.9835	140.0264	1.767345	1.044811
46854	-413.8857	-553.6132	139.7275	1.350152	1.623109
46860	-414.5745	-554.732	140.1575	1.478024	1.188259
46866	-428.5913	-568.5633	139.972	1.334923	1.453209
46872	-424.6671	-564.1031	139.436	1.292291	1.868063
46878	-417.8068	-557.606	139.7992	1.413553	1.524114
46884	-411.1119	-551.3549	140.2431	1.538506	1.056442
46890	-407.8543	-547.9361	140.0819	1.535269	1.204057
46896	-417.9221	-558.2263	140.3042	1.798031	0.6636906
46902	-425.8561	-566.0209	140.1648	1.482768	1.177827
46908	-417.0068	-557.2298	140.2231	1.48497	1.124361
46914	-410.7378	-550.3874	139.6495	1.51202	1.561964
46920	-398.0022	-537.8056	139.8034	1.22223	1.660505
46926	-416.0761	-554.5173	138.4412	1.124748	2.618016
46932	-411.7295	-550.3449	138.6154	0.9505287	2.618016
46938	-421.8295	-561.6476	139.8181	1.211948	1.657381
46944	-411.402	-551.8482	140.4463	1.616693	0.7329743
46950	-416.8853	-556.4036	139.5183	1.45533	1.697536
46956	-407.6229	-547.3131	139.6901	1.544614	1.507674
46962	-412.2689	-552.1445	139.8756	1.647204	1.282972
46968	-403.8305	-543.9255	140.095	1.51065	1.213863
46974	-402.254	-542.3522	140.0982	1.367539	1.329183
46980	-401.2869	-540.5996	139.3126	1.159764	2.040056
46986	-406.3189	-545.2847	138.9658	1.506587	2.040056
46992	-415.2772	-554.3002	139.023	1.46523	2.029589
46998	-418.4895	-558.4067	139.9172	1.342251	1.489151
47004	-413.6348	-553.4376	139.8027	1.359886	1.561182
47010	-411.0101	-551.0073	139.9972	2.140832	0.567317
47016	-405.4048	-545.7922	140.3874	1.754337	0.5497891
47022	-402.2563	-542.3558	140.0996	1.943162	0.763421
47028	-409.852	-549.9003	140.0483	2.096595	0.5276934
47034	-410.0384	-550.1406	140.1021	1.968888	0.720034
47040	-410.585	-550.7655	140.1805	1.816647	0.8250627
47046	-403.0076	-543.0528	140.0452	2.099059	0.4680628
47052	-403.1409	-543.3136	140.1727	1.960014	0.5873369
47058	-406.5727	-546.6634	140.0907	2.042042	0.5873369
47064	-399.6908	-539.9279	140.2371	1.901831	0.5635293
47070	-408.4197	-548.4951	140.0754	1.927386	0.8178018
47076	-407.1188	-547.3166	140.1978	1.939636	0.5698524
47082	-412.7145	-552.9756	140.2611	1.816576	0.7089318
47088	-410.1486	-550.4096	140.261	1.870585	0.5909774
47094	-407.5411	-547.4521	139.9109	2.210546	0.3965378
47100	-402.8719	-542.7828	139.9109	2.210546	0.3965378
47106	-405.2081	-545.3401	140.132	2.01141	0.5394681
47112	-410.9776	-550.9376	139.96	2.184469	0.4698104
47118	-406.307	-546.3366	140.0296	2.114199	0.5368604
47124	-410.9461	-550.7776	139.8315	2.298612	0.41508
47130	-405.3208	-545.3923	140.0715	1.870517	0.8910911
47136	-401.7445	-541.9792	140.2347	1.775567	0.8080822
47142	-410.4863	-550.728	140.2416	1.736655	0.8484604
47148	-409.7681	-549.9637	140.1956	1.869469	0.7295663
47154	-413.7488	-554.0404	140.2916	1.566482	0.9813064
47160	-409.1127	-549.0983	139.9855	1.560061	1.264192
47166	-414.9085	-554.4224	139.5139	1.440866	1.710888
47172	-412.0509	-551.9481	139.8972	1.579755	1.320173
47178	-408.8528	-548.9477	140.0949	1.426848	1.283842
47184	-411.8796	-551.9925	140.1129	1.455738	1.24506
47190	-413.1766	-553.3387	140.1621	1.691563	0.9857906
47196	-406.7273	-546.8615	140.1342	1.780624	0.9214436
47202	-403.8195	-543.6781	139.8586	1.527299	1.392331
47208	-409.6235	-549.8465	140.223	1.647621	0.9684471
47214	-411.4506	-551.3465	139.8959	1.508509	1.377788
47220	-405.1809	-545.0317	139.8508	1.751629	1.216571
47226	-409.6938	-549.7234	140.0296	1.64429	1.154807
47232	-416.1884	-556.0857	139.8973	1.450487	1.421851
47238	-424.2113	-563.8976	139.6863	1.545184	1.510087
47244	-418.6092	-558.6625	140.0532	1.149252	1.53172
47250	-422.3251	-561.001	138.676	1.062293	2.510982
47256	-422.9277	-559.5483	136.6205	0.8888776	3.837466
47262	-408.6666	-547.2049	138.5383	1.243652	2.483668
47268	-409.2553	-549.1498	139.8945	1.415947	1.450465
47274	-407.5991	-546.9336	139.3345	1.267979	1.953284
47280	-409.487	-548.7605	139.2735	1.310254	1.965862
47286	-416.5984	-554.9979	138.3995	1.073047	2.675587
47292	-418.0165	-557.6481	139.6317	1.475771	1.601531
47298	-411.009	-550.2045	139.1956	1.19666	2.092942
47304	-408.0061	-548.1355	140.1295	1.22693	1.415215
47310	-410.6794	-549.5164	138.837	1.162791	2.346317
47316	-419.7268	-557.8044	138.0776	1.157839	2.820489
47322	-422.434	-560.6105	138.1765	0.9253621	2.901472
47328	-408.0923	-547.0627	138.9704	0.9337472	2.406857
47334	-419.6281	-558.5182	138.8902	1.077628	2.366596
47340	-419.1567	-557.2127	138.056	1.225363	2.792596
47346	-414.0242	-553.862	139.8378	1.393954	1.509904
47352	-420.969	-560.843	139.874	1.857257	1.103312
47358	-423.3493	-563.6042	140.2548	1.827955	0.7001289
47364	-431.4	-571.3398	139.9397	2.165097	0.6583666
47370	-417.1738	-557.1446	139.9708	1.837019	1.031262
47376	-412.4745	-552.48	140.0055	2.106193	0.6435682
47382	-407.0565	-547.0559	139.9993	2.057223	0.7428752
47388	-410.6417	-550.6966	140.0548	1.818026	0.9660815
47394	-406.9112	-546.9033	139.9921	1.664116	1.17027
47400	-418.1876	-558.4376	140.25	1.543146	1.045398
47406	-423.6465	-562.6735	139.027	1.24053	2.174369
47412	-415.9242	-555.8729	139.9487	1.551081	1.301724
47418	-414.8777	-554.7432	139.8656	1.634214	1.301724
47424	-421.4004	-561.3091	139.9087	1.523	1.356298
47430	-413.3666	-553.3923	140.0258	1.607546	1.190152
47436	-413.0418	-553.1728	140.131	1.697802	1.010695
47442	-415.9906	-556.1351	140.1445	1.765167	0.9270662
47448	-420.584	-560.6652	140.0813	1.6247	1.126231
47454	-415.7588	-555.9234	140.1646	1.664361	1.010502
47460	-417.8134	-557.7718	139.9584	1.589672	1.262162
47466	-422.8011	-562.6618	139.8607	1.660323	1.284393
47472	-409.2862	-549.4341	140.148	1.951706	0.668765
47478	-414.4918	-554.277	139.7853	2.119523	0.9323708
47484	-407.7822	-547.7061	139.9239	1.741272	1.16245
47490	-415.9767	-555.2261	139.2495	1.201258	2.054395
47496	-425.8039	-564.9497	139.1458	1.201959	2.122108
47502	-418.7135	-558.7168	140.0032	1.350411	1.417353
47508	-419.1457	-559.0492	139.9035	1.553832	1.335921
47514	-417.4006	-557.0606	139.66	1.349458	1.67207
47520	-425.9949	-563.3837	137.3888	0.8636897	3.406326
47526	-431.4621	-568.9135	137.4514	0.8137318	3.398921
47532	-432.4184	-571.5757	139.1574	0.9768826	2.260413
47538	-430.9536	-568.268	137.3143	0.8110354	3.4807
47544	-426.5881	-564.8469	138.2589	1.082074	2.756228
47550	-421.7774	-559.8942	138.1169	1.224048	2.756228
47556	-412.5222	-552.3587	139.8365	1.190484	1.659554
47562	-409.4799	-549.5058	140.0259	1.486129	1.291735
47568	-410.8439	-550.7799	139.936	1.497576	1.354797
47574	-416.7636	-556.7682	140.0046	1.497576	1.299773
47580	-411.9133	-551.7745	139.8612	1.68663	1.262316
47586	-422.4896	-562.4939	140.0042	1.409264	1.37067
47592	-411.8503	-550.7699	138.9196	1.31998	2.192495
47598	-409.2405	-548.7638	139.5233	1.358473	1.762133
47604	-404.4928	-544.3941	139.9013	1.786835	1.142162
47610	-412.6383	-552.4013	139.7631	1.721462	1.314084
47616	-408.7091	-548.5543	139.8452	1.641272	1.312476
47622	-408.4007	-548.4895	140.0888	1.808454	0.9404428
47628	-412.2804	-552.2667	139.9863	1.775382	1.075196
47634	-404.4821	-544.551	140.0689	1.956267	0.7881451
47640	-416.3225	-556.294	139.9715	2.171644	0.5416708
47646	-410.6344	-550.6607	140.0263	2.120063	0.4957987
47652	-410.1231	-550.2413	140.1182	2.017043	0.5783013
47658	-420.686	-560.927	140.2411	1.868167	0.6489434
47664	-416.3677	-556.5672	140.1995	1.926372	0.6081067
47670	-414.4037	-554.5908	140.1871	1.456929	1.180919
47676	-420.7462	-560.7145	139.9683	1.503243	1.324525
47682	-411.7462	-551.9891	140.2428	1.820894	0.7317522
47688	-412.5495	-552.6792	140.1297	1.975562	0.6574165
47694	-416.345	-556.2951	139.9501	2.182948	0.4226986
47700	-414.1707	-554.1473	139.9766	2.158709	0.4292081
47706	-404.3554	-543.8286	139.4732	2.462007	0.2413064
47712	-404.9002	-544.6144	139.7141	2.35343	0.3268436
47718	-412.4583	-552.0696	139.6113	2.440594	0.3129099
47724	-430.3685	-570.42	140.0514	1.182441	1.50834
47730	-414.5623	-553.8405	139.2782	1.131507	2.081425
47736	-413.6763	-552.875	139.1988	1.210992	2.081425
47742	-416.6107	-556.0908	139.4801	1.111039	1.960878
47748	-414.2018	-554.3303	140.1285	1.603219	1.102906
47754	-419.729	-559.7624	140.0334	2.108212	0.4528301
47760	-407.6961	-547.8924	140.1964	1.892722	0.6889172
47766	-401.9299	-542.1279	140.1981	1.883145	0.7028608
47772	-405.9908	-546.4716	140.4808	1.527946	0.8100343
47778	-401.1327	-541.467	140.3343	1.738662	0.7168154
47784	-401.9604	-542.0702	140.1098	1.984957	0.6782633
47790	-403.9996	-544.0448	140.0452	2.091699	0.4342153
47796	-406.6448	-546.6329	139.9881	2.148836	0.4342153
47802	-415.0713	-554.928	139.8567	2.252713	0.3760633
47808	-412.7992	-552.7464	139.9472	2.174752	0.3973539
47814	-419.9015	-559.8486	139.9472	2.174752	0.3973539
47820	-421.2322	-561.1793	139.9472	2.174752	0.3973539
47826	-412.3366	-552.7191	140.3825	1.602697	0.8399525
47832	-417.0124	-557.3789	140.3665	1.756304	0.6165447
47838	-411.9377	-552.0597	140.122	2.023411	0.5228161
47844	-408.8454	-549.0145	140.1691	1.976446	0.4797013
47850	-402.3203	-542.2452	139.9249	2.167965	0.35377
47856	-404.6342	-544.5243	139.8902	2.183021	0.3322857
47862	-410.203	-550.2337	140.0307	2.111039	0.4535315
47868	-410.5582	-550.2676	139.7094	2.367816	0.336351
47874	-405.439	-545.5177	140.0787	2.062563	0.4509998
47880	-409.6463	-549.7606	140.1143	1.70681	1.018236
47886	-409.9613	-550.1954	140.2341	1.719501	0.8777703
47892	-405.6177	-545.9609	140.3432	1.802526	0.4824075
47898	-403.7438	-543.9409	140.1971	1.935335	0.5881176
47904	-405.287	-545.2212	139.9341	2.210838	0.5270285
47910	-399.5466	-539.7016	140.155	1.989981	0.5270285
47916	-392.4248	-532.4801	140.0553	2.08526	0.555868
47922	-401.8194	-541.5476	139.7282	2.312239	0.303719
47928	-398.4649	-538.2859	139.8209	2.267347	0.3483488
47934	-414.5132	-554.3472	139.834	2.254271	0.3483488
47940	-412.7361	-552.7306	139.9946	2.149959	0.469935
47946	-401.9172	-541.8015	139.8843	2.252991	0.4356443
47952	-406.8818	-546.5723	139.6905	2.448896	0.4430769
47958	-399.8809	-539.9994	140.1185	1.973969	0.6826439
47964	-399.7123	-539.671	139.9587	2.181348	0.5585537
47970	-406.6206	-546.7257	140.1052	2.037694	0.5431347
47976	-410.1572	-550.2943	140.1371	2.005742	0.5431347
47982	-415.2588	-555.424	140.1651	1.980851	0.4854719
47988	-403.6817	-543.7684	140.0866	2.053402	0.558458
47994	-399.7854	-539.6631	139.8776	2.267531	0.4756379
48000	-397.383	-537.2769	139.8939	2.212421	0.371472
48006	-406.6676	-546.5464	139.8787	2.265793	0.4700653
48012	-411.2062	-551.2082	140.002	2.144017	0.5145351
48018	-405.5111	-545.2227	139.7116	2.390339	0.3653264
48024	-405.9253	-545.6127	139.6875	2.30228	0.2697423
48030	-413.2254	-552.9198	139.6944	2.327984	0.2904938
48036	-405.2672	-544.792	139.5248	2.503391	0.2946019
48042	-398.9151	-538.4176	139.5025	2.503391	0.2795613
48048	-411.3622	-551.0434	139.6812	2.358967	0.3035027
48054	-401.4425	-541.1674	139.7249	2.374225	0.3615954
48060	-404.5041	-544.2964	139.7923	2.28831	0.3398661
48066	-405.6763	-545.4985	139.8223	2.229192	0.3125652
48072	-415.1855	-555.2071	140.0216	2.119059	0.4481698
48078	-411.1503	-550.4608	139.3105	2.618929	0.2386029
48084	-419.2858	-558.8737	139.5879	2.41924	0.2803764
48090	-405.9309	-545.1368	139.2059	2.617436	0.1977777
48096	-417.5367	-556.8066	139.27	2.553419	0.1977777
48102	-406.0092	-545.172	139.1628	2.668575	0.2004278
48108	-411.5499	-550.5873	139.0373	2.73524	0.1822273
48114	-417.4337	-557.0196	139.5859	2.472719	0.3186936
48120	-404.9486	-544.5567	139.6081	2.391869	0.2758639
48126	-412.6744	-552.7713	140.0969	2.030904	0.6026128
48132	-422.8482	-562.9521	140.1039	2.04	0.4654152
48138	-425.2138	-565.3132	140.0995	2.03662	0.5752915
48144	-428.1519	-568.2321	140.0802	1.872814	0.8785164
48150	-424.0822	-564.3275	140.2453	1.869419	0.6367097
48156	-424.0247	-564.0947	140.07	2.042042	0.6428383
48162	-425.4778	-565.6019	140.1241	2.021291	0.4783119
48168	-424.2656	-564.3188	140.0532	1.936179	0.8347495
48174	-421.53	-561.695	140.165	1.921898	0.6928659
48180	-422.1185	-561.9521	139.8336	2.312765	0.5010005
48186	-420.9215	-560.5472	139.6256	2.465934	0.3521971
48192	-419.2617	-559.0041	139.7423	2.388308	0.4164086
48198	-416.643	-556.5855	139.9425	2.193686	0.5747105
48204	-429.8338	-569.7803	139.9464	2.165037	0.6440318
48210	-423.2503	-563.3354	140.0851	2.059131	0.4675571
48216	-419.2032	-559.0672	139.864	2.257342	0.3962652
48222	-416.104	-556.116	140.0121	2.109275	0.3962652
48228	-419.6739	-559.6888	140.0149	2.103554	0.6275916
48234	-419.5607	-558.1588	138.5981	1.088707	2.543043
48240	-416.0011	-555.96	139.9589	2.158394	0.6305982
48246	-423.8218	-563.9876	140.1658	1.887659	0.7476053
48252	-420.066	-559.7996	139.7336	2.329757	0.3229236
48258	-424.0105	-563.5064	139.4959	2.532321	0.2946262
48264	-418.4082	-558.0134	139.6052	2.357604	0.2548818
48270	-415.456	-554.5834	139.1274	1.138409	2.175464
48276	-410.6593	-550.5525	139.8933	1.529888	1.363051
48282	-407.7491	-548.0328	140.2838	1.727766	0.8064558
48288	-406.2399	-546.4317	140.1918	1.819684	0.8064558
48294	-403.5165	-543.6632	140.1467	1.971998	0.6271122
48300	-408.6888	-548.7897	140.101	2.024561	0.6092359
48306	-416.1683	-556.3328	140.1645	1.893054	0.7414178
48312	-419.0422	-559.015	139.9727	2.14988	0.6170704
48318	-419.1883	-559.4477	140.2594	1.763026	0.791868
48324	-418.0358	-558.2667	140.2308	1.735151	0.8632508
48330	-410.3592	-550.5878	140.2286	1.737348	0.8632508
48336	-404.4956	-544.663	140.1674	1.800548	0.860962
48342	-405.2791	-545.4863	140.2073	1.473627	1.1486
48348	-404.112	-544.1006	139.9886	1.861904	0.98896
48354	-405.4963	-545.6572	140.1609	1.973969	0.5797969
48360	-407.8402	-547.8701	140.0299	2.104924	0.5797969
48366	-403.3633	-543.3456	139.9823	2.163133	0.522152
48372	-403.78	-543.8287	140.0488	2.094096	0.5431257
48378	-402.6174	-542.5716	139.9542	2.14945	0.6606999
48384	-406.1446	-546.0181	139.8735	2.203674	0.7098724
48390	-397.125	-536.9172	139.7922	2.291321	0.3430133
48396	-417.0139	-556.9824	139.9685	2.11143	0.7050119
48402	-408.854	-549.0132	140.1592	1.980029	0.5622787
48408	-410.7115	-550.8376	140.1261	2.014335	0.5565321
48414	-426.7066	-566.5983	139.8917	2.088364	0.8463021
48420	-425.4414	-565.5383	140.097	1.958581	0.7444462
48426	-421.069	-561.2443	140.1753	1.76494	0.8931572
48432	-417.0532	-557.2605	140.2073	1.882858	0.6868583
48438	-423.4579	-563.1899	139.7319	1.882858	1.206047
48444	-424.4755	-564.1816	139.7061	2.421815	0.4098253
48450	-426.7977	-566.8707	140.073	1.849139	0.9134503
48456	-421.2464	-561.2553	140.0089	1.625453	1.18923
48462	-416.3108	-556.332	140.0212	1.413871	1.353603
48468	-413.7747	-553.7277	139.9531	1.482039	1.353603
48474	-411.4279	-551.4064	139.9785	1.712152	1.139947
48480	-408.7866	-548.8253	140.0387	1.432727	1.324609
48486	-409.7317	-549.8418	140.1101	1.616828	1.107218
48492	-413.593	-553.2251	139.6321	1.473741	1.602685
48498	-412.15	-551.552	139.4019	1.233002	1.93143
48504	-421.1748	-561.2899	140.1151	1.584836	1.131613
48510	-426.882	-566.811	139.929	1.569737	1.30259
48516	-433.6816	-573.2683	139.5867	1.594731	1.547288
48522	-424.9787	-564.9079	139.9292	1.438266	1.406669
48528	-420.725	-560.5737	139.8487	1.657256	1.296731
48534	-407.8407	-547.8988	140.058	1.457039	1.289264
48540	-408.5964	-548.7494	140.153	1.484936	1.186204
48546	-415.6665	-555.8087	140.1422	1.595299	1.097561
48552	-405.1406	-545.3403	140.1997	1.404344	1.215194
48558	-416.2429	-556.3664	140.1236	1.480501	1.215194
48564	-413.2782	-553.3116	140.0334	1.57066	1.215194
48570	-406.8334	-546.8527	140.0193	1.724528	1.091767
48576	-422.1509	-562.0997	139.9487	1.652573	1.217522
48582	-421.8372	-561.6035	139.7664	1.494291	1.488241
48588	-410.7721	-551.0473	140.2751	1.723226	0.8234863
48594	-415.2326	-555.2866	140.054	1.809901	0.9752947
48600	-413.6347	-553.8315	140.1968	1.783241	0.8463418
48606	-414.4904	-554.5645	140.0741	1.905929	0.8463418
48612	-408.0552	-548.2415	140.1863	1.911114	0.6732201
48618	-405.5766	-545.7414	140.1649	1.97613	0.5538158
48624	-416.7798	-557.0539	140.2741	1.851985	0.6076291
48630	-413.1665	-553.2613	140.0948	1.935987	0.7804043
48636	-418.3873	-558.4996	140.1123	2.021687	0.5828303
48642	-423.9168	-564.0795	140.1627	1.811726	0.8531542
48648	-430.6784	-570.7674	140.089	1.929277	0.7975054
48654	-429.5701	-569.6269	140.0568	2.088441	0.5245717
48660	-428.4833	-568.2936	139.8103	2.088441	0.9388511
48666	-420.19	-560.2365	140.0465	1.841481	0.9502549
48672	-415.6044	-555.8386	140.2342	1.876175	0.6464208
48678	-420.7353	-560.77	140.0347	2.045929	0.7038679
48684	-413.9626	-552.9473	138.9847	1.325845	2.146375
48690	-431.2696	-570.7101	139.4405	1.349369	1.825838
48696	-433.0936	-571.487	138.3935	1.458598	2.43967
48702	-433.7604	-573.8564	140.096	1.613499	1.123024
48708	-430.31	-570.388	140.0781	1.878514	0.8743211
48714	-421.8688	-561.8887	140.02	2.11877	0.5644689
48720	-417.5129	-557.6011	140.0882	2.050872	0.5628897
48726	-425.0886	-564.997	139.9084	2.230672	0.5628897
48732	-416.5075	-556.7264	140.2188	1.896377	0.6354506
48738	-412.7395	-552.8392	140.0997	1.827962	0.9073363
48744	-412.7203	-552.6717	139.9515	1.6555	1.212704
48750	-416.6989	-556.7329	140.034	1.450889	1.313813
48756	-419.3628	-559.3505	139.9878	1.53055	1.286629
48762	-420.3043	-560.1291	139.8248	1.693514	1.286629
48768	-416.8585	-556.7627	139.9043	1.857778	1.07481
48774	-432.9294	-573.1146	140.1852	1.857778	0.7630741
48780	-428.3231	-568.5471	140.2241	1.818939	0.7630741
48786	-414.0523	-554.0557	140.0034	2.000309	0.8165733
48792	-418.1966	-558.3621	140.1655	1.941076	0.6545684
48798	-418.0371	-558.0145	139.9774	2.167708	0.5254266
48804	-414.2698	-554.1344	139.8645	2.269012	0.4240922
48810	-411.4124	-551.4114	139.999	2.143411	0.5457447
48816	-413.2631	-553.1655	139.9024	2.216635	0.6263329
48822	-413.7124	-553.7869	140.0745	2.02959	0.6598958
48828	-419.9816	-559.9722	139.9906	2.100176	0.6857373
48834	-422.266	-562.4411	140.1751	1.916139	0.6849982
48840	-416.3953	-556.5531	140.1578	1.787169	0.8877478
48846	-419.6509	-559.7228	140.0719	1.961351	0.7769394
48852	-422.5311	-562.4851	139.954	2.065285	0.7961178
48858	-414.0222	-554.0114	139.9892	2.131275	0.622671
48864	-407.337	-547.4326	140.0957	1.838359	0.9001762
48870	-415.4014	-555.3656	139.9642	1.710714	1.153915
48876	-403.7518	-544.1019	140.3502	1.436088	1.051975
48882	-403.8182	-543.9382	140.12	1.571063	1.139531
48888	-399.7343	-539.8009	140.0667	1.629497	1.13501
48894	-411.2294	-550.9582	139.7288	1.641561	1.404364
48900	-407.6476	-547.4295	139.7818	1.487112	1.48198
48906	-410.8894	-550.8094	139.9199	1.454098	1.401557
48912	-411.3425	-551.3378	139.9953	1.448634	1.346555
48918	-406.693	-546.8731	140.1801	1.500151	1.149135
48924	-404.5825	-544.5558	139.9733	1.686179	1.167434
48930	-408.4351	-547.5946	139.1595	1.487023	1.923594
48936	-412.697	-552.5961	139.8991	1.20707	1.60244
48942	-418.0235	-557.9537	139.9302	1.124141	1.639949
48948	-417.1576	-556.8242	139.6665	1.342168	1.672609
48954	-412.8209	-552.7538	139.9329	1.384233	1.445361
48960	-408.2749	-547.8828	139.6079	1.253318	1.776479
48966	-398.8835	-538.9604	140.0769	1.326356	1.378696
48972	-406.3208	-545.7426	139.4218	1.491314	1.740226
48978	-405.6844	-545.2162	139.5317	1.317509	1.7848
48984	-408.6752	-548.3154	139.6402	1.444848	1.617742
48990	-407.3999	-547.3397	139.9398	1.423829	1.409581
48996	-403.1755	-542.8616	139.6862	1.432778	1.593141
49002	-400.4103	-540.5818	140.1715	1.66792	1.000133
49008	-401.9027	-542.246	140.3434	1.572989	0.9197986
49014	-404.2479	-544.3925	140.1445	1.752779	0.9403709
49020	-407.602	-547.8808	140.2787	1.782627	0.7354756
49026	-406.2123	-546.6411	140.4288	1.629681	0.7399313
49032	-405.3833	-545.5759	140.1926	1.717523	0.9266308
49038	-404.5167	-544.6597	140.143	1.564085	1.125234
49044	-402.8852	-543.3047	140.4194	1.545539	0.8644414
49050	-404.3303	-544.675	140.3447	1.492312	1.002534
49056	-401.7201	-542.2051	140.485	1.351998	1.002534
49062	-397.6157	-537.0579	139.4422	1.491814	1.725528
49068	-404.0219	-543.8458	139.8239	1.264408	1.615403
49074	-402.3914	-542.6451	140.2537	1.583155	1.002635
49080	-406.3502	-546.2737	139.9236	2.028305	0.8797855
49086	-409.7264	-549.2651	139.5387	1.517806	1.638338
49092	-414.2882	-552.732	138.4438	1.351104	2.475549
49098	-399.0976	-538.7287	139.6311	1.209985	1.790458
49104	-399.0938	-538.0519	138.9581	1.145717	2.279932
49110	-411.4427	-550.2229	138.7802	1.32359	2.279932
49116	-408.3914	-547.4619	139.0705	1.270871	2.126273
49122	-411.08	-550.0946	139.0146	1.326743	2.126273
49128	-411.7725	-552.1222	140.3497	1.598528	0.8840467
49134	-412.1879	-552.4758	140.2879	1.64698	0.8992633
49140	-404.3945	-544.413	140.0185	2.116964	0.4297949
49146	-401.1706	-540.8926	139.722	2.324456	0.3084339
49152	-409.8968	-549.5574	139.6606	2.461995	0.3986921
49158	-411.2673	-550.8089	139.5416	2.461995	0.2781237
49164	-403.2531	-542.979	139.7259	2.307974	0.2987718
49170	-407.7008	-547.5896	139.8888	2.20818	0.3588293
49176	-408.8594	-548.8427	139.9833	2.159365	0.5442988
49182	-399.543	-539.7217	140.1787	1.952032	0.5938957
49188	-405.2462	-545.2949	140.0487	2.091065	0.4447422
49194	-406.4654	-546.4456	139.9802	2.160137	0.4470459
49200	-404.4475	-544.7785	140.331	1.793526	0.6120403
49206	-410.5369	-550.6356	140.0987	1.985591	0.6974971
49212	-410.7138	-550.7847	140.0709	2.036074	0.6539194
49218	-404.3248	-544.5044	140.1795	1.959833	0.4430296
49224	-401.233	-541.494	140.261	1.885285	0.505777
49230	-410.0721	-550.2876	140.2155	1.92525	0.5548751
49236	-420.2531	-560.4289	140.1758	1.837338	0.8042608
49242	-409.234	-549.2077	139.9737	1.405061	1.397868
49248	-406.4858	-545.9353	139.4495	1.615918	1.631944
49254	-420.1796	-560.532	140.3524	1.411345	1.073213
49260	-414.5522	-553.8933	139.3411	1.317555	1.915411
49266	-412.0096	-552.0548	140.0453	1.412809	1.335308
49272	-415.0371	-554.5751	139.538	1.600267	1.579029
49278	-409.276	-548.6587	139.3827	1.08757	2.04144
49284	-404.5186	-543.865	139.3463	1.262771	1.948837
49290	-402.7634	-541.616	138.8526	1.156448	2.340417
49296	-397.0507	-537.2841	140.2334	1.662704	0.9416768
49302	-397.2861	-537.3841	140.098	1.652623	1.08548
49308	-399.9776	-540.214	140.2364	1.829377	0.7285322
49314	-407.155	-547.324	140.169	1.722185	0.9469266
49320	-408.5862	-548.5749	139.9887	1.673569	1.165013
49326	-407.2166	-547.2722	140.0556	1.641113	1.134507
49332	-403.6962	-543.7327	140.0365	1.627671	1.163309
49338	-410.7575	-551.1384	140.3809	1.638927	0.7954093
49344	-408.5314	-548.6554	140.1239	1.813012	0.8968765
49350	-398.5675	-538.5183	139.9508	1.394513	1.423768
49356	-397.5752	-537.4242	139.8491	1.601448	1.341351
49362	-400.2151	-540.3415	140.1264	1.853774	0.8461605
49368	-416.2294	-556.3555	140.1261	1.854091	0.8461605
49374	-421.121	-560.9824	139.8614	1.765862	1.195379
49380	-405.3965	-545.5937	140.1972	1.5732	1.066976
49386	-400.6771	-540.7344	140.0572	1.964363	0.7930277
49392	-406.3708	-546.4508	140.08	1.536995	1.204169
49398	-409.3443	-549.3865	140.0423	1.737512	1.058148
49404	-402.3963	-542.6491	140.2528	1.526925	1.058148
49410	-399.0609	-539.0567	139.9958	1.620276	1.20497
49416	-409.167	-549.0188	139.8518	1.547567	1.381751
49422	-408.9318	-549.0392	140.1074	1.416227	1.282244
49428	-401.1423	-540.977	139.8347	1.353854	1.542049
49434	-410.0154	-550.0913	140.0759	2.06037	0.5745852
49440	-406.0152	-546.0184	140.0032	2.143217	0.5021031
49446	-409.5095	-549.4999	139.9905	2.155907	0.5021031
49452	-413.9019	-553.8775	139.9755	2.17076	0.5077102
49458	-416.3104	-556.1294	139.819	2.251088	0.3292082
49464	-411.808	-551.5109	139.7029	2.42076	0.4008736
49470	-403.0018	-543.148	140.1462	1.990173	0.5743163
49476	-410.3106	-550.4819	140.1712	1.968337	0.5607067
49482	-413.4355	-553.4621	140.0266	2.110007	0.4332298
49488	-405.9988	-545.4234	139.4246	2.558001	0.2655918
49494	-410.587	-550.4549	139.868	2.276981	0.4738044
49500	-410.8082	-550.7001	139.8919	2.241483	0.4235309
49506	-415.3421	-555.2091	139.867	2.266315	0.4235309
49512	-411.8406	-552.04	140.1994	1.942703	0.4548909
49518	-407.592	-547.669	140.0769	2.055093	0.4199703
49524	-403.2164	-542.9696	139.7532	2.37887	0.4199703
49530	-399.3722	-539.2102	139.838	2.306703	0.4711703
49536	-402.0138	-542.0862	140.0725	2.072208	0.4711703
49542	-401.3055	-541.453	140.1475	1.964568	0.6427255
49548	-402.7983	-543.146	140.3477	1.782955	0.5941727
49554	-406.4292	-546.7308	140.3016	1.626796	0.9064576
49560	-406.4927	-546.7203	140.2276	1.68126	0.927925
49566	-412.0665	-551.8128	139.7462	1.674889	1.364675
49572	-412.3117	-552.4539	140.1421	1.726826	0.9701328
49578	-419.9068	-560.065	140.1582	1.55354	1.121018
49584	-405.6394	-545.4961	139.8567	1.507314	1.409286
49590	-407.565	-547.4573	139.8923	1.280272	1.553818
49596	-410.5637	-549.9747	139.411	1.274465	1.897235
49602	-404.8937	-544.5612	139.6674	1.409863	1.623378
49608	-405.3711	-545.4716	140.1005	1.792053	0.9454701
49614	-415.4572	-555.7156	140.2584	1.687625	0.886565
49620	-403.9526	-543.962	140.0093	1.954376	0.8659497
49626	-402.2145	-542.2817	140.0672	2.017894	0.6960354
49632	-398.9492	-538.8845	139.9353	2.19959	0.4280603
49638	-395.1818	-535.1703	139.9885	2.157875	0.4952705
49644	-398.5599	-538.5256	139.9657	2.180656	0.4952705
49650	-400.1731	-540.0051	139.832	2.304104	0.4316721
49656	-404.8506	-544.8392	139.9885	2.143412	0.4197221
49662	-409.2128	-549.2693	140.0565	2.080788	0.5704176
49668	-408.1202	-548.1345	140.0143	2.121747	0.5755123
49674	-408.5737	-548.6182	140.0445	2.100525	0.4742439
49680	-407.913	-548.0425	140.1295	1.996189	0.6088033
49686	-400.9033	-540.7783	139.8751	2.269927	0.4739047
49692	-398.0676	-537.9121	139.8445	2.300035	0.4702618
49698	-407.983	-547.7839	139.8009	2.308053	0.3752996
49704	-410.3405	-549.9833	139.6428	2.498617	0.4515448
49710	-411.7955	-551.1684	139.3729	2.593479	0.2567688
49716	-414.7594	-554.5086	139.7492	2.314078	0.3228621
49722	-408.5556	-548.258	139.7024	2.361857	0.3237599
49728	-413.0569	-552.7593	139.7024	2.361857	0.3237599
49734	-417.1018	-557.121	140.0192	2.123674	0.5430408
49740	-412.4496	-552.5946	140.145	1.976024	0.6212315
49746	-408.1627	-548.2929	140.1302	2.014892	0.525845
49752	-409.9941	-550.1813	140.1872	1.943301	0.5944334
49758	-411.3901	-551.5079	140.1177	2.027698	0.5221201
49764	-412.07	-552.2721	140.2021	1.932406	0.5809762
49770	-414.1785	-554.3205	140.142	2.004345	0.5056761
49776	-413.9321	-553.9735	140.0413	1.946176	0.8371235
49782	-414.0511	-554.1133	140.0622	1.936761	0.8226801
49788	-400.1473	-540.1828	140.0355	2.108062	0.4631053
49794	-414.7209	-554.7366	140.0157	2.108062	0.6140279
49800	-412.7472	-552.9839	140.2367	1.88245	0.626075
49806	-412.5364	-552.6694	140.133	1.930732	0.7317092
49812	-409.9687	-550.2258	140.2571	1.827951	0.6961667
49818	-412.087	-552.3527	140.2657	1.782853	0.7549572
49824	-418.0214	-558.3575	140.3361	1.782853	0.6263601
49830	-414.1944	-554.134	139.9396	2.205877	0.5213374
49836	-417.0141	-556.7274	139.7133	2.428007	0.4512173
49842	-415.4931	-555.2505	139.7574	2.388565	0.5152113
49848	-409.0586	-549.0533	139.9947	2.088754	0.6989554
49854	-412.6393	-552.7961	140.1568	1.89808	0.7454437
49860	-402.3206	-542.3934	140.0728	1.982123	0.7454437
49866	-403.7171	-543.7479	140.0308	2.115156	0.4851303
49872	-403.1512	-542.9163	139.7651	2.376197	0.4511164
49878	-402.0903	-541.5877	139.4974	2.503236	0.2762891
49884	-413.8991	-553.4549	139.5559	2.503236	0.3191085
49890	-407.6444	-547.4863	139.8419	2.285184	0.4080958
49896	-411.1702	-551.0717	139.9015	2.238266	0.5600243
49902	-406.7465	-546.673	139.9264	2.208529	0.4282085
49908	-415.2308	-555.158	139.9272	2.19834	0.6092193
49914	-414.2086	-554.2818	140.0732	1.740823	1.025191
49920	-417.2294	-557.4334	140.2039	1.63304	1.002553
49926	-412.5216	-552.3195	139.7979	1.269204	1.630711
49932	-406.2718	-546.206	139.9342	1.669296	1.215662
49938	-412.7509	-552.9521	140.2011	1.506099	1.125101
49944	-400.6869	-540.8605	140.1736	1.64004	1.025574
49950	-410.7022	-551.0108	140.3086	1.50503	1.025574
49956	-406.5074	-546.5305	140.0231	2.094666	0.6292847
49962	-411.0993	-551.0984	139.9991	2.135934	0.4282982
49968	-410.5152	-550.2018	139.6866	2.451677	0.4390513
49974	-411.1644	-551.005	139.8406	2.30481	0.4784251
49980	-416.0245	-555.7928	139.7683	2.336874	0.369877
49986	-412.971	-552.9664	139.9954	2.139383	0.4277093
49992	-421.6236	-561.8467	140.2231	1.883529	0.6545957
49998	-412.5958	-552.6323	140.0364	1.727675	1.072897
50004	-415.3734	-554.9052	139.5319	1.415723	1.715965
50010	-411.2222	-551.0109	139.7887	1.615918	1.377649
50016	-411.9643	-551.8336	139.8693	1.68211	1.259341
50022	-406.804	-547.0296	140.2256	1.642337	0.9711904
50028	-403.633	-543.807	140.174	1.95517	0.5987543
50034	-404.2986	-544.1599	139.8612	2.246617	0.3737388
50040	-400.7867	-540.6677	139.881	2.262552	0.4632563
50046	-402.0298	-542.2484	140.2186	1.927204	0.5167298
50052	-405.3652	-545.4701	140.1048	2.019179	0.6133338
50058	-404.9475	-544.8599	139.9124	1.855425	1.069392
50064	-400.3002	-540.5047	140.2045	1.92678	0.5921927
50070	-399.1704	-539.3186	140.1483	1.700196	0.991016
50076	-405.1852	-545.2908	140.1056	1.409401	1.289359
50082	-406.7002	-546.9115	140.2113	1.526351	1.097447
50088	-409.4858	-548.8792	139.3935	1.39005	1.830231
50094	-406.6068	-545.725	139.1182	1.381246	2.022126
50100	-416.0196	-555.2123	139.1927	1.306741	2.022126
50106	-418.3254	-558.1231	139.7977	1.25031	1.644475
50112	-408.9684	-548.953	139.9846	1.489721	1.322285
50118	-413.0261	-552.9736	139.9475	1.663723	1.209075
50124	-412.6756	-552.9559	140.2803	1.341644	1.199908
50130	-414.9493	-554.9047	139.9555	1.666511	1.199908
50136	-413.9635	-554.0486	140.0851	1.772898	0.9813171
50142	-411.2667	-551.1191	139.8525	1.81016	1.164655
50148	-407.2697	-547.5756	140.306	1.720225	0.7867734
50154	-405.1093	-545.2598	140.1505	1.875657	0.7867734
50160	-406.7608	-546.884	140.1232	1.851405	0.8529143
50166	-405.5153	-545.663	140.1478	1.826831	0.8529143
50172	-406.5278	-546.8397	140.3119	1.678848	0.8331257
50178	-404.1484	-544.3878	140.2394	1.75692	0.8261253
50184	-402.2075	-542.4638	140.2564	1.748825	0.8147106
50190	-407.8111	-548.1558	140.3448	1.59676	0.8916982
50196	-402.4044	-542.7248	140.3203	1.762178	0.7006185
50202	-404.0087	-544.2203	140.2116	1.820134	0.7790698
50208	-411.5711	-551.6549	140.0838	1.95822	0.7644611
50214	-407.1815	-547.4041	140.2226	1.687164	0.9270097
50220	-402.4906	-542.6319	140.1413	1.489882	1.191993
50226	-398.7285	-538.9732	140.2448	1.762073	0.8125915
50232	-403.3913	-543.553	140.1617	1.670889	1.006935
50238	-406.3986	-546.6483	140.2496	1.886701	0.5743933
50244	-407.9854	-547.8947	139.9093	1.763614	1.155644
50250	-413.6448	-553.8341	140.1893	1.926195	0.634805
50256	-409.0227	-549.0154	139.9927	2.116482	0.6489753
50262	-398.2054	-538.3427	140.1373	1.803492	0.8925695
50268	-404.8322	-544.963	140.1308	1.758994	0.9483726
50274	-410.7979	-550.9437	140.1458	1.875087	0.7939803
50280	-407.022	-547.1416	140.1196	1.862526	0.8438226
50286	-408.072	-547.9917	139.9197	2.164885	0.6969564
50292	-410.8742	-550.9362	140.0619	2.077468	0.5614357
50298	-420.2883	-560.3767	140.0883	2.05386	0.5471695
50304	-416.7504	-556.76	140.0096	2.136005	0.4806298
50310	-416.9418	-556.9481	140.0063	2.136005	0.5463451
50316	-417.3796	-557.569	140.1893	1.944634	0.4252964
50322	-406.1006	-546.2532	140.1526	1.97765	0.5952528
50328	-418.346	-558.2757	139.9297	1.643259	1.241417
50334	-411.3536	-550.9141	139.5605	1.289872	1.784005
50340	-406.8888	-546.7898	139.9009	1.477058	1.398448
50346	-402.9126	-542.3466	139.434	1.452667	1.758752
50352	-408.6881	-548.886	140.1979	1.444325	1.182477
50358	-409.147	-548.9426	139.7956	1.444753	1.503511
50364	-399.2351	-539.2466	140.0114	1.440172	1.340471
50370	-406.6989	-547.1208	140.4219	1.602812	0.7888322
50376	-402.9304	-543.1919	140.2615	1.647057	0.9283091
50382	-409.1388	-549.3834	140.2446	1.678999	0.9117725
50388	-406.8308	-546.9398	140.109	1.549812	1.168003
50394	-401.2719	-541.2068	139.9348	1.413633	1.421338
50400	-406.7948	-546.7459	139.9511	1.488265	1.350219
50406	-410.6042	-550.6065	140.0022	1.332261	1.432085
50412	-407.963	-547.6894	139.7264	1.347623	1.625736
50418	-407.3534	-546.6656	139.3122	1.422874	1.863437
50424	-402.4135	-541.9693	139.5558	1.179293	1.863437
50430	-409.381	-549.1738	139.7928	1.685071	1.319419
50436	-419.2293	-559.1019	139.8726	1.666984	1.269182
50442	-411.2378	-551.4973	140.2595	1.700222	0.8706833
50448	-410.6342	-550.9023	140.2681	1.798986	0.7263937
50454	-403.6453	-543.5549	139.9096	2.228766	0.4393462
50460	-408.908	-548.7334	139.8254	2.23768	0.3226789
50466	-410.0135	-549.8156	139.8022	2.309354	0.3793215
50472	-412.927	-552.7567	139.8297	2.309354	0.4417953
50478	-401.624	-541.9594	140.3353	1.635918	0.8569497
50484	-414.1116	-554.2943	140.1826	1.955459	0.4383658
50490	-413.4595	-553.5781	140.1186	2.020285	0.4411034
50496	-409.0329	-549.2577	140.2249	1.915399	0.557415
50502	-405.3707	-545.7013	140.3307	1.809609	0.557415
50508	-401.7066	-541.7827	140.076	1.920204	0.8261702
50514	-406.5835	-546.8711	140.2877	1.508913	1.042088
50520	-406.4796	-546.1389	139.6593	1.326862	1.688643
50526	-412.1862	-551.7558	139.5696	1.218797	1.826872
50532	-406.8273	-546.3469	139.5196	1.468095	1.687537
50538	-407.9944	-547.7244	139.73	1.245453	1.696248
50544	-406.6116	-545.781	139.1694	1.120855	2.159611
50550	-411.0657	-550.9228	139.8571	1.247548	1.603583
50556	-407.8448	-547.8522	140.0074	1.543555	1.25978
50562	-410.2751	-550.5623	140.2872	1.612637	0.9377194
50568	-405.3662	-545.1057	139.7396	1.476489	1.521638
50574	-403.1234	-542.9145	139.7912	1.424902	1.521638
50580	-404.5109	-544.6615	140.1506	1.6259	1.061232
50586	-411.0805	-551.2103	140.1298	1.800088	0.9048594
50592	-422.9597	-563.1715	140.2118	1.718081	0.9048594
50598	-407.3675	-547.4772	140.1097	1.76383	0.9654186
50604	-411.0045	-551.1219	140.1174	1.639108	1.080028
50610	-411.945	-551.8157	139.8707	1.441856	1.448901
50616	-405.7359	-545.9565	140.2205	1.813102	0.7764115
50622	-404.2946	-544.3289	140.0343	2.034202	0.7241759
50628	-412.5888	-552.9632	140.3743	1.766726	0.5533609
50634	-404.7206	-544.8454	140.1248	2.019423	0.5334044
50640	-405.3364	-545.6508	140.3144	1.650962	0.863982
50646	-412.9596	-552.8016	139.8419	1.417344	1.489268
50652	-403.7659	-543.5452	139.7793	1.479996	1.489268
50658	-410.8112	-550.947	140.1357	1.60144	1.097866
50664	-414.5247	-554.7014	140.1767	1.860902	0.7708341
50670	-414.1578	-554.3999	140.2422	1.667112	0.9274753
50676	-414.0474	-553.8448	139.7974	2.284696	0.7013334
50682	-414.3599	-554.2686	139.9087	2.234139	0.5431538
50688	-416.1735	-555.7516	139.5781	2.444227	0.2904402
50694	-413.0342	-552.5691	139.5349	2.476069	0.2828318
50700	-404.1502	-543.8187	139.6685	2.361976	0.2962318
50706	-405.5139	-544.981	139.4671	2.563378	0.2962318
50712	-414.8442	-554.2953	139.4512	2.579312	0.2962318
50718	-426.9365	-566.5365	139.6	2.430497	0.2962318
50724	-414.5589	-554.3329	139.774	2.36869	0.4582348
50730	-417.3899	-557.1834	139.7936	2.335355	0.4122872
50736	-410.9416	-550.7316	139.79	2.354391	0.4692358
50742	-403.7554	-543.5665	139.8111	2.320891	0.4198355
50748	-405.2028	-545.0912	139.8884	2.243576	0.4198355
50754	-417.3302	-557.1168	139.7866	2.329206	0.3862367
50760	-413.8781	-553.9139	140.0358	2.106231	0.5480322
50766	-422.585	-562.5131	139.9281	2.206086	0.4259552
50772	-415.177	-554.9468	139.7698	2.295599	0.3248324
50778	-403.9034	-543.7736	139.8703	2.195142	0.3248324
50784	-414.705	-554.3697	139.6646	2.411538	0.3352491
50790	-416.2763	-556.3189	140.0426	2.093629	0.4320879
50796	-413.4024	-553.2923	139.8899	2.256271	0.489537
50802	-416.3734	-556.2249	139.8515	2.247551	0.6699588
50808	-421.0591	-560.6222	139.5632	2.519024	0.3415677
50814	-424.0732	-563.9185	139.8452	2.269679	0.3847978
50820	-420.8121	-560.862	140.0499	2.060599	0.377738
50826	-420.818	-560.6961	139.8781	2.262035	0.4461301
50832	-421.0964	-561.1196	140.0232	2.123108	0.5061224
50838	-417.2703	-556.969	139.6987	2.446574	0.4771033
50844	-412.3138	-552.1707	139.8569	2.289327	0.4906855
50850	-407.7036	-547.755	140.0514	2.059521	0.3783263
50856	-405.7425	-545.8759	140.1334	2.012647	0.5141829
50862	-402.1553	-542.4989	140.3436	1.659875	0.816936
50868	-409.5805	-549.7917	140.2112	1.672024	0.9553379
50874	-423.8093	-563.9684	140.1591	1.796406	0.8755427
50880	-406.9357	-546.8828	139.9471	2.191615	0.5644022
50886	-409.8923	-550.1911	140.2988	1.657598	0.8745492
50892	-412.4011	-552.0488	139.6477	1.718807	1.407355
50898	-403.7451	-543.5148	139.7698	1.398572	1.556969
50904	-404.0949	-542.5709	138.476	1.337425	2.463936
50910	-409.0493	-549.2792	140.2298	1.679408	0.9275505
50916	-410.0495	-550.2403	140.1908	1.718411	0.9275505
50922	-409.1369	-549.0463	139.9094	1.184957	1.61104
50928	-409.3527	-548.9086	139.5559	1.576505	1.583351
50934	-418.6457	-558.7896	140.1438	1.890329	0.7756691
50940	-415.0467	-555.3648	140.3181	1.823635	0.5500739
50946	-407.477	-547.6089	140.1319	1.89761	0.7821849
50952	-410.4114	-550.3562	139.9448	2.191312	0.5751333
50958	-415.4451	-555.3724	139.9273	2.205967	0.585478
50964	-420.3942	-560.6907	140.2965	1.836749	0.585478
50970	-419.122	-559.3102	140.1882	1.885556	0.7155258
50976	-414.4021	-554.6049	140.2028	1.918483	0.6205223
50982	-411.4319	-551.5961	140.1642	1.980822	0.5267385
50988	-408.2419	-548.2726	140.0307	2.112123	0.5434405
50994	-409.4541	-549.7327	140.2786	1.598741	0.961454
51000	-409.8881	-549.9737	140.0855	1.837218	0.9127415
51006	-414.4668	-554.612	140.1452	2.000851	0.5122486
51012	-413.1975	-553.3174	140.1199	1.933892	0.7471041
51018	-421.5301	-561.5213	139.9912	1.614683	1.213665
51024	-413.0904	-553.2293	140.1389	1.796027	0.8991531
51030	-411.4874	-551.7508	140.2634	1.672165	0.8984111
51036	-409.7463	-549.8374	140.0911	2.038384	0.5976965
51042	-417.5602	-557.7211	140.1608	1.84474	0.8142466
51048	-413.9754	-554.3196	140.3442	1.761843	0.6558523
51054	-411.8096	-551.9858	140.1762	1.92114	0.6733351
51060	-415.604	-555.7367	140.1328	1.947845	0.7038832
51066	-425.8187	-565.7484	139.9296	2.191646	0.620611
51072	-424.3265	-564.278	139.9516	2.188717	0.5572447
51078	-411.6498	-551.7279	140.0781	2.00557	0.6986519
51084	-421.6196	-561.3951	139.7754	2.370705	0.5114388
51090	-411.4851	-551.488	140.003	2.142433	0.4780212
51096	-416.514	-556.5297	140.0157	2.129663	0.4780212
51102	-408.7058	-548.7216	140.0157	2.129663	0.4780212
51108	-406.1077	-546.3831	140.2755	1.806793	0.7010191
51114	-405.2839	-545.3907	140.1068	2.023752	0.5943831
51120	-410.7863	-550.5498	139.7635	2.36394	0.4088927
51126	-406.9483	-546.8799	139.9316	2.195829	0.4088927
51132	-408.7046	-548.6736	139.969	2.160668	0.4139739
51138	-414.6289	-554.4357	139.8068	2.317468	0.4019857
51144	-411.0517	-550.9051	139.8534	2.257476	0.3783102
51150	-412.2118	-551.9281	139.7164	2.394521	0.3783102
51156	-413.5067	-553.5459	140.0392	2.103994	0.4609379
51162	-413.4912	-553.4934	140.0022	2.133244	0.5776588
51168	-420.1907	-560.4869	140.2962	1.825737	0.6188496
51174	-415.1043	-555.1846	140.0803	1.747301	1.011882
51180	-419.5027	-559.7022	140.1995	1.844408	0.7617628
51186	-420.0893	-560.5059	140.4166	1.627285	0.7617628
51192	-415.8471	-556.0168	140.1698	1.491229	1.166106
51198	-409.4548	-549.3996	139.9448	1.70214	1.178371
51204	-403.5212	-543.6545	140.1333	1.912457	0.759079
51210	-402.0508	-542.0183	139.9674	2.178884	0.4945499
51216	-409.8885	-549.6822	139.7937	2.279822	0.3325989
51222	-409.124	-548.9402	139.8162	2.257362	0.3325989
51228	-412.4768	-551.7341	139.2573	2.608139	0.2123792
51234	-414.01	-553.9022	139.8922	2.194792	0.3468397
51240	-413.0941	-553.222	140.1279	2.015838	0.4643554
51246	-413.6947	-553.6781	139.9835	2.161247	0.4715431
51252	-414.4127	-554.4466	140.0339	2.068671	0.3662486
51258	-412.6623	-552.8381	140.1758	1.969886	0.4811306
51264	-405.4855	-545.6768	140.1913	1.924776	0.6334673
51270	-407.9898	-548.1474	140.1576	1.939703	0.6734085
51276	-412.1937	-552.2727	140.079	1.674565	1.082701
51282	-411.7808	-552.181	140.4002	1.676191	0.7111338
51288	-407.9443	-548.0439	140.0997	1.617315	1.116285
51294	-418.487	-558.6796	140.1926	1.529395	1.111741
51300	-426.9525	-566.6688	139.7164	1.136976	1.781964
51306	-416.6861	-556.6117	139.9256	1.106821	1.655658
51312	-410.5856	-550.2834	139.6978	1.334581	1.655658
51318	-421.0867	-560.6891	139.6024	1.360186	1.705391
51324	-414.7441	-554.5694	139.8253	2.298945	0.4019138
51330	-407.1797	-546.9383	139.7587	2.365524	0.4019138
51336	-406.8166	-546.5006	139.684	2.394613	0.3377902
51342	-409.6736	-549.6279	139.9542	2.192182	0.4988644
51348	-420.8583	-560.8005	139.9421	2.192182	0.5817461
51354	-413.0704	-553.1129	140.0425	2.092966	0.5774915
51360	-412.976	-552.9395	139.9635	2.181519	0.5261883
51366	-414.4913	-554.4873	139.996	2.122416	0.6277703
51372	-405.4643	-545.674	140.2097	1.856472	0.7278255
51378	-412.3836	-552.5248	140.1413	1.997552	0.5641149
51384	-409.5439	-549.3184	139.7745	2.3576	0.4202524
51390	-415.8605	-556.0542	140.1937	1.734824	0.9063696
51396	-421.843	-561.8286	139.9856	1.795962	1.056442
51402	-408.1987	-548.311	140.1123	1.880816	0.8301799
51408	-417.7852	-558.0173	140.2321	1.712762	0.8879152
51414	-414.8029	-554.9745	140.1716	1.799897	0.8566728
51420	-407.0886	-547.3277	140.2391	1.73704	0.851099
51426	-417.2011	-557.4905	140.2894	1.78772	0.7099496
51432	-411.249	-551.1025	139.8535	1.908002	1.075379
51438	-424.8173	-564.9105	140.0932	1.988907	0.7012512
51444	-422.6678	-562.6414	139.9736	2.144776	0.627953
51450	-422.7323	-562.7116	139.9793	1.969209	0.8836738
51456	-408.8946	-548.7285	139.8338	2.283628	0.3891734
51462	-404.5553	-544.4147	139.8594	2.283628	0.5418842
51468	-413.227	-553.2587	140.0317	1.86987	0.9358147
51474	-418.4763	-558.4954	140.0192	1.999401	0.7971011
51480	-411.2992	-551.332	140.0328	1.820064	0.9866335
51486	-414.6904	-554.7994	140.109	1.651774	1.075975
51492	-418.8404	-559.0819	140.2415	1.702444	0.8889466
51498	-408.8596	-549.1007	140.2411	1.834827	0.7118698
51504	-423.982	-563.9038	139.9218	2.073772	0.8270822
51510	-413.3777	-553.658	140.2803	1.688597	0.8597314
51516	-418.112	-558.2591	140.1471	1.808439	0.875512
51522	-418.5666	-558.6188	140.0522	1.92104	0.8546239
51528	-417.0796	-557.4819	140.4023	1.552389	0.8765021
51534	-417.2032	-556.6173	139.4142	1.627479	1.649048
51540	-418.8801	-559.3041	140.4241	1.534753	0.8717257
51546	-418.0689	-558.4799	140.411	1.616948	0.784394
51552	-421.1747	-561.606	140.4313	1.649273	0.7039516
51558	-413.5658	-553.853	140.2872	1.639132	0.9087526
51564	-406.9695	-547.4028	140.4333	1.48925	0.9129635
51570	-406.0683	-546.1538	140.0855	1.41619	1.300188
51576	-422.1509	-562.1865	140.0356	1.513222	1.261507
51582	-418.851	-558.8673	140.0164	1.532478	1.261507
51588	-404.6168	-544.3541	139.7373	1.429038	1.558432
51594	-409.8549	-550.1167	140.2618	1.66569	0.9074936
51600	-417.0777	-557.4039	140.3262	1.82011	0.4947288
51606	-416.6389	-556.6508	140.0119	1.644845	1.169803
51612	-407.9222	-547.9398	140.0176	1.763173	1.057195
51618	-410.9379	-550.7693	139.8314	1.508172	1.428212
51624	-401.1613	-541.2232	140.0619	1.638818	1.130915
51630	-411.7312	-551.8921	140.1609	1.364295	1.280973
51636	-405.2127	-545.2972	140.0846	1.364295	1.342673
51642	-408.0786	-548.0849	140.0063	1.520827	1.279421
51648	-402.4557	-542.4483	139.9926	1.462774	1.33746
51654	-405.0822	-544.803	139.7208	1.538226	1.489447
51660	-410.5222	-550.5703	140.0481	1.293883	1.426365
51666	-418.2159	-557.8107	139.5948	1.284721	1.76374
51672	-418.4695	-557.4413	138.9719	1.108311	2.295068
51678	-413.6172	-552.8277	139.2104	1.094298	2.150177
51684	-412.7331	-552.0858	139.3527	1.551275	1.746612
51690	-410.0366	-549.9416	139.905	1.429445	1.43215
51696	-415.7467	-555.9148	140.168	1.739094	0.9298261
51702	-419.4294	-559.3132	139.8838	1.665534	1.261098
51708	-408.641	-547.9219	139.281	1.363085	1.925288
51714	-411.3933	-549.2761	137.8827	1.301433	2.851624
51720	-410.7876	-550.4329	139.6453	1.719951	1.40837
51726	-411.7797	-551.1072	139.3275	1.200234	2.003287
51732	-413.028	-552.5573	139.5293	1.256648	1.828546
51738	-415.3521	-554.7687	139.4166	1.301797	1.874806
51744	-412.6013	-552.3886	139.7873	1.505569	1.463892
51750	-410.7376	-550.7142	139.9766	1.281823	1.489957
51756	-411.4263	-550.8859	139.4596	1.136026	1.957903
51762	-424.1446	-561.2278	137.0832	1.005152	3.502326
51768	-418.806	-555.9503	137.1443	0.9439929	3.502326
51774	-418.3533	-558.3674	140.0141	2.127082	0.4507607
51780	-405.3997	-545.3565	139.9567	2.185092	0.4537754
51786	-411.0976	-551.0032	139.9056	2.225588	0.4177428
51792	-419.4103	-559.162	139.7517	2.338523	0.3505681
51798	-409.4868	-549.5216	140.0347	2.10691	0.4528823
51804	-412.2635	-552.2321	139.9686	2.176061	0.4708731
51810	-408.904	-548.9707	140.0667	2.059214	0.6080379
51816	-411.6609	-551.7182	140.0573	2.089059	0.5049668
51822	-408.8575	-549.0183	140.1608	1.985521	0.5066679
51828	-406.6253	-546.2871	139.6618	2.425448	0.347199
51834	-400.5884	-540.5996	140.0112	2.133103	0.4687267
51840	-408.2309	-548.2006	139.9697	2.11353	0.3426888
51846	-403.4982	-543.4596	139.9614	2.178921	0.4470465
51852	-403.2545	-543.343	140.0885	2.045452	0.5830244
51858	-407.128	-547.0435	139.9155	2.210556	0.6077635
51864	-408.8119	-549.0616	140.2497	1.779882	0.782131
51870	-408.1009	-548.4281	140.3272	1.723171	0.7521556
51876	-406.5491	-546.8395	140.2904	1.720648	0.8070611
51882	-408.237	-548.3051	140.0681	1.867907	0.8979444
51888	-403.6949	-543.915	140.2201	1.886008	0.6555652
51894	-409.797	-549.7669	139.97	1.726284	1.134931
51900	-399.675	-539.8844	140.2094	1.30583	1.289151
51906	-396.8065	-536.9628	140.1563	1.601328	1.078972
51912	-395.1033	-534.4248	139.3215	1.203163	2.005324
51918	-401.4083	-540.8324	139.4241	1.250426	1.904643
51924	-398.9957	-539.071	140.0753	1.356856	1.35592
51930	-402.656	-542.6422	139.9862	1.634063	1.201358
51936	-408.721	-548.9773	140.2564	1.575084	1.008071
51942	-413.2026	-553.3411	140.1386	1.963102	0.6647615
51948	-410.7069	-550.9927	140.2858	1.815896	0.6647615
51954	-406.7544	-546.8928	140.1385	1.931454	0.7218012
51960	-418.2603	-557.8799	139.6196	2.356395	0.2619142
51966	-409.8813	-549.6159	139.7346	2.356395	0.3514529
51972	-415.1255	-554.9839	139.8583	2.234905	0.3542094
51978	-408.609	-548.3959	139.7869	2.320217	0.3726253
51984	-417.808	-557.461	139.653	2.454137	0.3726253
51990	-418.4953	-558.3548	139.8595	2.247601	0.3726253
51996	-418.054	-557.419	139.3651	2.568346	0.2404568
52002	-409.2009	-548.2657	139.0648	2.81779	0.2188833
52008	-418.887	-558.2921	139.4051	2.512985	0.2335458
52014	-411.6546	-551.4204	139.7657	2.346953	0.3811753
52020	-415.6172	-555.7261	140.1089	1.993633	0.6631069
52026	-407.3676	-547.4827	140.115	1.943176	0.7403533
52032	-404.0866	-544.1072	140.0206	2.048193	0.7237038
52038	-416.1483	-556.2309	140.0826	2.048193	0.5936714
52044	-407.9436	-548.004	140.0605	2.073904	0.5816312
52050	-403.3773	-543.2721	139.8948	2.214008	0.6498967
52056	-416.4822	-556.7208	140.2386	1.569985	1.030463
52062	-417.3633	-557.5605	140.1972	1.680393	0.9611799
52068	-410.2377	-550.2572	140.0195	1.652167	1.156725
52074	-410.6218	-550.5178	139.8959	1.887798	1.054401
52080	-415.0217	-555.2069	140.1852	1.866904	0.749696
52086	-414.6095	-554.8424	140.233	1.871689	0.6586712
52092	-413.0374	-553.2628	140.2254	1.860717	0.6942012
52098	-412.3063	-552.5362	140.2299	1.868028	0.6722725
52104	-418.1534	-558.2452	140.0918	2.05055	0.4563386
52110	-414.2624	-554.3561	140.0937	2.032591	0.6070615
52116	-413.55	-553.6306	140.0806	2.037695	0.6280704
52122	-413.7389	-553.9112	140.1723	1.85213	0.789147
52128	-411.5292	-551.8004	140.2712	1.79819	0.7226687
52134	-412.1504	-552.2615	140.1111	1.878899	0.8340281
52140	-410.1572	-549.8271	139.6699	1.552476	1.516914
52146	-411.6427	-551.8024	140.1597	1.573944	1.101115
52152	-412.3699	-551.94	139.5701	1.437018	1.673749
52158	-409.4668	-548.683	139.2163	1.366985	1.966176
52164	-410.3358	-550.0793	139.7435	1.512219	1.491976
52170	-404.951	-545.2047	140.2537	1.62849	0.9564144
52176	-406.7068	-546.5431	139.8363	1.631165	1.32778
52182	-409.6793	-549.4452	139.766	1.583085	1.420883
52188	-416.5137	-556.3832	139.8695	1.531883	1.380206
52194	-411.1322	-551.1	139.9678	1.509896	1.319593
52200	-414.6637	-554.4584	139.7947	1.456765	1.49514
52206	-409.9266	-549.9627	140.036	1.594976	1.192166
52212	-405.5168	-545.6397	140.1228	1.787335	0.9265154
52218	-404.9534	-545.2423	140.2889	1.789042	0.7084874
52224	-415.2805	-555.193	139.9125	2.232678	0.4761173
52230	-406.3786	-546.3438	139.9652	2.180011	0.4761173
52236	-407.8042	-547.7614	139.9572	2.182134	0.5616658
52242	-405.0326	-545.0513	140.0187	1.970711	0.8347981
52248	-408.3783	-548.6056	140.2272	1.716669	0.888977
52254	-403.0449	-542.9676	139.9227	1.765151	1.142446
52260	-408.5818	-548.8529	140.2711	1.668527	0.8938285
52266	-424.3981	-564.5124	140.1143	1.392149	1.296282
52272	-413.4625	-553.9104	140.4479	1.413246	0.9781986
52278	-417.4723	-557.3831	139.9108	1.423615	1.432155
52284	-410.2398	-550.491	140.2512	1.474643	1.108275
52290	-420.9887	-561.2362	140.2475	1.70059	0.8841624
52296	-412.3319	-552.2562	139.9243	1.534713	1.33457
52302	-414.1169	-553.0395	138.9225	1.36359	2.162286
52308	-407.0812	-546.3606	139.2794	1.277669	1.983754
52314	-410.7214	-550.1832	139.4618	1.399069	1.776705
52320	-405.7326	-545.8271	140.0945	1.688097	1.055442
52326	-408.9916	-548.99	139.9984	1.997352	0.8267908
52332	-409.4232	-549.3228	139.8996	2.232588	0.4203439
52338	-399.3217	-539.3412	140.0195	2.104629	0.4017369
52344	-401.2845	-541.3624	140.0779	2.059636	0.4362863
52350	-402.0961	-541.9617	139.8656	2.257377	0.3994821
52356	-401.8785	-542.05	140.1715	1.921874	0.6808645
52362	-398.2614	-538.3992	140.1378	1.981165	0.6265296
52368	-397.0608	-537.2923	140.2315	1.887413	0.6265296
52374	-404.3369	-544.5009	140.164	1.954872	0.6265296
52380	-401.3912	-541.5393	140.1481	1.704096	0.9872709
52386	-402.4469	-542.5601	140.1132	1.778783	0.9460521
52392	-404.6793	-544.8564	140.1771	1.88399	0.7358122
52398	-395.5358	-535.7833	140.2475	1.602263	0.9896804
52404	-408.1298	-548.1207	139.9909	1.828378	1.020099
52410	-414.0921	-553.6023	139.5102	1.309098	1.805542
52416	-415.3707	-555.6258	140.2551	1.425825	1.148548
52422	-407.2388	-547.3245	140.0856	1.43239	1.28686
52428	-424.4859	-564.2966	139.8107	1.457672	1.482458
52434	-421.9629	-561.9482	139.9854	1.375462	1.411782
52440	-418.285	-558.1739	139.8889	1.54836	1.351898
52446	-413.4323	-552.8638	139.4315	1.516165	1.715941
52452	-403.64	-543.8349	140.1949	1.606853	1.037107
52458	-410.4573	-550.9378	140.4805	1.403577	0.9543545
52464	-402.5623	-542.8405	140.2782	1.627818	0.9309902
52470	-406.3923	-546.6451	140.2528	1.730623	0.8422316
52476	-406.9169	-547.1508	140.234	1.911177	0.52537
52482	-401.4926	-541.7336	140.241	1.880437	0.6200752
52488	-399.1783	-539.4194	140.241	1.880437	0.6200752
52494	-404.5059	-544.4989	139.993	1.826861	1.019529
52500	-398.9166	-539.0599	140.1433	1.395879	1.269507
52506	-403.4046	-543.3879	139.9833	1.652291	1.188164
52512	-410.7512	-550.5604	139.8092	1.547695	1.4148
52518	-411.8961	-551.8922	139.9961	1.621367	1.20374
52524	-415.2455	-555.3025	140.057	1.646658	1.128296
52530	-412.2188	-552.332	140.1132	1.870178	0.8422758
52536	-404.7936	-544.9911	140.1975	1.941189	0.5648487
52542	-414.0321	-554.0876	140.0555	2.075375	0.4170834
52548	-413.5515	-553.7269	140.1754	1.729802	0.9319239
52554	-419.7009	-559.8762	140.1754	1.729802	0.9319239
52560	-421.1687	-561.3352	140.1665	1.91847	0.6963733
52566	-421.9967	-561.9115	139.9149	1.675927	1.226422
52572	-424.3987	-564.6412	140.2425	1.799748	0.7641308
52578	-420.0281	-560.0999	140.0717	1.839819	0.9250144
52584	-425.7811	-565.9518	140.1708	1.696367	0.9719881
52590	-418.4622	-558.484	140.0218	1.727589	1.086637
52596	-426.5168	-566.3171	139.8002	1.645295	1.345326
52602	-430.4778	-569.9124	139.4346	1.450991	1.759487
52608	-423.7394	-563.2659	139.5264	1.45342	1.693136
52614	-425.8712	-565.5358	139.6645	1.729164	1.386215
52620	-414.6039	-554.5393	139.9354	1.61351	1.261443
52626	-419.4893	-559.5199	140.0306	1.465626	1.304605
52632	-424.1341	-563.9027	139.7686	1.196882	1.703285
52638	-424.4944	-563.1332	138.6388	1.223821	2.433019
52644	-416.7013	-556.3873	139.686	1.387862	1.625878
52650	-417.6018	-556.7629	139.1611	1.173092	2.13099
52656	-415.7533	-555.5291	139.7758	1.438377	1.523017
52662	-412.7351	-552.1733	139.4382	1.278624	1.87587
52668	-414.1972	-554.1419	139.9447	1.591461	1.271947
52674	-406.2694	-546.3272	140.0578	1.63389	1.139005
52680	-416.5392	-556.6624	140.1232	1.768016	0.9468295
52686	-417.556	-557.7602	140.2043	1.887555	0.6838299
52692	-419.4291	-559.5974	140.1683	1.760287	0.9062694
52698	-416.2638	-556.7089	140.4451	1.560138	0.8146499
52704	-412.5805	-552.808	140.2275	1.804211	0.779099
52710	-415.2067	-555.3898	140.1831	1.916441	0.6690818
52716	-410.0297	-549.9764	139.9467	2.187683	0.4263771
52722	-410.4526	-550.2837	139.831	2.265092	0.3577573
52728	-413.751	-553.6299	139.8789	2.265092	0.5352707
52734	-434.4931	-574.4258	139.9327	2.138799	0.7191911
52740	-429.6871	-569.0164	139.3293	1.365295	1.891037
52746	-427.09	-566.3698	139.2798	1.566629	1.786757
52752	-416.2552	-556.3234	140.0682	2.07605	0.5332179
52758	-416.1465	-556.2151	140.0686	2.069549	0.4385395
52764	-412.4616	-552.4052	139.9436	2.202011	0.4801532
52770	-415.7697	-555.471	139.7013	2.363441	0.3242248
52776	-417.4954	-557.2795	139.7841	2.280656	0.3242248
52782	-414.1536	-554.0433	139.8897	2.242922	0.4216721
52788	-425.9096	-565.636	139.7265	2.407945	0.4265135
52794	-414.781	-554.7532	139.9722	2.153558	0.6085193
52800	-418.404	-558.5672	140.1632	1.900909	0.7311059
52806	-426.3464	-566.3441	139.9977	1.900909	0.9389935
52812	-408.96	-548.3802	139.4202	2.571505	0.2709119
52818	-404.748	-543.6023	138.8543	2.817733	0.1565514
52824	-406.7588	-545.5599	138.8011	2.862566	0.1546457
52830	-410.2199	-548.6892	138.4693	3.050537	0.1266291
52836	-405.2398	-543.6197	138.3799	3.050537	0.1126044
52842	-402.2454	-540.7154	138.47	3.050537	0.1267565
52848	-409.568	-548.093	138.5249	3.031288	0.1330167
52854	-410.7485	-549.5113	138.7629	2.87626	0.1492986
52860	-410.402	-549.0928	138.6908	2.939356	0.1474012
52866	-404.4614	-543.6866	139.2252	2.607665	0.2009331
52872	-410.3367	-549.8219	139.4852	2.476191	0.2541392
52878	-407.1743	-546.7768	139.6025	2.358932	0.2541392
52884	-407.4164	-546.8642	139.4478	2.513566	0.2541392
52890	-402.9922	-542.0598	139.0676	2.79585	0.2116688
52896	-407.2215	-546.3486	139.1271	2.688336	0.1952223
52902	-414.09	-553.3491	139.2591	2.536741	0.1890886
52908	-408.0965	-547.4033	139.3068	2.539068	0.2053729
52914	-416.6209	-555.3207	138.6997	2.894239	0.1401073
52920	-420.429	-558.9413	138.5123	3.090484	0.1418347
52926	-416.4932	-554.4125	137.9193	3.19825	0.07663026
52932	-412.6294	-550.8155	138.1861	3.141456	0.09883444
52938	-416.4472	-554.7083	138.2611	3.066432	0.09883444
52944	-409.2354	-548.1874	138.9521	2.784508	0.1723373
52950	-418.9366	-559.0628	140.1262	1.991624	0.6291887
52956	-416.1977	-556.4107	140.213	1.768196	0.8448994
52962	-413.9289	-554.0912	140.1623	1.515573	1.151284
52968	-412.9755	-553.0195	140.044	1.633848	1.151284
52974	-412.6598	-552.6751	140.0153	1.662558	1.151284
52980	-406.4898	-546.5189	140.0291	1.540926	1.243831
52986	-408.1673	-548.053	139.8857	1.351957	1.505498
52992	-407.3788	-547.2176	139.8388	1.557002	1.384572
52998	-412.9172	-552.9625	140.0453	2.0883	0.4242852
53004	-412.5369	-552.5565	140.0197	2.11671	0.4325802
53010	-409.06	-549.0049	139.9448	2.19052	0.4293129
53016	-409.2636	-549.1073	139.8437	2.238318	0.3414166
53022	-403.5335	-542.9417	139.4082	2.529834	0.2426111
53028	-403.3505	-542.6895	139.339	2.467379	0.1923441
53034	-416.723	-556.0962	139.3732	2.535965	0.2296949
53040	-425.7175	-565.8923	140.1749	1.668951	0.995721
53046	-422.0254	-562.0205	139.9951	1.544607	1.269014
53052	-411.5888	-551.5075	139.9187	1.453314	1.403116
53058	-411.309	-551.6303	140.3213	1.302148	1.198615
53064	-422.2621	-561.2408	138.9787	1.597681	1.970825
53070	-418.9121	-558.3219	139.4098	1.552541	1.70555
53076	-412.1608	-552.4498	140.289	1.570786	0.9795869
53082	-415.1405	-555.3294	140.1889	1.882328	0.7197375
53088	-413.9467	-554.1471	140.2004	1.759006	0.8710751
53094	-423.2565	-563.0632	139.8067	1.50036	1.453079
53100	-420.3189	-560.5036	140.1847	1.828228	0.8045809
53106	-419.0573	-559.2195	140.1622	1.907927	0.7214489
53112	-425.3417	-565.5027	140.161	1.964753	0.6087043
53118	-417.1302	-556.9995	139.8693	2.25641	0.6087043
53124	-411.643	-551.7025	140.0596	2.082002	0.5507027
53130	-406.8599	-547.2176	140.3577	1.751573	0.6489185
53136	-404.8791	-545.1485	140.2694	1.853245	0.6170253
53142	-409.6335	-549.7046	140.0711	2.075285	0.4971565
53148	-416.9718	-556.7252	139.7534	2.321104	0.3335903
53154	-411.4704	-551.3633	139.8929	2.238538	0.4184683
53160	-407.2129	-547.154	139.9411	2.196405	0.4362098
53166	-412.9931	-553.1044	140.1114	2.011685	0.3996157
53172	-408.8056	-548.8128	140.0072	2.130972	0.4386438
53178	-401.672	-541.7869	140.1149	1.976394	0.6849096
53184	-414.5403	-554.8247	140.2845	1.691673	0.8510691
53190	-409.1168	-549.4199	140.3031	1.481517	1.053581
53196	-408.7546	-549.162	140.4075	1.670359	0.7086923
