Iteration	Posterior	Likelihood	Prior	rate_log_sd	tree_length
0	-410.5372	-550.5061	139.9689	1.710532	1.149857
6	-410.9948	-551.2625	140.2677	1.667968	0.8983348
12	-406.8121	-547.1057	140.2937	1.488607	1.055777
18	-407.5873	-547.2867	139.6994	1.579113	1.474774
24	-410.4153	-549.9006	139.4853	1.367485	1.78235
30	-410.9351	-550.8694	139.9343	1.46098	1.384938
36	-409.9905	-550.1442	140.1537	1.547494	1.130513
42	-408.7124	-548.8804	140.168	1.57847	1.089318
48	-413.064	-552.8645	139.8005	1.548179	1.421171
54	-409.773	-549.9849	140.212	1.574236	1.052035
60	-403.0507	-543.0573	140.0066	1.615997	1.19935
66	-397.3681	-537.7104	140.3423	1.681791	0.789608
72	-418.2977	-558.3702	140.0726	1.916382	0.8353491
78	-417.9857	-558.1795	140.1939	1.916382	0.6467559
84	-420.4207	-560.5847	140.1641	1.971935	0.5756318
90	-409.4378	-549.4622	140.0244	2.102915	0.6039992
96	-409.9093	-550.0665	140.1572	1.97015	0.6039992
102	-423.7203	-563.9778	140.2575	1.80903	0.7272872
108	-414.8549	-554.5813	139.7264	2.40292	0.5980284
114	-405.4316	-545.5039	140.0723	2.068279	0.5557088
120	-407.8051	-547.7263	139.9213	1.769538	1.139804
126	-410.8803	-551.0818	140.2015	1.645287	0.9926795
132	-411.8089	-551.6926	139.8837	1.746261	1.193041
138	-404.2978	-544.3409	140.0431	1.767471	1.028562
144	-398.1563	-538.1999	140.0436	1.651493	1.135952
150	-407.9453	-548.1309	140.1856	1.772426	0.8726767
156	-411.8897	-552.0194	140.1297	1.828247	0.8726767
162	-415.4955	-555.3854	139.8899	1.973893	0.9754563
168	-423.3473	-563.5973	140.25	1.632078	0.9564681
174	-424.416	-564.6503	140.2343	1.796664	0.7802007
180	-409.1454	-549.1441	139.9987	1.511028	1.293667
186	-408.7112	-548.518	139.8068	1.864011	1.157483
192	-403.0626	-543.347	140.2844	1.729602	0.8032266
198	-401.0248	-541.3897	140.3648	1.710289	0.7132275
204	-407.6982	-548.0079	140.3097	1.533428	0.9964522
210	-407.4722	-547.4321	139.9599	1.332675	1.464117
216	-418.4795	-558.5219	140.0424	1.471139	1.290535
222	-418.6237	-558.8502	140.2266	1.800744	0.785199
228	-419.3343	-559.4712	140.137	1.94218	0.7064513
234	-412.5905	-552.7682	140.1777	1.954252	0.589915
240	-416.0762	-556.2575	140.1813	1.386786	1.245494
246	-414.8409	-554.9582	140.1174	1.386786	1.298156
252	-420.7235	-560.9335	140.21	1.381083	1.226166
258	-414.6634	-554.6421	139.9787	1.269713	1.49747
264	-428.3808	-567.0099	138.6291	1.111537	2.509521
270	-417.6767	-557.1425	139.4658	1.193903	1.914715
276	-417.5749	-556.2265	138.6515	0.965205	2.586561
282	-415.5262	-554.3894	138.8631	1.047417	2.402813
288	-415.1492	-553.5722	138.4231	1.487494	2.402813
294	-395.5915	-535.7154	140.1238	1.902459	0.7866157
300	-406.0089	-545.9016	139.8927	2.245192	0.5678626
306	-398.7992	-538.9906	140.1914	1.943323	0.5803513
312	-409.8658	-550.0136	140.1478	1.943323	0.6851376
318	-411.4117	-551.8066	140.3949	1.617392	0.8053981
324	-420.2095	-560.3581	140.1486	1.981977	0.5941923
330	-414.4695	-554.5266	140.0571	1.792244	0.9901138
336	-418.5603	-558.57	140.0096	1.734101	1.091839
342	-417.0283	-557.2251	140.1968	1.698249	0.9427827
348	-413.7943	-553.6995	139.9052	1.69361	1.219641
354	-416.8662	-556.9784	140.1121	1.605487	1.11569
360	-419.8088	-559.949	140.1402	1.968519	0.6501016
366	-411.5025	-551.4384	139.9358	2.035204	0.8572355
372	-412.7995	-552.8971	140.0976	2.035204	0.5871021
378	-409.0405	-549.1285	140.088	2.058016	0.5139213
384	-415.3442	-555.3476	140.0034	2.136026	0.5613374
390	-418.1893	-557.7987	139.6094	1.252381	1.77608
396	-416.3009	-556.3634	140.0625	1.531161	1.224007
402	-408.832	-548.9304	140.0985	2.026575	0.6105556
408	-402.6294	-542.7337	140.1043	1.810317	0.9216419
414	-402.6007	-542.6944	140.0937	1.781132	0.9640778
420	-405.4606	-545.6726	140.2121	1.733511	0.8870662
426	-414.9905	-555.0172	140.0267	1.876858	0.9336279
432	-423.955	-564.1915	140.2365	1.775531	0.8057937
438	-422.3731	-562.4488	140.0758	1.63853	1.118717
444	-424.0812	-564.0019	139.9207	1.479717	1.380961
450	-415.447	-555.0495	139.6026	1.283532	1.759133
456	-419.4577	-558.1978	138.7402	1.16857	2.403971
462	-417.7639	-557.9261	140.1622	1.502984	1.162424
468	-426.8555	-566.3109	139.4554	1.428674	1.760526
474	-423.8946	-562.9726	139.078	1.021083	2.28295
480	-419.055	-559.0069	139.9518	1.901566	0.9860437
486	-421.5769	-561.7027	140.1258	1.672917	1.040034
492	-423.3161	-563.4317	140.1156	1.722845	1.001096
498	-415.0836	-555.018	139.9344	1.592286	1.279751
504	-404.9354	-544.7321	139.7967	1.498383	1.462194
510	-411.5405	-551.4634	139.9229	1.416666	1.428221
516	-415.3835	-554.8867	139.5032	1.461957	1.703531
522	-409.5744	-549.6337	140.0594	1.660247	1.113904
528	-406.3171	-546.2971	139.9801	1.946385	0.9086566
534	-406.3795	-546.4071	140.0276	1.731823	1.077301
540	-405.0915	-545.1943	140.1028	1.600111	1.128925
546	-417.999	-557.741	139.7421	1.764492	1.296208
552	-420.2095	-560.0018	139.7924	1.182733	1.696485
558	-418.7716	-558.5943	139.8228	1.361418	1.545291
564	-415.5295	-554.9757	139.4461	1.359451	1.815044
570	-408.9036	-549.1298	140.2262	1.397623	1.198277
576	-410.1155	-550.3761	140.2606	1.769547	0.7813318
582	-410.8116	-550.9364	140.1248	1.905347	0.7813318
588	-406.6012	-546.7643	140.1631	1.983227	0.5064124
594	-407.3621	-547.3935	140.0314	2.100232	0.5907502
600	-416.4963	-555.5326	139.0362	1.031864	2.302797
606	-410.042	-549.4766	139.4346	1.278471	1.878434
612	-408.3962	-548.5752	140.179	1.742202	0.9144214
618	-423.1378	-563.1442	140.0064	2.031587	0.7703108
624	-428.3452	-568.4225	140.0773	1.896786	0.8535477
630	-421.0783	-561.0361	139.9578	1.786131	1.091664
636	-409.313	-549.3151	140.0021	1.62968	1.19145
642	-404.4779	-544.8034	140.3255	1.698279	0.7899981
648	-405.5903	-546.0111	140.4208	1.635471	0.7433229
654	-404.5021	-544.7338	140.2316	1.860233	0.6837639
660	-394.8042	-535.0546	140.2504	1.841436	0.6837639
666	-388.5286	-528.7461	140.2175	1.893617	0.6447244
672	-396.2514	-536.587	140.3356	1.718028	0.7473868
678	-408.5945	-548.8367	140.2422	1.79371	0.7731781
684	-401.4706	-541.8072	140.3366	1.725408	0.7344672
690	-404.8776	-545.1824	140.3048	1.701341	0.8134605
696	-405.1293	-545.3006	140.1713	1.584966	1.08022
702	-407.0384	-546.8158	139.7774	1.569676	1.422388
708	-407.9732	-547.4058	139.4326	1.382478	1.808491
714	-405.9612	-546.0753	140.1141	1.521206	1.188447
720	-402.5877	-542.9553	140.3676	1.654825	0.7918592
726	-413.0449	-553.4287	140.3839	1.606515	0.8335452
732	-411.0608	-551.3388	140.278	1.814062	0.6834767
738	-416.8393	-556.8544	140.0151	2.130715	0.5178329
744	-427.4092	-567.4227	140.0135	2.100889	0.6372766
750	-422.4593	-562.3732	139.9139	2.217363	0.4179742
756	-421.9354	-561.7382	139.8028	2.328449	0.4179742
762	-415.3798	-555.0615	139.6818	1.511664	1.538448
768	-406.4425	-546.2593	139.8167	1.704827	1.283971
774	-410.6247	-551.0808	140.4562	1.552765	0.8098667
780	-403.555	-543.6684	140.1134	1.543154	1.169995
786	-409.7207	-549.5888	139.8681	1.65285	1.284478
792	-413.0882	-552.9818	139.8936	2.224034	0.3895163
798	-416.9004	-556.698	139.7976	2.29554	0.3540793
804	-413.7552	-553.2143	139.4591	1.213188	1.906207
810	-417.3336	-557.1218	139.7881	1.402544	1.540474
816	-416.3831	-555.305	138.9219	1.397738	2.140468
822	-404.4145	-544.6666	140.2521	1.865524	0.6298179
828	-412.6911	-552.83	140.1389	2.006101	0.5271846
834	-416.4053	-556.5075	140.1022	2.006101	0.6510001
840	-404.7842	-545.0285	140.2443	1.884697	0.5992691
846	-410.4243	-550.4848	140.0605	2.044488	0.6579692
852	-411.0839	-551.1083	140.0244	1.886415	0.9258818
858	-415.7576	-555.5922	139.8346	1.496417	1.434785
864	-414.9269	-554.7754	139.8485	1.362348	1.525484
870	-410.3407	-550.1438	139.8031	1.573642	1.399426
876	-409.7666	-550.0166	140.25	1.422389	1.156113
882	-408.3398	-548.5914	140.2516	1.637733	0.9488585
888	-409.5822	-549.8667	140.2845	1.652246	0.8971065
894	-407.6951	-547.3051	139.61	1.461169	1.627782
900	-401.3773	-540.7718	139.3945	1.327182	1.872584
906	-405.0421	-544.9781	139.936	1.799412	1.099503
912	-404.9992	-544.8983	139.8991	1.836246	1.099503
918	-407.3095	-547.7597	140.4502	1.666272	0.632456
924	-399.1282	-539.2321	140.1038	2.024571	0.6009037
930	-397.2608	-537.4743	140.2135	1.899936	0.639558
936	-401.6973	-541.7924	140.095	2.051058	0.4873114
942	-402.672	-542.6648	139.9928	2.098126	0.6854915
948	-413.4421	-553.5328	140.0907	2.035976	0.6058742
954	-409.8847	-549.9635	140.0788	2.026472	0.6573756
960	-415.4931	-555.6436	140.1505	1.964181	0.6366261
966	-419.0163	-559.1606	140.1443	1.964181	0.6505043
972	-419.3262	-559.2921	139.9659	2.142583	0.6505043
978	-412.1481	-552.1586	140.0105	2.098129	0.6502061
984	-418.274	-558.4461	140.1721	1.848105	0.7948745
990	-410.8177	-550.7007	139.883	2.241365	0.4023007
996	-419.358	-559.0059	139.6479	2.393737	0.3046192
1002	-414.7639	-555.0174	140.2535	1.726202	0.8467918
1008	-415.2205	-555.4268	140.2063	1.816278	0.7916853
1014	-430.5991	-569.2919	138.6928	3.03772	0.1707532
1020	-418.6271	-557.6095	138.9824	2.898171	0.2181081
1026	-410.5996	-549.7133	139.1136	2.71077	0.1981101
1032	-420.1376	-558.8601	138.7225	2.883512	0.1424732
1038	-415.2819	-554.1121	138.8302	2.883512	0.1664793
1044	-408.2279	-547.1165	138.8886	2.881515	0.1815137
1050	-416.128	-555.0891	138.9611	2.754183	0.1668802
1056	-412.3706	-551.2014	138.8308	3.010325	0.2037425
1062	-417.2993	-557.5282	140.2288	1.330504	1.25279
1068	-417.6225	-557.8243	140.2018	1.446856	1.176875
1074	-415.0487	-555.0937	140.0451	1.322125	1.40685
1080	-404.3112	-544.5678	140.2566	1.640907	0.9401967
1086	-402.14	-542.3959	140.2559	1.728263	0.8412567
1092	-405.2772	-545.4616	140.1843	1.702996	0.9509807
1098	-398.6602	-538.7886	140.1284	1.347763	1.320803
1104	-403.8572	-543.5531	139.6958	1.212153	1.743814
1110	-408.8175	-548.2487	139.4312	1.172538	1.952436
1116	-409.8568	-549.365	139.5082	1.0955	1.952436
1122	-411.1503	-550.2359	139.0856	1.290149	2.103761
1128	-414.0201	-553.9002	139.8802	1.413488	1.463295
1134	-405.3908	-545.1876	139.7968	1.469118	1.484294
1140	-406.7355	-547.03	140.2945	1.677834	0.8556439
1146	-407.0842	-547.0899	140.0057	1.551766	1.254339
1152	-407.809	-548.0864	140.2773	1.551766	1.010408
1158	-423.1083	-563.3541	140.2458	1.530647	1.061258
1164	-413.333	-553.4144	140.0814	1.547601	1.193884
1170	-418.5789	-558.6584	140.0794	1.287029	1.407432
1176	-415.458	-555.2745	139.8165	1.449832	1.483999
1182	-422.2154	-559.5996	137.3841	1.047203	3.301245
1188	-411.3413	-550.3933	139.052	1.164459	2.207472
1194	-421.7094	-561.0048	139.2954	1.147748	2.059391
1200	-427.254	-567.3625	140.1086	2.037839	0.5006986
1206	-425.471	-565.3374	139.8665	2.269219	0.4303026
1212	-422.4253	-562.0637	139.6385	2.479267	0.3897003
1218	-417.4282	-557.0818	139.6536	2.442314	0.3574664
1224	-416.4931	-556.2977	139.8046	2.338051	0.4577373
1230	-406.5714	-546.503	139.9315	2.20744	0.4415493
1236	-399.1164	-539.1606	140.0442	2.06927	0.382476
1242	-409.8174	-550.2713	140.4539	1.672108	0.6078782
1248	-410.8481	-550.9507	140.1026	1.64565	1.087667
1254	-422.3118	-561.7997	139.4878	1.392084	1.763453
1260	-408.304	-548.5825	140.2786	1.660385	0.8945979
1266	-420.2281	-560.3316	140.1034	1.659913	1.073624
1272	-406.1241	-546.0442	139.9201	1.548832	1.326602
1278	-404.8837	-545.278	140.3943	1.398867	1.045396
1284	-413.7928	-554.0373	140.2445	1.695692	0.8932216
1290	-415.6344	-555.9814	140.347	1.576951	0.9113744
1296	-417.9553	-558.1677	140.2124	1.888563	0.6662171
1302	-413.7446	-553.8205	140.0759	2.068631	0.5308529
1308	-415.5299	-555.8433	140.3134	1.4909	1.034633
1314	-414.057	-553.9849	139.9279	1.420139	1.421655
1320	-423.0268	-562.0557	139.0289	1.399851	2.068925
1326	-415.2723	-553.6839	138.4116	1.166273	2.610652
1332	-408.8685	-549.1231	140.2546	1.487064	1.09373
1338	-410.4811	-550.6977	140.2166	1.843349	0.7376463
1344	-420.3559	-560.5674	140.2115	1.807374	0.796683
1350	-420.8923	-561.1674	140.2751	1.815715	0.6857484
1356	-413.0382	-553.2671	140.2289	1.902913	0.4194352
1362	-406.6914	-546.4134	139.722	2.384872	0.372282
1368	-405.4856	-545.6973	140.2117	1.898672	0.6463892
1374	-411.1459	-551.3066	140.1607	1.981662	0.4566072
1380	-408.3071	-548.6653	140.3582	1.688741	0.7572984
1386	-408.8446	-549.0243	140.1797	1.705065	0.9536865
1392	-410.3538	-550.6413	140.2875	1.805273	0.6820759
1398	-409.686	-549.8429	140.1569	1.457352	1.206523
1404	-420.8644	-561.1224	140.2581	1.623964	0.9565465
1410	-410.3184	-550.3114	139.9929	2.146786	0.4444843
1416	-417.326	-557.3091	139.9831	2.137531	0.3948732
1422	-414.597	-554.6299	140.0329	2.113137	0.4861272
1428	-411.334	-551.4297	140.0957	2.050592	0.5051504
1434	-410.6758	-550.7631	140.0873	2.050592	0.5680264
1440	-409.1638	-549.2831	140.1193	2.026033	0.5231017
1446	-418.4398	-558.4001	139.9604	2.175426	0.4307493
1452	-409.5252	-549.615	140.0898	2.056569	0.4955808
1458	-410.7159	-550.799	140.0831	2.02731	0.6463892
1464	-402.528	-542.5542	140.0262	2.109834	0.4315673
1470	-414.599	-554.719	140.12	1.803382	0.9120983
1476	-410.5973	-550.7767	140.1795	1.948476	0.6023278
1482	-404.0919	-544.2071	140.1152	1.948476	0.7317716
1488	-417.7028	-557.8046	140.1018	1.928717	0.7807935
1494	-409.8538	-550.1082	140.2545	1.747033	0.8194654
1500	-402.6658	-542.7879	140.1221	1.730841	0.9865447
1506	-406.2716	-546.4209	140.1492	1.47897	1.194581
1512	-409.0436	-549.1102	140.0666	1.576062	1.182112
1518	-404.4328	-544.238	139.8052	1.528821	1.432456
1524	-411.8236	-552.1407	140.3171	1.666742	0.8416684
1530	-414.0063	-554.2106	140.2042	1.689453	0.9442512
1536	-418.6563	-558.6331	139.9768	1.57887	1.255827
1542	-416.1443	-556.3853	140.2409	1.591979	1.006593
1548	-421.5418	-561.7457	140.2039	1.509547	1.119439
1554	-425.7885	-565.9239	140.1355	1.974375	0.6476318
1560	-419.2607	-559.4244	140.1637	1.725711	0.9488186
1566	-411.0796	-551.3059	140.2263	1.756963	0.8424069
1572	-419.6829	-560.0491	140.3662	1.582231	0.8838026
1578	-418.3911	-558.3836	139.9924	2.152121	0.4701771
1584	-421.1535	-561.3264	140.1729	1.702395	0.9635558
1590	-413.7213	-553.6202	139.8989	1.347762	1.498765
1596	-418.1613	-557.6524	139.4911	1.412231	1.747082
1602	-423.8071	-563.8234	140.0163	1.288472	1.454844
1608	-412.8386	-551.7182	138.8796	1.25293	2.261508
1614	-409.8841	-549.9933	140.1092	1.282291	1.387935
1620	-411.5552	-551.8576	140.3025	1.627946	0.9042221
1626	-405.9193	-546.0387	140.1194	1.396275	1.288752
1632	-402.8819	-542.8909	140.009	1.442063	1.340935
1638	-407.6792	-547.777	140.0977	1.415217	1.291002
1644	-414.5034	-554.9111	140.4077	1.581444	0.8350659
1650	-414.5254	-554.5707	140.0453	1.807129	0.9870112
1656	-408.3806	-548.4726	140.092	1.699335	1.047117
1662	-415.2459	-554.934	139.6882	1.560437	1.497306
1668	-413.7937	-553.7175	139.9238	1.54712	1.325065
1674	-411.2198	-551.1616	139.9419	1.528913	1.325149
1680	-410.7518	-550.5759	139.8241	1.646679	1.325149
1686	-413.2906	-553.5096	140.219	1.800445	0.7959492
1692	-418.7375	-559.0966	140.3591	1.688902	0.7557354
1698	-415.383	-555.5571	140.1741	1.796041	0.8583049
1704	-416.3808	-556.3973	140.0165	1.779378	1.042742
1710	-411.2024	-550.5555	139.3531	1.322769	1.903747
1716	-419.9869	-559.3472	139.3603	1.259384	1.941714
1722	-415.3927	-554.4539	139.0612	1.1499	2.210921
1728	-416.3561	-556.1076	139.7515	1.417166	1.556726
1734	-416.1923	-555.2531	139.0608	1.184222	2.188976
1740	-423.2216	-560.3508	137.1292	0.9382975	3.514479
1746	-424.6842	-562.5357	137.8514	1.279346	2.88396
1752	-438.9755	-579.0709	140.0954	1.936225	0.7793009
1758	-427.0208	-567.1059	140.0851	2.030507	0.6345892
1764	-421.1533	-561.244	140.0907	2.030507	0.6208188
1770	-421.3896	-561.2803	139.8907	1.701812	1.225008
1776	-418.186	-558.1762	139.9902	1.602236	1.225008
1782	-412.5657	-552.5824	140.0167	1.3999	1.368242
1788	-408.1212	-547.9652	139.844	1.57255	1.368242
1794	-411.6242	-551.0057	139.3815	1.451842	1.79583
1800	-407.3544	-547.5255	140.1711	1.846796	0.7980265
1806	-413.944	-553.9624	140.0184	2.057101	0.7126106
1812	-418.5203	-558.5908	140.0705	2.074626	0.5258908
1818	-423.7718	-563.5312	139.7594	2.386572	0.4850575
1824	-421.4299	-561.2636	139.8338	2.31016	0.536043
1830	-413.1894	-553.2088	140.0195	2.110104	0.5974027
1836	-415.3523	-555.1174	139.7651	2.373971	0.4419672
1842	-415.62	-555.5586	139.9386	2.192574	0.4177755
1848	-416.494	-556.6949	140.2009	1.933093	0.5829523
1854	-409.4197	-549.6778	140.2581	1.850529	0.6503601
1860	-421.603	-561.4106	139.8076	1.780337	1.228806
1866	-412.1079	-552.1377	140.0298	1.659558	1.141105
1872	-419.2043	-559.4241	140.2198	1.754124	0.8536963
1878	-413.6434	-553.9005	140.2571	1.754124	0.8068149
1884	-413.9199	-554.2339	140.314	1.754811	0.7236055
1890	-423.9459	-563.5324	139.5864	2.466459	0.3137701
1896	-421.9412	-561.6528	139.7116	2.424837	0.4326456
1902	-417.4554	-557.6525	140.1971	1.859433	0.7429623
1908	-415.2749	-555.5276	140.2526	1.634638	0.9510319
1914	-408.1561	-548.3348	140.1787	1.708616	0.9510319
1920	-408.4662	-548.7252	140.259	1.872118	0.5926911
1926	-404.6208	-544.795	140.1742	1.971331	0.4792379
1932	-403.4349	-543.1994	139.7645	2.291503	0.3164318
1938	-408.3218	-548.153	139.8313	2.19224	0.7904302
1944	-406.8383	-546.8827	140.0444	1.998381	0.7634256
1950	-410.7551	-550.9594	140.2043	1.838436	0.7634256
1956	-407.74	-547.8701	140.1301	1.992112	0.6180554
1962	-415.6867	-555.6385	139.9517	2.193108	0.528405
1968	-421.6589	-561.7218	140.0629	2.082552	0.478143
1974	-408.1281	-548.376	140.2479	1.87595	0.6138564
1980	-405.2631	-545.2013	139.9382	2.174456	0.3811671
1986	-408.7423	-548.9034	140.1611	1.935603	0.6746012
1992	-423.3372	-563.2997	139.9625	1.938435	0.9365206
1998	-420.7193	-560.8356	140.1162	1.815022	0.9032749
2004	-421.9396	-562.0061	140.0665	1.718063	1.053577
2010	-423.9256	-564.2195	140.2939	1.758723	0.7488401
2016	-417.4266	-557.5453	140.1187	1.981029	0.668647
2022	-410.0273	-550.1695	140.1422	1.981029	0.6154689
2028	-412.642	-552.6549	140.0129	2.131871	0.529053
2034	-411.8832	-551.7494	139.8662	2.278599	0.472384
2040	-409.3738	-548.9459	139.5721	2.538637	0.3780464
2046	-415.2811	-555.1706	139.8895	2.208935	0.3606927
2052	-411.4077	-551.0837	139.676	1.477125	1.568159
2058	-415.3628	-554.8849	139.5221	1.439947	1.705719
2064	-416.3176	-556.2658	139.9481	1.23307	1.547495
2070	-412.1489	-551.3481	139.1992	1.372263	1.9741
2076	-405.9204	-545.5945	139.6741	1.443132	1.594381
2082	-409.468	-549.0379	139.5698	1.558812	1.586079
2088	-426.0707	-565.7301	139.6595	1.533211	1.539006
2094	-416.9363	-557.1634	140.2271	1.3068	1.273833
2100	-417.7222	-557.7462	140.024	1.408317	1.3558
2106	-410.0463	-549.51	139.4637	1.323065	1.827999
2112	-409.1379	-549.0999	139.962	1.405044	1.406974
2118	-415.5016	-554.7135	139.2119	1.248293	2.048162
2124	-411.0363	-551.073	140.0368	1.804355	0.9984288
2130	-416.6509	-556.2956	139.6447	1.565135	1.526267
2136	-414.6375	-553.7301	139.0925	1.311203	2.085372
2142	-411.5464	-551.7435	140.197	1.848508	0.7593415
2148	-410.2657	-550.4197	140.154	1.788644	0.8904252
2154	-413.3899	-553.6622	140.2723	1.655767	0.9068134
2160	-405.3342	-545.1339	139.7997	1.299105	1.607835
2166	-412.9867	-552.7371	139.7504	1.436676	1.543157
2172	-408.1822	-548.4749	140.2927	1.700019	0.8306088
2178	-403.9003	-544.0393	140.139	1.77215	0.9254747
2184	-404.4198	-544.5533	140.1335	1.592937	1.107685
2190	-397.2033	-537.5206	140.3173	1.713426	0.7805136
2196	-405.141	-545.379	140.2381	1.879969	0.6287244
2202	-408.389	-548.495	140.106	1.923919	0.7816329
2208	-415.5997	-555.7772	140.1775	1.857037	0.7751313
2214	-417.3072	-557.3924	140.0852	1.885536	0.8575883
2220	-410.9281	-551.0569	140.1287	1.789059	0.9182137
2226	-399.0302	-539.3574	140.3272	1.758085	0.6957009
2232	-399.0582	-539.1696	140.1115	1.916705	0.7840279
2238	-405.7913	-545.941	140.1497	1.816192	0.8633088
2244	-407.0246	-547.1401	140.1155	1.77929	0.9430754
2250	-408.8495	-548.0508	139.2013	1.436061	1.929796
2256	-414.8627	-554.6135	139.7508	1.544185	1.46226
2262	-409.0932	-549.3151	140.2219	1.726842	0.883407
2268	-409.9563	-550.0232	140.0669	1.788105	0.9843876
2274	-411.2949	-551.5102	140.2153	1.55343	1.068591
2280	-408.1035	-548.2594	140.156	1.898047	0.7467682
2286	-402.9466	-543.2214	140.2748	1.779196	0.7467682
2292	-400.3759	-540.4666	140.0907	2.05541	0.4886003
2298	-410.6447	-550.8258	140.181	1.918282	0.6694934
2304	-419.4583	-559.3959	139.9375	2.099517	0.7716147
2310	-419.4522	-558.3219	138.8697	2.847329	0.1673125
2316	-411.5207	-550.449	138.9284	2.770952	0.1629473
2322	-414.8782	-554.9779	140.0998	2.04641	0.490023
2328	-419.3483	-559.6217	140.2734	1.834377	0.652046
2334	-408.5713	-548.8345	140.2632	1.842737	0.6559265
2340	-404.8587	-544.9278	140.069	2.075132	0.5340473
2346	-413.3251	-553.5046	140.1795	1.953551	0.5860432
2352	-418.0671	-558.0662	139.9991	2.062267	0.735425
2358	-419.7275	-559.831	140.1036	2.037971	0.5507883
2364	-408.5593	-548.742	140.1827	1.823121	0.813871
2370	-400.9983	-541.2343	140.2361	1.730544	0.8625137
2376	-415.6905	-555.5883	139.8978	1.764962	1.164576
2382	-416.1962	-556.1526	139.9563	2.180378	0.4336109
2388	-410.1478	-550.094	139.9462	2.180378	0.4070111
2394	-425.8782	-565.652	139.7739	2.357653	0.4186058
2400	-419.3259	-559.103	139.7771	2.357653	0.427599
2406	-418.7295	-558.7059	139.9764	2.169788	0.489744
2412	-421.4544	-561.53	140.0756	2.070791	0.5030633
2418	-422.0815	-562.195	140.1135	2.032631	0.5122609
2424	-423.8596	-564.0081	140.1485	1.897362	0.758954
2430	-416.4823	-556.7432	140.2608	1.784989	0.758954
2436	-415.2035	-555.0313	139.8278	2.314292	0.4552289
2442	-413.767	-553.3798	139.6128	2.466459	0.3384169
2448	-415.6262	-555.4134	139.7872	2.340375	0.409141
2454	-410.5336	-550.2447	139.711	2.398388	0.3760532
2460	-416.9944	-556.7619	139.7675	2.349595	0.3885989
2466	-407.0811	-546.9543	139.8732	2.272459	0.5192085
2472	-408.9485	-548.8385	139.8901	2.227309	0.6302453
2478	-409.6569	-549.481	139.8241	2.303814	0.4098522
2484	-426.4698	-566.6117	140.142	1.580221	1.111566
2490	-406.4621	-546.3983	139.9361	2.204605	0.4485992
2496	-418.8167	-559.2236	140.4068	1.73506	0.5488578
2502	-410.6473	-550.7168	140.0696	1.8782	0.8845313
2508	-408.1145	-548.2189	140.1043	1.591489	1.135304
2514	-407.0779	-547.332	140.2541	1.60448	0.980787
2520	-410.2809	-550.3961	140.1152	1.597908	1.119752
2526	-408.2807	-548.5235	140.2429	1.804009	0.7574176
2532	-410.5771	-550.5663	139.9893	2.156566	0.5171493
2538	-409.9666	-550.1245	140.158	1.966602	0.6118319
2544	-402.1008	-542.117	140.0163	2.108321	0.6118319
2550	-402.1456	-542.265	140.1194	2.021612	0.5534576
2556	-406.2205	-546.2907	140.0701	1.852296	0.9131051
2562	-406.7041	-546.9915	140.2874	1.581463	0.9701938
2568	-405.5721	-545.7708	140.1987	1.377629	1.238609
2574	-403.2274	-543.3638	140.1364	1.587699	1.109858
2580	-406.0054	-545.8867	139.8813	1.769438	1.175103
2586	-411.9208	-551.873	139.9521	1.44878	1.380573
2592	-412.6632	-552.1738	139.5106	1.673848	1.545117
2598	-407.0266	-546.9677	139.9411	2.045147	0.8387407
2604	-409.9768	-550.0737	140.0969	1.774373	0.967726
2610	-410.7898	-550.38	139.5902	1.551779	1.576312
2616	-414.4478	-553.9395	139.4917	1.410644	1.747739
2622	-418.1441	-558.1008	139.9568	1.437231	1.385953
2628	-419.3676	-559.3916	140.024	1.740549	1.07252
2634	-421.3664	-561.4898	140.1235	1.641056	1.07252
2640	-420.9281	-561.1323	140.2043	1.609103	1.02585
2646	-423.7207	-564.1014	140.3807	1.698792	0.7058837
2652	-407.2433	-547.5388	140.2956	1.561554	0.9822776
2658	-404.1023	-544.2023	140.1	1.724341	1.015046
2664	-411.0722	-551.4125	140.3402	1.772527	0.6411111
2670	-408.4811	-548.6946	140.2136	1.875421	0.6890517
2676	-416.6666	-556.8333	140.1666	1.878076	0.7605569
2682	-420.0761	-560.2537	140.1776	1.862811	0.766831
2688	-416.3851	-556.7143	140.3292	1.743239	0.7176575
2694	-419.2854	-559.3642	140.0788	1.870862	0.8823212
2700	-429.4392	-569.6896	140.2503	1.823583	0.7152433
2706	-421.5605	-561.821	140.2605	1.813403	0.7152433
2712	-426.0353	-566.3564	140.321	1.732863	0.7469242
2718	-423.5078	-563.7976	140.2898	1.78611	0.7119125
2724	-410.5324	-550.5859	140.0535	2.073401	0.4076789
2730	-407.0369	-546.9852	139.9482	2.150229	0.3607354
2736	-407.7971	-547.8809	140.0838	2.057331	0.4505438
2742	-416.5922	-556.4968	139.9046	2.220606	0.4040194
2748	-409.5851	-549.4695	139.8844	2.215926	0.3632421
2754	-407.934	-546.6675	138.7335	2.903642	0.148884
2760	-408.6389	-547.356	138.717	2.903642	0.1454408
2766	-407.6238	-546.4935	138.8697	2.809919	0.1582894
2772	-410.0845	-549.1859	139.1014	2.754619	0.2089683
2778	-410.5255	-549.567	139.0415	2.839475	0.2182518
2784	-409.0152	-547.7729	138.7577	2.938656	0.1622224
2790	-407.6129	-546.7743	139.1613	2.620065	0.1847851
2796	-416.1847	-555.4386	139.2539	2.579551	0.2011148
2802	-415.5603	-554.9726	139.4123	2.579551	0.270982
2808	-404.5302	-543.3934	138.8632	2.822242	0.1596389
2814	-405.6041	-544.816	139.2119	2.631998	0.2046974
2820	-410.7935	-550.1804	139.3868	2.631998	0.2880654
2826	-411.2848	-550.952	139.6673	2.402158	0.3285922
2832	-413.6695	-553.2114	139.5418	2.588023	0.4144876
2838	-409.5712	-549.4789	139.9077	2.20832	0.3866494
2844	-414.4779	-554.515	140.0371	2.02489	0.7344165
2850	-409.7216	-549.8678	140.1462	2.000176	0.502805
2856	-411.6151	-551.8553	140.2402	1.878247	0.6276228
2862	-412.646	-552.4498	139.8039	2.304064	0.3738212
2868	-410.6611	-550.4859	139.8248	2.304064	0.5994878
2874	-411.6616	-551.9047	140.2431	1.734357	0.8494815
2880	-414.5307	-554.8358	140.3051	1.734357	0.7682399
2886	-403.3157	-543.4568	140.1412	1.652473	1.044922
2892	-410.8183	-550.5146	139.6963	2.353427	0.3110883
2898	-408.3487	-548.2726	139.9239	2.194032	0.3900603
2904	-410.025	-549.6754	139.6505	2.414882	0.324747
2910	-410.8542	-550.7939	139.9397	2.195215	0.4281412
2916	-406.9169	-546.9293	140.0123	2.114233	0.4069638
2922	-406.8364	-546.723	139.8865	2.240041	0.4069638
2928	-397.5904	-537.4807	139.8903	2.228918	0.3922665
2934	-410.1393	-550.1884	140.0491	2.074379	0.6147438
2940	-411.0727	-551.2807	140.2079	1.901215	0.6491531
2946	-419.4005	-559.4558	140.0553	1.642535	1.133496
2952	-419.1202	-559.364	140.2438	1.729586	0.8544224
2958	-424.9164	-564.9024	139.986	2.12978	0.6341638
2964	-418.2919	-558.577	140.2851	1.669006	0.8772549
2970	-417.2215	-557.3115	140.0901	1.617913	1.124418
2976	-424.3953	-564.5202	140.1249	1.950242	0.713173
2982	-413.4684	-553.6387	140.1703	1.644995	1.023924
2988	-413.4866	-553.647	140.1605	1.765168	0.9095595
2994	-408.8975	-549.1624	140.2649	1.723864	0.8355497
3000	-407.0034	-547.254	140.2506	1.780423	0.7800691
3006	-403.1949	-543.3152	140.1203	1.945298	0.7287487
3012	-414.695	-554.8891	140.1942	1.871458	0.7287487
3018	-423.0375	-563.1586	140.1211	1.985197	0.655221
3024	-414.3706	-554.4049	140.0343	2.05804	0.6829479
3030	-410.8108	-550.9621	140.1512	1.970672	0.6189614
3036	-410.8034	-550.9003	140.0969	1.987328	0.6976355
3042	-405.1246	-545.3374	140.2128	1.836952	0.7531981
3048	-402.5436	-542.6473	140.1037	1.929928	0.7765012
3054	-399.3226	-539.494	140.1713	1.915928	0.6922052
3060	-407.3821	-547.5202	140.1381	1.915928	0.7466644
3066	-413.8533	-554.2021	140.3488	1.710112	0.7392895
3072	-425.964	-565.6956	139.7315	1.710112	1.348433
3078	-421.0225	-560.9883	139.9657	1.551918	1.287164
3084	-427.1752	-566.9835	139.8083	1.811813	1.201503
3090	-430.4031	-570.672	140.2688	1.622781	0.9464371
3096	-425.8386	-565.5543	139.7157	1.409133	1.588827
3102	-423.5791	-563.6115	140.0324	1.646927	1.149973
3108	-427.0464	-567.2247	140.1783	1.804005	0.843567
3114	-417.3186	-557.5011	140.1825	1.621266	1.035193
3120	-422.5142	-562.4037	139.8895	2.248141	0.4366066
3126	-414.323	-554.2405	139.9175	2.220115	0.4366066
3132	-409.4308	-549.7397	140.3088	1.655375	0.8653534
3138	-423.7339	-564.0005	140.2666	1.697596	0.8653534
3144	-422.2711	-562.3374	140.0663	1.712072	1.059435
3150	-423.8901	-563.576	139.6859	1.458473	1.574613
3156	-431.4983	-570.9334	139.4351	1.401134	1.793806
3162	-415.7368	-555.9417	140.2049	1.494126	1.132424
3168	-416.7789	-556.8744	140.0955	1.620913	1.11679
3174	-422.7162	-562.8558	140.1395	1.702318	0.9976738
3180	-418.8062	-559.0144	140.2082	1.661885	0.9690028
3186	-408.7449	-548.685	139.9401	1.304515	1.500274
3192	-412.3702	-551.4796	139.1094	1.353362	2.046463
3198	-409.7537	-549.3235	139.5699	1.432121	1.677404
3204	-408.8324	-549.0038	140.1714	1.700629	0.9669375
3210	-412.5471	-552.86	140.3129	1.52951	0.997129
3216	-413.016	-553.2278	140.2118	1.634172	0.9935134
3222	-404.4969	-544.672	140.1751	1.927849	0.6622146
3228	-408.437	-548.4962	140.0592	2.074211	0.5850071
3234	-406.8441	-546.8709	140.0268	2.086939	0.6388101
3240	-402.6776	-542.7218	140.0442	2.086939	0.417702
3246	-404.182	-544.424	140.242	1.897071	0.5628
3252	-397.7382	-537.944	140.2058	1.897071	0.6622882
3258	-395.9077	-536.0548	140.1472	1.897071	0.7612294
3264	-398.8352	-538.9202	140.0849	2.037763	0.6169128
3270	-395.6217	-535.8207	140.199	1.9117	0.6456638
3276	-394.6177	-534.9488	140.3311	1.779602	0.6456638
3282	-402.4146	-542.6005	140.1859	1.669721	0.9838111
3288	-403.9999	-544.1647	140.1648	1.365267	1.277014
3294	-397.9791	-538.1426	140.1636	1.516245	1.149556
3300	-398.9421	-539.1073	140.1652	1.756371	0.9140279
3306	-399.7896	-539.9268	140.1371	1.866943	0.8161669
3312	-405.8236	-545.9989	140.1754	1.905376	0.7037091
3318	-403.6561	-543.9595	140.3034	1.780534	0.6980748
3324	-419.5313	-559.6971	140.1658	1.692204	0.9813314
3330	-416.989	-557.2184	140.2295	1.569215	1.040063
3336	-415.1843	-555.3601	140.1759	1.622817	1.040063
3342	-411.6135	-551.8642	140.2507	1.318494	1.244575
3348	-414.5021	-554.7959	140.2939	1.516688	1.028575
3354	-419.0473	-558.8359	139.7886	2.075988	0.9745961
3360	-414.5374	-554.5501	140.0127	1.816599	1.010188
3366	-412.3956	-552.415	140.0194	1.399225	1.366634
3372	-421.7379	-561.947	140.2091	1.618237	1.012106
3378	-414.9363	-555.1629	140.2266	1.858101	0.6968284
3384	-423.7271	-563.3182	139.5911	2.475364	0.3258142
3390	-419.0968	-559.1332	140.0364	1.353042	1.389559
3396	-415.0639	-555.0997	140.0358	1.777178	1.026196
3402	-410.7768	-550.8907	140.1139	1.711358	1.014192
3408	-416.2776	-556.4177	140.1402	1.685075	1.014192
3414	-417.4656	-557.7979	140.3323	1.598796	0.9034502
3420	-411.8532	-551.7843	139.9312	1.675739	1.212768
3426	-414.6867	-554.7928	140.1061	1.557724	1.163624
3432	-423.5349	-563.1103	139.5753	1.446206	1.663439
3438	-424.4208	-564.2335	139.8127	1.699451	1.291643
3444	-426.197	-566.096	139.899	2.160814	0.7379224
3450	-425.5126	-565.6025	140.0899	1.881768	0.8564468
3456	-425.1188	-565.0692	139.9504	1.819828	1.067158
3462	-436.5732	-576.2885	139.7153	2.397376	0.3812157
3468	-425.8097	-565.5358	139.7261	2.388205	0.3837438
3474	-422.3499	-561.5152	139.1653	2.652565	0.1959747
3480	-436.4165	-574.591	138.1745	1.109104	2.791213
3486	-429.9244	-569.2441	139.3197	1.120466	2.061373
3492	-424.8267	-564.6883	139.8616	2.226603	0.3482063
3498	-417.751	-557.3834	139.6324	2.404103	0.300699
3504	-413.0871	-553.2196	140.1325	1.693917	1.013074
3510	-415.9187	-555.8427	139.924	1.565913	1.309743
3516	-412.3913	-552.3741	139.9827	1.523233	1.296707
3522	-404.4615	-544.4595	139.998	1.231261	1.511751
3528	-415.9603	-554.5878	138.6275	1.14941	2.486808
3534	-413.6587	-553.9154	140.2567	1.741202	0.8241056
3540	-408.5871	-548.7678	140.1808	1.717726	0.9391328
3546	-416.1294	-556.1812	140.0518	1.829565	0.957229
3552	-408.0261	-548.067	140.0409	1.614357	1.171159
3558	-409.8578	-550.0015	140.1437	1.566631	1.122299
3564	-416.2385	-556.4789	140.2404	1.699203	0.8938963
3570	-411.8666	-551.8044	139.9378	1.374153	1.44935
3576	-420.7692	-560.835	140.0658	1.34634	1.371754
3582	-412.9549	-552.0976	139.1426	1.139855	2.164649
3588	-416.8075	-555.1189	138.3114	1.31871	2.578276
3594	-423.0787	-563.1359	140.0572	1.506825	1.248879
3600	-409.7599	-549.4987	139.7389	1.430525	1.556198
3606	-405.6998	-545.5037	139.8038	1.511187	1.446997
3612	-409.2246	-549.4061	140.1814	1.910934	0.6828592
3618	-410.5456	-550.5178	139.9722	2.120108	0.6828592
3624	-416.8096	-556.3366	139.527	2.605288	0.4206363
3630	-409.2877	-549.3762	140.0885	2.057004	0.5216615
3636	-403.3333	-543.3766	140.0433	2.091035	0.4263226
3642	-410.1264	-549.3973	139.2709	2.670829	0.2443845
3648	-411.0813	-550.7678	139.6865	2.36744	0.3146159
3654	-408.7139	-548.2681	139.5542	2.467786	0.2902106
3660	-408.7173	-548.3647	139.6474	2.424134	0.3306461
3666	-406.7255	-546.5407	139.8152	2.325515	0.4485177
3672	-421.429	-561.4873	140.0583	2.05884	0.6309434
3678	-414.3682	-554.4915	140.1233	1.869413	0.8306111
3684	-405.4205	-545.3722	139.9517	2.193748	0.5224211
3690	-403.6792	-543.8849	140.2057	1.938376	0.5348995
3696	-399.8092	-539.9616	140.1524	1.794472	0.8855539
3702	-403.7335	-543.9537	140.2201	1.751939	0.8559727
3708	-413.2155	-553.362	140.1466	1.817533	0.8655109
3714	-411.3295	-551.6237	140.2942	1.844766	0.5635774
3720	-403.0593	-543.4161	140.3568	1.635435	0.8312714
3726	-409.7174	-549.8371	140.1197	1.406398	1.280219
3732	-420.1664	-560.0066	139.8402	1.39	1.511119
3738	-424.6577	-563.9777	139.32	1.418747	1.860947
3744	-427.5733	-567.8662	140.2929	1.532932	1.013645
3750	-416.7515	-556.768	140.0165	1.686244	1.129074
3756	-410.8938	-551.1185	140.2247	1.462179	1.143273
3762	-411.2579	-551.3576	140.0997	1.619508	1.114293
3768	-414.8341	-555.0219	140.1878	1.873105	0.7361146
3774	-419.0803	-559.3676	140.2874	1.781379	0.7237512
3780	-410.6641	-551.0465	140.3824	1.702235	0.6969634
3786	-413.8871	-554.1201	140.233	1.637393	0.9686624
3792	-415.0219	-555.262	140.2402	1.669607	0.9269529
3798	-406.6732	-546.5607	139.8875	1.569264	1.336388
3804	-411.2151	-551.4658	140.2507	1.520808	1.065906
3810	-418.9047	-559.0926	140.1879	1.771505	0.8710797
3816	-418.5396	-558.7898	140.2502	1.570036	1.019112
3822	-411.8831	-552.0096	140.1264	1.5766	1.128866
3828	-415.9671	-556.2169	140.2498	1.773358	0.7909421
3834	-410.7637	-550.9909	140.2272	1.506766	1.100813
3840	-412.6639	-552.973	140.3091	1.783077	0.6832134
3846	-410.1328	-550.1757	140.0429	1.657175	1.131506
3852	-413.582	-553.6507	140.0687	1.516339	1.231308
3858	-408.1012	-548.3578	140.2566	1.507072	1.07331
3864	-410.2864	-550.4376	140.1512	1.61242	1.07331
3870	-410.4544	-549.9286	139.4741	1.217342	1.893165
3876	-414.0132	-553.3156	139.3024	1.389022	1.893165
3882	-413.7435	-553.799	140.0555	1.747652	1.035756
3888	-403.6625	-544.087	140.4245	1.643771	0.7244409
3894	-412.1255	-552.3281	140.2026	1.841295	0.761734
3900	-406.9591	-547.0369	140.0778	2.053842	0.5909249
3906	-406.5783	-546.6148	140.0365	1.936266	0.8551042
3912	-409.6368	-549.6986	140.0618	1.756234	1.021266
3918	-407.6496	-547.9198	140.2702	1.73554	0.8140565
3924	-414.313	-554.548	140.235	1.73554	0.8577987
3930	-405.2638	-545.4979	140.2341	1.823866	0.7406946
3936	-406.0496	-546.1044	140.0548	1.793165	0.9915056
3942	-411.9991	-552.3687	140.3696	1.708149	0.7088859
3948	-418.0914	-558.4484	140.357	1.720731	0.7088859
3954	-406.2037	-545.4932	139.2895	2.616596	0.2283889
3960	-404.2275	-543.1797	138.9522	2.758049	0.1656276
3966	-406.683	-546.1091	139.4261	2.583995	0.2822369
3972	-403.6554	-543.0911	139.4357	2.574334	0.2822369
3978	-405.8393	-545.5111	139.6719	2.338188	0.2822369
3984	-409.6987	-549.3639	139.6652	2.417008	0.3415917
3990	-414.3143	-554.0587	139.7444	2.328399	0.3319204
3996	-411.2574	-551.2427	139.9853	2.160554	0.4835768
4002	-419.1526	-558.9083	139.7557	2.384289	0.4453591
4008	-419.3298	-559.4141	140.0844	2.034647	0.6263376
4014	-413.8334	-554.159	140.3257	1.433599	1.077399
4020	-409.5256	-549.6637	140.1381	1.582941	1.11261
4026	-421.4416	-561.448	140.0065	1.712015	1.114934
4032	-420.4026	-560.5127	140.1102	1.658014	1.069093
4038	-417.1805	-557.6438	140.4634	1.587836	0.750993
4044	-414.4672	-554.3926	139.9254	1.84701	1.065123
4050	-417.4633	-556.9656	139.5023	1.259095	1.8454
4056	-409.7253	-549.6052	139.8799	1.461968	1.426395
4062	-409.3395	-549.4059	140.0664	1.748954	1.023923
4068	-417.5532	-557.8649	140.3117	1.528508	0.9993052
4074	-407.1902	-547.0747	139.8845	1.622446	1.295878
4080	-412.0193	-551.7883	139.769	1.306266	1.624832
4086	-422.0769	-561.6269	139.55	1.325202	1.766761
4092	-426.9794	-567.0361	140.0567	1.334358	1.388267
4098	-417.1546	-557.3397	140.1851	1.653688	1.000731
4104	-403.8357	-544.0855	140.2499	1.669249	0.9167521
4110	-410.5931	-550.2439	139.6509	1.808028	1.334671
4116	-400.0948	-540.199	140.1042	1.966636	0.7203631
4122	-401.4018	-541.5691	140.1672	1.908557	0.7121099
4128	-398.9021	-539.0969	140.1948	1.908557	0.6614139
4134	-409.0391	-549.2959	140.2568	1.770205	0.7856415
4140	-416.7841	-556.8781	140.0941	2.050411	0.5315475
4146	-416.7154	-556.9209	140.2055	1.836994	0.763841
4152	-412.2583	-551.5327	139.2743	1.402729	1.90294
4158	-418.2184	-558.389	140.1706	1.640426	1.028088
4164	-417.2929	-557.2773	139.9844	2.069816	0.746418
4170	-424.0263	-563.9426	139.9163	2.096321	0.8049423
4176	-425.4165	-565.359	139.9425	1.813044	1.08087
4182	-416.493	-556.6885	140.1956	1.671799	0.9717668
4188	-433.9034	-574.0793	140.1759	1.560284	1.098765
4194	-427.7827	-567.9943	140.2117	1.771603	0.8423735
4200	-415.1191	-555.0944	139.9753	2.151568	0.4075921
4206	-414.0284	-553.8712	139.8428	2.256316	0.3616255
4212	-403.0908	-543.1663	140.0755	2.070383	0.483466
4218	-407.5979	-547.4906	139.8927	2.245646	0.4392909
4224	-413.8354	-553.7129	139.8775	2.246062	0.4006163
4230	-414.401	-554.3151	139.9141	2.189931	0.6600698
4236	-399.9909	-540.0872	140.0962	1.773619	0.9692005
4242	-400.6033	-540.6764	140.073	1.502715	1.239091
4248	-412.0347	-551.7952	139.7605	1.516742	1.475709
4254	-406.7635	-547.1241	140.3606	1.594151	0.8764437
4260	-401.9584	-541.9526	139.9942	1.443173	1.351802
4266	-405.9157	-546.0735	140.1578	1.46169	1.202058
4272	-412.5108	-552.8192	140.3084	1.504713	1.026077
4278	-412.9942	-552.9207	139.9265	1.301681	1.512588
4284	-415.2807	-554.848	139.5673	1.665113	1.509443
4290	-420.571	-559.8335	139.2625	1.332013	1.958635
4296	-423.4481	-562.9516	139.5035	1.400319	1.746724
4302	-428.9316	-568.9481	140.0164	1.766583	1.055085
4308	-416.1388	-556.3181	140.1793	1.877884	0.7419457
4314	-422.145	-562.2221	140.077	2.069249	0.4929647
4320	-420.9784	-561.1579	140.1794	1.891056	0.7209108
4326	-424.2953	-564.3089	140.0136	2.132567	0.4886422
4332	-416.3581	-556.4418	140.0837	2.056283	0.5589831
4338	-422.7939	-562.8652	140.0713	2.032741	0.6598755
4344	-412.7759	-552.8895	140.1136	2.032741	0.4962501
4350	-414.7331	-554.9192	140.1861	1.908711	0.6782556
4356	-417.471	-557.6669	140.1959	1.898872	0.6782556
4362	-418.8338	-559.0152	140.1814	1.593163	1.063069
4368	-414.7441	-555.0157	140.2716	1.646854	0.9175342
4374	-412.0316	-552.1625	140.1308	1.883063	0.8033477
4380	-417.6463	-557.6996	140.0534	2.092989	0.5049536
4386	-416.9641	-557.0097	140.0456	2.092989	0.4400588
4392	-416.2976	-556.1754	139.8778	2.24275	0.3947964
4398	-413.4843	-553.352	139.8677	2.24275	0.3776109
4404	-406.5659	-546.5157	139.9499	2.160577	0.3776109
4410	-399.5972	-539.3505	139.7532	2.343259	0.3581986
4416	-405.262	-545.3083	140.0463	1.812639	0.9804339
4422	-396.1901	-536.3172	140.1271	1.484563	1.208726
4428	-397.1248	-537.0868	139.9621	1.495359	1.335835
4434	-409.3336	-548.3194	138.9858	1.207445	2.222454
4440	-426.1316	-566.4258	140.2942	1.56157	0.9836488
4446	-416.1065	-556.3414	140.2349	1.495064	1.104431
4452	-418.4435	-558.1551	139.7116	1.353399	1.632272
4458	-411.1187	-550.6048	139.4862	1.357354	1.78878
4464	-410.2083	-550.5054	140.297	1.490791	1.050492
4470	-411.1904	-550.8417	139.6513	1.376354	1.659106
4476	-416.5129	-556.5819	140.069	1.252328	1.442221
4482	-408.3757	-548.1084	139.7327	1.065792	1.819952
4488	-407.8754	-547.5058	139.6304	1.260408	1.755868
4494	-407.8616	-547.7567	139.8952	1.405601	1.457883
4500	-406.7711	-546.7812	140.0101	1.290692	1.457883
4506	-411.0329	-551.0502	140.0172	1.343705	1.411684
4512	-417.2819	-557.3444	140.0625	1.509436	1.242285
4518	-416.7791	-556.5642	139.7851	1.34629	1.584099
4524	-420.8609	-560.7569	139.896	1.234761	1.584566
4530	-411.9504	-551.9366	139.9862	1.62926	1.205442
4536	-408.911	-548.8565	139.9455	1.653721	1.21928
4542	-405.015	-545.4983	140.4833	1.508438	0.8318678
4548	-405.861	-546.1202	140.2592	1.626052	0.9531356
4554	-406.6825	-546.7604	140.0779	1.77551	0.9859967
4560	-406.2993	-546.5002	140.2009	1.90883	0.6479403
4566	-404.8203	-544.7189	139.8986	2.243873	0.4571937
4572	-404.5716	-544.3588	139.7872	2.322149	0.3759592
4578	-405.4667	-545.4716	140.0048	2.130585	0.429522
4584	-411.2798	-551.4172	140.1374	1.912603	0.7527765
4590	-420.6433	-559.9309	139.2876	1.084784	2.105957
4596	-412.2703	-552.4562	140.186	1.27871	1.330043
4602	-409.7749	-549.4648	139.6899	1.488117	1.549865
4608	-406.1958	-546.3784	140.1826	1.634893	1.021817
4614	-417.7346	-557.8337	140.0991	1.811318	0.9262599
4620	-415.6199	-555.932	140.3121	1.802497	0.636876
4626	-410.641	-550.9391	140.2981	1.789787	0.691092
4632	-403.4003	-543.4213	140.021	2.106973	0.6021305
4638	-400.7714	-540.8121	140.0408	2.09587	0.5731908
4644	-406.9361	-547.0567	140.1207	1.978532	0.6697528
4650	-404.1935	-544.3797	140.1862	1.890698	0.7102962
4656	-401.522	-541.6406	140.1185	1.953446	0.7184517
4662	-401.7823	-541.7052	139.9229	2.218354	0.5522594
4668	-410.1869	-550.5429	140.356	1.758811	0.6363202
4674	-407.0241	-547.3132	140.2891	1.785044	0.7147956
4680	-400.7838	-540.9762	140.1924	1.907218	0.6688268
4686	-405.4812	-545.6851	140.204	1.899788	0.6605816
4692	-405.6407	-545.9202	140.2795	1.694205	0.8539817
4698	-409.1235	-548.8201	139.6966	1.456805	1.567964
4704	-412.6371	-551.8465	139.2095	1.589322	1.819715
4710	-420.4145	-560.2251	139.8106	1.315219	1.588125
4716	-415.0797	-554.7774	139.6978	1.325987	1.661858
4722	-411.9835	-551.6347	139.6512	1.57073	1.517266
4728	-409.5558	-549.559	140.0032	1.485781	1.310452
4734	-417.7022	-557.6662	139.964	1.502983	1.328207
4740	-408.8773	-548.9001	140.0228	1.482291	1.297379
4746	-411.7319	-551.7325	140.0006	1.654309	1.171408
4752	-403.0694	-543.1828	140.1134	1.766769	0.9584714
4758	-406.6622	-546.8539	140.1917	1.803026	0.8281262
4764	-415.6367	-555.922	140.2853	1.43946	1.109241
4770	-417.7734	-557.919	140.1457	1.612	1.078887
4776	-415.5826	-555.9504	140.3678	1.711929	0.7054905
4782	-416.3646	-556.2672	139.9027	2.190824	0.3545004
4788	-403.8069	-543.6673	139.8605	2.232725	0.3541671
4794	-408.5429	-548.4559	139.913	2.232725	0.4818067
4800	-415.6468	-555.3175	139.6707	2.359567	0.2960952
4806	-406.2031	-545.8557	139.6526	2.330992	0.2661851
4812	-406.3614	-546.3938	140.0324	2.082577	0.6359433
4818	-405.7997	-546.0716	140.2719	1.761583	0.7766167
4824	-408.0159	-547.9222	139.9063	1.534751	1.348897
4830	-423.0505	-562.9918	139.9413	1.645764	1.229539
4836	-430.8158	-570.5643	139.7485	1.44915	1.535298
4842	-416.6406	-556.4175	139.777	1.281258	1.637133
4848	-413.5489	-552.7418	139.1929	1.185114	2.102264
4854	-422.1529	-561.289	139.1361	1.124904	2.178581
4860	-417.1267	-556.6856	139.5589	1.345736	1.746158
4866	-422.2316	-561.0779	138.8463	1.569227	2.077595
4872	-409.3641	-548.9708	139.6067	1.21297	1.805291
4878	-411.2789	-551.3298	140.0509	1.577766	1.194161
4884	-410.4401	-550.3453	139.9053	1.030295	1.724451
4890	-414.1672	-553.6905	139.5234	0.8126906	2.129732
4896	-421.2947	-559.373	138.0784	1.322152	2.719783
4902	-408.681	-548.9034	140.2223	1.709612	0.9025134
4908	-407.3675	-547.5818	140.2143	1.810358	0.7888684
4914	-418.7936	-558.949	140.1554	1.810358	0.8635478
4920	-404.3697	-544.6007	140.231	1.76382	0.8279987
4926	-401.7374	-541.7149	139.9776	1.518297	1.304897
4932	-410.7105	-550.1361	139.4256	1.385898	1.810925
4938	-420.324	-559.409	139.085	1.385898	2.041022
4944	-415.8349	-555.379	139.5441	1.12993	1.904989
4950	-403.5231	-542.9601	139.437	1.24976	1.896362
4956	-409.264	-548.8139	139.5499	1.24976	1.819084
4962	-420.1233	-559.4838	139.3605	1.409646	1.839395
4968	-420.3284	-560.3467	140.0183	1.370344	1.390182
4974	-422.6302	-561.9523	139.3221	1.371139	1.891983
4980	-419.1178	-558.9426	139.8248	1.717904	1.266616
4986	-416.2502	-555.9907	139.7405	1.441021	1.547257
4992	-414.965	-554.7315	139.7664	1.836972	1.215766
4998	-421.1484	-561.12	139.9716	2.11842	0.6871671
5004	-432.7624	-572.5094	139.7471	1.896165	1.181577
5010	-430.3371	-569.3553	139.0181	1.409061	2.069922
5016	-417.9948	-557.8341	139.8393	1.259011	1.608161
5022	-411.4762	-551.3856	139.9093	1.348104	1.490675
5028	-406.5121	-546.3697	139.8576	1.261252	1.593196
5034	-407.3876	-547.1042	139.7166	1.418908	1.581074
5040	-406.6669	-546.0788	139.4119	1.325404	1.861915
5046	-407.8645	-547.6749	139.8104	1.41592	1.514008
5052	-420.7193	-560.554	139.8347	2.220437	0.3156263
5058	-421.0919	-560.5716	139.4797	2.499922	0.2639627
5064	-401.0466	-540.995	139.9485	1.777914	1.107747
5070	-418.608	-558.3778	139.7698	2.357012	0.4075457
5076	-413.8349	-553.4061	139.5712	2.451075	0.2904259
5082	-405.431	-545.6372	140.2063	1.614646	1.018468
5088	-406.8949	-547.2143	140.3194	1.594888	0.9220591
5094	-410.0877	-550.3229	140.2352	1.91108	0.507387
5100	-409.2475	-549.5841	140.3366	1.273408	1.210101
5106	-403.1552	-543.0256	139.8703	1.358906	1.511793
5112	-402.4933	-542.815	140.3216	1.464806	1.051792
5118	-405.4034	-545.4627	140.0593	1.357314	1.368223
5124	-409.6925	-549.6383	139.9458	1.470831	1.368223
5130	-406.1494	-546.1119	139.9625	1.416387	1.397779
5136	-405.1626	-545.284	140.1214	1.360448	1.316271
5142	-405.1537	-545.2147	140.061	1.768929	1.009576
5148	-414.1125	-554.2759	140.1635	1.858639	0.7923285
5154	-413.1289	-552.2956	139.1667	2.681596	0.2062383
5160	-409.3046	-548.4105	139.1059	2.715311	0.1970785
5166	-412.5637	-551.6939	139.1302	2.715311	0.2052622
5172	-412.3458	-551.6782	139.3324	2.562479	0.2237828
5178	-419.5725	-559.056	139.4836	2.532277	0.2860394
5184	-424.6865	-563.7669	139.0804	2.725646	0.1922355
5190	-419.4102	-558.5631	139.153	2.759048	0.2309201
5196	-411.338	-550.4844	139.1464	2.730618	0.2167456
5202	-426.7737	-566.5074	139.7337	1.420804	1.567123
5208	-423.6745	-563.5438	139.8692	1.340733	1.526164
5214	-411.9813	-551.386	139.4047	2.511386	0.2326847
5220	-407.7504	-547.2664	139.516	2.437313	0.250012
5226	-404.371	-543.6465	139.2756	2.631638	0.2288667
5232	-409.9601	-549.227	139.2668	2.683439	0.2485155
5238	-402.1645	-541.7369	139.5724	2.420481	0.2715961
5244	-408.6196	-548.4616	139.842	2.297473	0.4436232
5250	-402.5007	-542.1891	139.6884	2.32844	0.2867336
5256	-400.4277	-540.1748	139.7472	2.32844	0.3346798
5262	-414.9247	-554.8952	139.9706	2.175401	0.4854583
5268	-412.129	-552.1557	140.0266	2.099013	0.4049503
5274	-410.0905	-550.0131	139.9226	1.673433	1.222005
5280	-410.9216	-551.2217	140.3001	1.524129	1.01522
5286	-410.3582	-550.5792	140.221	1.603214	1.01522
5292	-409.205	-549.1728	139.9678	1.425159	1.386819
5298	-414.6225	-554.7606	140.1381	1.837082	0.8522457
5304	-399.053	-539.03	139.977	1.563996	1.267974
5310	-405.1602	-545.1015	139.9413	1.995142	0.8974651
5316	-405.4429	-545.5858	140.1429	2.003523	0.4990745
5322	-413.4218	-553.4953	140.0735	2.066671	0.4461259
5328	-415.9593	-556.0463	140.087	2.051199	0.4387382
5334	-419.1704	-559.2155	140.0451	1.750192	1.043299
5340	-421.3995	-561.6283	140.2288	1.838124	0.7266656
5346	-419.7059	-559.6236	139.9177	2.228275	0.5145986
5352	-418.0038	-557.2453	139.2414	0.9788739	2.204985
5358	-413.8049	-554.1253	140.3203	1.548383	0.9703795
5364	-409.7272	-549.8489	140.1217	1.746968	0.9703795
5370	-410.2412	-550.1164	139.8753	2.212554	0.347797
5376	-407.1925	-546.832	139.6395	2.426268	0.3251642
5382	-407.0299	-546.674	139.6441	2.423042	0.326432
5388	-412.9934	-551.9845	138.991	2.673574	0.1548654
5394	-411.3397	-550.1832	138.8435	2.812708	0.1529927
5400	-411.6292	-550.1235	138.4944	3.026949	0.1268898
5406	-408.1985	-546.8533	138.6547	2.866578	0.1268898
5412	-411.6196	-550.1933	138.5737	2.878568	0.1158274
5418	-413.4069	-552.0299	138.623	2.88925	0.1253575
5424	-423.3095	-563.046	139.7365	2.396735	0.4231613
5430	-420.2492	-559.7686	139.5194	2.530536	0.3113153
5436	-425.2454	-565.2906	140.0452	2.089216	0.5814638
5442	-417.8528	-557.9305	140.0778	2.063774	0.5509103
5448	-423.3192	-563.1326	139.8134	2.302731	0.6332062
5454	-416.0012	-555.8446	139.8435	2.302731	0.5103522
5460	-416.4917	-556.7737	140.2821	1.837775	0.6242648
5466	-418.4649	-558.6725	140.2076	1.874878	0.7007498
5472	-412.378	-552.4846	140.1066	1.932775	0.7683082
5478	-409.3453	-549.4356	140.0903	1.978387	0.7238247
5484	-403.6421	-543.6323	139.9903	1.801712	1.046496
5490	-412.7077	-552.9326	140.2248	1.731975	0.8740841
5496	-420.5305	-560.7446	140.2142	1.836647	0.7515718
5502	-414.0318	-554.1446	140.1128	1.916324	0.7827707
5508	-416.4888	-556.4367	139.9478	1.916324	0.9750699
5514	-408.0116	-548.218	140.2064	1.916324	0.6168664
5520	-410.0036	-550.1083	140.1047	2.01803	0.6168664
5526	-400.3257	-540.413	140.0873	2.059083	0.5019326
5532	-401.2955	-541.2831	139.9875	2.154393	0.4542965
5538	-414.3108	-554.2338	139.923	2.22322	0.5097816
5544	-415.7527	-555.9795	140.2268	1.657527	0.9540989
5550	-412.9662	-552.8002	139.834	1.722464	1.255149
5556	-416.403	-556.6049	140.202	1.476137	1.15107
5562	-418.6718	-558.9983	140.3265	1.548286	0.9640592
5568	-416.8855	-556.444	139.5585	1.548286	1.602009
5574	-406.5613	-546.4934	139.932	1.855631	1.050633
5580	-405.5791	-545.6321	140.053	1.745167	1.040578
5586	-402.3283	-542.5281	140.1997	1.508312	1.124362
5592	-401.0831	-541.2854	140.2022	1.523435	1.108396
5598	-399.4537	-539.4734	140.0198	1.573714	1.224162
5604	-405.1304	-544.8328	139.7024	1.355676	1.637251
5610	-407.6753	-547.7333	140.0579	1.304239	1.410751
5616	-414.3955	-554.5258	140.1303	1.390496	1.284601
5622	-420.6893	-560.7727	140.0834	1.550554	1.189574
5628	-415.4729	-555.5317	140.0588	1.575176	1.189574
5634	-425.3132	-563.5452	138.232	1.092493	2.766256
5640	-416.5053	-555.7316	139.2262	1.12216	2.121675
5646	-423.8172	-561.8561	138.0389	0.9487677	2.970257
5652	-431.0911	-570.9554	139.8643	1.676934	1.267808
5658	-422.8906	-562.6426	139.752	1.818689	1.243319
5664	-422.3957	-562.6581	140.2624	1.457176	1.113969
5670	-408.8092	-548.5635	139.7543	1.577947	1.433848
5676	-410.4985	-550.6377	140.1392	1.539724	1.150344
5682	-404.8498	-545.1343	140.2845	1.648452	0.9013486
5688	-414.1238	-554.1901	140.0663	1.641406	1.12463
5694	-408.448	-548.3993	139.9513	1.756441	1.12463
5700	-398.467	-538.8211	140.3541	1.663406	0.7985718
5706	-394.6412	-534.7158	140.0747	1.712127	1.051462
5712	-397.3633	-537.653	140.2897	1.790888	0.7040413
5718	-397.7151	-537.976	140.2609	1.784653	0.7593944
5724	-403.7364	-544.0025	140.2661	1.818247	0.6974387
5730	-408.6732	-548.7463	140.0731	2.049917	0.6160176
5736	-406.3741	-546.4756	140.1015	2.036019	0.4361958
5742	-400.4103	-540.4335	140.0232	2.091312	0.3840995
5748	-409.0794	-549.2768	140.1973	1.949006	0.5052955
5754	-402.1915	-542.3888	140.1974	1.949006	0.50101
5760	-404.4801	-544.6287	140.1486	1.981563	0.5956253
5766	-411.9496	-552.2041	140.2545	1.864561	0.626187
5772	-403.3504	-543.4315	140.0812	1.778234	0.9799492
5778	-400.1029	-539.6754	139.5726	1.610158	1.546364
5784	-398.7533	-538.6606	139.9073	1.404959	1.449084
5790	-422.0564	-562.0409	139.9845	2.115105	0.6690031
5796	-422.2685	-562.3449	140.0764	1.785651	0.9772138
5802	-417.3704	-557.3311	139.9607	2.165101	0.6083527
5808	-419.3842	-559.6093	140.2251	1.842602	0.7253498
5814	-415.5024	-555.6125	140.11	1.966271	0.711273
5820	-417.1613	-557.3018	140.1405	1.875234	0.8009416
5826	-411.6413	-551.6428	140.0015	1.858708	0.9791171
5832	-409.724	-549.6916	139.9677	2.176736	0.4690671
5838	-412.753	-552.5818	139.8288	2.317267	0.5125379
5844	-414.3609	-554.348	139.9871	2.116471	0.6608853
5850	-415.6864	-555.8825	140.1961	1.907468	0.6608853
5856	-415.7891	-555.7637	139.9746	2.133891	0.6506806
5862	-414.2798	-554.4624	140.1825	1.925915	0.6506806
5868	-418.5878	-558.6805	140.0927	1.887468	0.8462161
5874	-412.1462	-552.2869	140.1406	1.986207	0.6054967
5880	-413.5814	-553.8514	140.27	1.751028	0.793758
5886	-414.3487	-554.4925	140.1438	1.643421	1.051105
5892	-414.7004	-555.0188	140.3185	1.575994	0.9434237
5898	-413.9003	-553.9629	140.0626	1.418822	1.316541
5904	-410.4531	-550.0957	139.6426	1.586309	1.512028
5910	-415.084	-555.1497	140.0657	2.077071	0.4585451
5916	-409.1055	-549.2811	140.1756	1.906753	0.7009277
5922	-411.0022	-551.0845	140.0823	1.980364	0.7334735
5928	-407.3641	-547.4338	140.0696	1.86517	0.8992812
5934	-405.9352	-546.313	140.3778	1.729058	0.6540507
5940	-426.85	-565.4702	138.6202	1.221439	2.446255
5946	-425.5235	-564.4264	138.9029	1.289421	2.22307
5952	-409.264	-549.3347	140.0707	1.441535	1.291566
5958	-417.365	-557.2574	139.8924	1.576244	1.326838
5964	-419.5323	-559.3769	139.8445	1.518462	1.410099
5970	-403.9775	-544.1283	140.1509	1.690958	0.9977236
5976	-403.2877	-543.5205	140.2328	1.704083	0.8969262
5982	-405.6557	-546.0557	140.4	1.4093	1.029801
5988	-409.0505	-549.2279	140.1774	1.653567	1.00853
5994	-402.7131	-542.7785	140.0654	1.785071	0.9890444
6000	-405.5046	-545.6897	140.1851	1.566498	1.084527
6006	-402.7286	-542.5177	139.789	1.364207	1.568076
6012	-405.4482	-545.5642	140.116	1.34139	1.335834
6018	-409.627	-549.672	140.045	1.50923	1.257044
6024	-404.6585	-544.2224	139.5639	1.496515	1.635532
6030	-409.4771	-549.6095	140.1324	1.576439	1.123624
6036	-402.2247	-542.5202	140.2955	1.681515	0.8500009
6042	-413.956	-554.2182	140.2622	1.748674	0.8072777
6048	-420.8024	-560.8078	140.0054	1.653131	1.168238
6054	-418.486	-558.6748	140.1888	1.631478	1.019112
6060	-413.6726	-553.9283	140.2557	1.798055	0.7471921
6066	-410.3745	-550.4919	140.1173	2.01319	0.5944802
6072	-418.3717	-558.2697	139.898	2.244673	0.5446018
6078	-421.3822	-561.3197	139.9375	2.204433	0.4544433
6084	-427.7448	-568.0635	140.3187	1.803131	0.6192082
6090	-418.861	-558.9	140.039	2.031448	0.7209437
6096	-423.2721	-563.202	139.9299	1.782876	1.120093
6102	-419.982	-560.1966	140.2146	1.582308	1.04179
6108	-419.541	-559.1758	139.6348	1.48311	1.593946
6114	-407.6838	-547.8199	140.1361	1.690896	1.012457
6120	-398.068	-538.0433	139.9754	1.631421	1.212871
6126	-402.0639	-542.323	140.2591	1.609803	0.9701802
6132	-407.6774	-547.9399	140.2625	1.760339	0.7913529
6138	-409.2609	-549.4297	140.1688	1.967191	0.5755953
6144	-405.543	-545.6949	140.1519	1.46011	1.208403
6150	-411.4844	-551.8586	140.3742	1.612128	0.8385961
6156	-418.723	-558.748	140.025	1.871995	0.9407538
6162	-416.6332	-556.7857	140.1525	1.75974	0.9243033
6168	-412.5443	-552.494	139.9497	1.656852	1.213075
6174	-428.9389	-569.1077	140.1688	1.739728	0.9283228
6180	-412.2129	-552.38	140.1672	1.453866	1.200708
6186	-409.0391	-549.0316	139.9925	1.620448	1.207631
6192	-424.7001	-564.3533	139.6532	1.620448	1.478412
6198	-417.892	-558.018	140.1261	1.820142	0.8863249
6204	-416.4884	-556.4375	139.9491	1.820142	1.068067
6210	-408.9196	-549.0877	140.1681	1.785028	0.8783976
6216	-411.0825	-551.3177	140.2352	1.785028	0.7948016
6222	-410.9664	-550.9914	140.025	1.811398	1.00317
6228	-413.3652	-553.6434	140.2782	1.614066	0.9457896
6234	-402.4875	-542.3322	139.8448	1.601225	1.344952
6240	-406.8323	-546.8468	140.0145	1.669832	1.145527
6246	-400.2314	-540.3532	140.1218	2.010108	0.589999
6252	-402.9257	-542.9869	140.0611	2.064703	0.6083362
6258	-408.8235	-548.8879	140.0643	2.076308	0.5555912
6264	-400.9288	-540.9655	140.0367	2.081272	0.6288472
6270	-402.5949	-542.7022	140.1073	2.038832	0.5112809
6276	-406.1967	-546.0892	139.8925	2.222062	0.3842242
6282	-411.3168	-551.2057	139.889	2.225607	0.3842242
6288	-415.3519	-555.6561	140.3042	1.753095	0.741729
6294	-411.2314	-551.4728	140.2414	1.721353	0.8670413
6300	-406.1487	-546.4843	140.3356	1.70295	0.7694622
6306	-398.1833	-538.4484	140.2651	1.70295	0.8608085
6312	-409.2375	-548.8522	139.6147	1.806748	1.364418
6318	-398.6212	-538.771	140.1498	1.966897	0.6320005
6324	-409.9789	-550.1654	140.1865	1.920576	0.6536422
6330	-414.5716	-554.6381	140.0665	2.040569	0.6536422
6336	-408.1245	-548.0304	139.9059	1.760355	1.161502
6342	-404.6832	-544.6846	140.0014	1.435426	1.352264
6348	-402.5646	-542.8219	140.2573	1.437061	1.13661
6354	-397.4248	-537.8013	140.3765	1.364716	1.094114
6360	-397.3136	-537.5072	140.1936	1.508714	1.129519
6366	-402.8063	-542.953	140.1467	1.419899	1.246745
6372	-399.2646	-539.4324	140.1679	1.515969	1.145993
6378	-398.4042	-538.4642	140.06	1.583271	1.181555
6384	-400.5313	-540.2278	139.6965	1.401807	1.608141
6390	-401.5975	-541.7874	140.1899	1.938153	0.602006
6396	-402.7053	-542.9022	140.1969	1.879322	0.7113774
6402	-403.1433	-543.4108	140.2675	1.850069	0.6298273
6408	-404.412	-544.6017	140.1897	1.50372	1.137449
6414	-412.5621	-552.7026	140.1405	1.568557	1.123436
6420	-412.1412	-552.2715	140.1303	1.534915	1.162423
6426	-405.3723	-545.3415	139.9692	1.549158	1.286562
6432	-406.9667	-547.2129	140.2462	1.810728	0.7422644
6438	-413.7802	-554.0999	140.3197	1.771861	0.6843652
6444	-410.6871	-550.6754	139.9884	1.475236	1.330902
6450	-411.4714	-551.64	140.1686	1.579171	1.088076
6456	-406.4545	-546.5399	140.0855	1.902967	0.8359899
6462	-413.4626	-553.4862	140.0236	2.119308	0.5431749
6468	-412.4557	-552.4884	140.0327	2.110151	0.5431749
6474	-419.1637	-558.8577	139.694	1.546344	1.503486
6480	-406.9328	-546.9932	140.0604	1.940002	0.8209136
6486	-412.6664	-552.6745	140.0081	1.63917	1.178099
6492	-409.9518	-549.9903	140.0385	1.608784	1.178099
6498	-417.5394	-557.6148	140.0754	1.770499	0.9936138
6504	-415.5661	-555.7954	140.2293	1.901752	0.5927095
6510	-413.3147	-553.2588	139.9441	2.034111	0.8485205
6516	-405.2654	-545.2966	140.0312	1.893242	0.9109151
6522	-411.6851	-551.7796	140.0945	2.021891	0.6327442
6528	-415.592	-555.5299	139.9379	1.990777	0.9062042
6534	-413.4212	-553.4108	139.9895	2.137483	0.6050319
6540	-406.76	-546.8213	140.0613	2.065697	0.6050319
6546	-413.4001	-553.5694	140.1693	1.972303	0.4527072
6552	-411.9401	-552.1592	140.2191	1.885548	0.6586444
6558	-408.3868	-548.0939	139.7071	2.399141	0.3714091
6564	-406.4318	-546.0188	139.587	2.519313	0.3714091
6570	-406.8439	-546.3426	139.4988	2.519313	0.2875449
6576	-409.0387	-548.9887	139.95	2.195839	0.4828299
6582	-404.2288	-544.4548	140.226	1.889423	0.6349026
6588	-411.2463	-551.367	140.1207	2.019076	0.5596482
6594	-412.2736	-552.3518	140.0783	2.019076	0.6733722
6600	-413.9944	-553.9086	139.9142	2.22515	0.5617249
6606	-422.6595	-562.3239	139.6644	2.480483	0.4728323
6612	-409.9182	-549.7576	139.8394	2.268601	0.6516068
6618	-413.4897	-553.5383	140.0486	2.009351	0.7407799
6624	-411.0749	-551.2294	140.1545	1.929031	0.6987837
6630	-409.7917	-549.8659	140.0742	1.931708	0.8138528
6636	-417.6074	-557.7087	140.1013	2.017344	0.6272538
6642	-413.3973	-553.4636	140.0663	1.995149	0.7353185
6648	-409.7136	-549.6495	139.9359	1.970584	0.9305497
6654	-405.539	-545.6627	140.1237	1.893258	0.7992789
6660	-409.61	-550.0114	140.4014	1.469345	0.9683003
6666	-417.3128	-557.4635	140.1506	1.876182	0.7858925
6672	-410.3603	-550.6676	140.3072	1.730693	0.770354
6678	-403.681	-543.8222	140.1412	1.623974	1.07188
6684	-409.393	-549.5248	140.1318	1.538574	1.15786
6690	-413.1801	-553.4899	140.3098	1.403114	1.119935
6696	-408.1701	-548.306	140.1359	1.57701	1.119935
6702	-410.1321	-549.8879	139.7558	1.297768	1.64048
6708	-410.3913	-548.5002	138.1088	0.9244294	2.942819
6714	-420.0847	-558.7322	138.6475	0.997981	2.568712
6720	-412.7378	-550.4236	137.6858	0.807225	3.264874
6726	-413.7166	-552.3129	138.5963	0.8805615	2.672954
6732	-413.2661	-552.2901	139.024	0.9507385	2.362169
6738	-408.0396	-547.5345	139.495	1.36343	1.77845
6744	-409.0867	-548.4735	139.3868	1.410012	1.821073
6750	-414.0379	-553.6704	139.6325	1.263112	1.752491
6756	-408.8324	-548.629	139.7966	1.357055	1.567736
6762	-418.1026	-558.1327	140.0302	1.524828	1.256389
6768	-413.3962	-553.4797	140.0835	1.817213	0.9367307
6774	-412.236	-552.554	140.318	1.792849	0.6454148
6780	-410.3257	-550.4038	140.0781	2.007763	0.6947189
6786	-417.6143	-557.4834	139.8691	2.258306	0.4088498
6792	-413.9705	-553.954	139.9835	1.753144	1.098379
6798	-417.7997	-558.0393	140.2395	1.732909	0.8555658
6804	-414.5238	-554.744	140.2201	1.529793	1.086091
6810	-410.8467	-550.8315	139.9849	1.44114	1.360815
6816	-405.5332	-545.1586	139.6254	1.333773	1.707753
6822	-408.6334	-547.9888	139.3554	1.545605	1.748725
6828	-404.3872	-544.0412	139.654	1.218552	1.768587
6834	-400.907	-541.303	140.396	1.293577	1.140894
6840	-425.5464	-565.8294	140.283	1.737359	0.794675
6846	-421.784	-561.805	140.0211	2.062591	0.6986074
6852	-407.7614	-547.483	139.7216	1.400877	1.590574
6858	-404.9232	-544.5809	139.6577	1.502691	1.562791
6864	-401.2069	-540.9768	139.7699	1.37917	1.571113
6870	-411.0082	-551.3159	140.3077	1.429906	1.097486
6876	-410.691	-550.7026	140.0117	1.72594	1.097486
6882	-409.7535	-549.9442	140.1907	1.491077	1.147819
6888	-414.8652	-554.7883	139.9231	1.991654	0.9215576
6894	-412.8197	-552.693	139.8733	1.93027	1.035382
6900	-403.764	-543.7614	139.9974	1.638279	1.188125
6906	-397.6354	-537.786	140.1506	1.871391	0.7924718
6912	-403.3249	-543.3858	140.0608	1.958279	0.7963987
6918	-415.2685	-555.3799	140.1114	1.693273	1.034296
6924	-417.1425	-557.0164	139.8739	1.505731	1.397167
6930	-409.8349	-550.0391	140.2042	1.564246	1.068833
6936	-412.4795	-552.4728	139.9933	1.633232	1.195974
6942	-409.9988	-550.0642	140.0655	1.294223	1.412674
6948	-405.4403	-545.0369	139.5966	1.294223	1.755839
6954	-408.9494	-548.5769	139.6275	1.26333	1.755839
6960	-412.9749	-553.1519	140.1771	1.522826	1.131677
6966	-409.7279	-549.7718	140.0439	1.40487	1.342718
6972	-405.3613	-544.9654	139.604	1.339003	1.719167
6978	-402.0192	-541.7243	139.705	1.145348	1.784013
6984	-403.375	-543.184	139.809	1.361661	1.555281
6990	-410.7381	-549.9574	139.2193	1.461146	1.900677
6996	-403.0627	-542.4807	139.418	1.146515	1.978738
7002	-409.0858	-548.9975	139.9117	1.222057	1.582375
7008	-406.2994	-544.5376	138.2382	1.189702	2.702985
7014	-413.2068	-553.1743	139.9676	1.224767	1.539252
7020	-417.6939	-557.6291	139.9352	1.4172	1.418262
7026	-421.045	-560.8936	139.8486	1.48631	1.431788
7032	-408.1539	-548.1961	140.0422	1.638926	1.148355
7038	-404.5949	-544.771	140.1761	1.686505	0.976667
7044	-410.6358	-550.7387	140.1028	1.711053	1.025357
7050	-409.1539	-549.33	140.1761	1.637803	1.0253
7056	-404.995	-545.0524	140.0573	1.591063	1.177102
7062	-407.3232	-547.2397	139.9165	1.755569	1.156393
7068	-403.4889	-543.3654	139.8765	1.655874	1.275101
7074	-405.3561	-545.0676	139.7114	1.905597	1.204135
7080	-411.9482	-551.6069	139.6588	1.679321	1.42934
7086	-416.0479	-555.839	139.7911	1.546964	1.42934
7092	-426.7661	-566.8083	140.0422	1.782095	1.01516
7098	-417.117	-557.315	140.198	1.77204	0.8583769
7104	-409.0969	-549.0153	139.9184	1.596832	1.289112
7110	-406.9794	-547.2519	140.2724	1.545388	1.021515
7116	-412.4887	-552.7544	140.2657	1.626408	0.9459541
7122	-416.4709	-555.4702	138.9993	1.367842	2.109401
7128	-422.6748	-562.3848	139.7101	1.367529	1.623159
7134	-424.6458	-564.9536	140.3078	1.759077	0.7267499
7140	-407.4746	-547.7563	140.2817	1.394593	1.15268
7146	-405.6373	-545.8012	140.1639	1.51234	1.15268
7152	-425.0761	-565.0655	139.9894	2.14446	0.5833737
7158	-414.8367	-554.9019	140.0652	2.035048	0.6677124
7164	-411.7008	-551.9139	140.2131	1.900352	0.6395851
7170	-422.086	-562.0016	139.9155	2.123091	0.7693851
7176	-416.3152	-556.6556	140.3404	1.603214	0.8893269
7182	-413.8904	-554.047	140.1566	1.561323	1.115414
7188	-407.566	-547.5654	139.9994	1.83263	1.007488
7194	-407.6497	-547.7808	140.1311	1.58805	1.114337
7200	-408.1523	-548.3438	140.1915	1.765411	0.8739368
7206	-409.0952	-549.1871	140.0919	1.952295	0.7613002
7212	-409.7239	-549.8663	140.1424	1.642732	1.053058
7218	-407.3901	-547.5061	140.116	1.911041	0.7855217
7224	-405.046	-545.1492	140.1031	1.68242	1.052638
7230	-409.0786	-549.0761	139.9975	1.545488	1.26632
7236	-412.7662	-552.6138	139.8476	1.695462	1.26632
7242	-406.0137	-546.2719	140.2583	1.678532	0.8970611
7248	-413.7857	-554.0284	140.2427	1.810526	0.7479143
7254	-404.6712	-544.8361	140.1649	1.965108	0.5960658
7260	-411.6578	-551.8577	140.1999	1.872406	0.7179902
7266	-405.0559	-545.3103	140.2544	1.872406	0.6055693
7272	-416.5201	-556.278	139.7579	1.487671	1.499564
7278	-423.6	-563.2808	139.6808	1.564746	1.499564
7284	-417.9633	-558.0274	140.0641	2.042091	0.6554825
7290	-416.5109	-556.5407	140.0298	1.655433	1.144718
7296	-414.6325	-554.6998	140.0673	1.983223	0.7520063
7302	-411.1222	-550.9374	139.8152	2.311917	0.4082269
7308	-401.7516	-541.6727	139.921	2.206126	0.4082269
7314	-404.6091	-544.7003	140.0912	2.053189	0.4688795
7320	-406.1479	-546.066	139.9181	2.227382	0.5214988
7326	-401.6273	-541.6985	140.0711	2.071997	0.4606875
7332	-406.0711	-546.3339	140.2628	1.860021	0.6166263
7338	-400.4162	-540.284	139.8678	2.263637	0.418451
7344	-403.6185	-543.3152	139.6967	2.373755	0.3296302
7350	-405.2494	-544.8148	139.5654	2.43653	0.2770666
7356	-402.8504	-542.5931	139.7428	2.340118	0.3423074
7362	-406.0133	-545.8566	139.8433	2.263923	0.3728499
7368	-411.0824	-551.2374	140.155	1.958356	0.6397785
7374	-398.8554	-539.069	140.2137	1.879924	0.6805322
7380	-401.1762	-541.317	140.1408	1.755379	0.9415454
7386	-403.3026	-543.4161	140.1135	1.994943	0.6507099
7392	-409.547	-549.5295	139.9825	2.15344	0.5758091
7398	-408.9789	-548.9398	139.9609	2.178618	0.5607687
7404	-421.4613	-561.5164	140.0551	2.087401	0.5453097
7410	-418.2966	-558.3242	140.0276	2.116787	0.5325477
7416	-413.9393	-554.1464	140.207	1.892925	0.6682191
7422	-415.1584	-555.1521	139.9937	2.005372	0.8225605
7428	-415.2498	-555.1734	139.9236	2.086561	0.8082306
7434	-422.1352	-561.907	139.7718	1.697941	1.325948
7440	-424.9926	-564.9081	139.9155	1.546632	1.332052
7446	-425.0116	-564.7467	139.7351	1.610266	1.42372
7452	-422.3411	-562.083	139.7419	2.391936	0.5836447
7458	-417.723	-557.8238	140.1008	2.042637	0.5395628
7464	-412.4952	-552.3051	139.8099	2.31073	0.3948947
7470	-427.4431	-567.1135	139.6704	2.347584	0.2874552
7476	-425.2522	-564.0186	138.7664	3.054323	0.1969002
7482	-420.2381	-560.3296	140.0916	1.882929	0.8530461
7488	-421.1789	-561.1596	139.9807	2.014396	0.8276239
7494	-418.8249	-558.934	140.109	1.668084	1.06064
7500	-423.9964	-562.3969	138.4005	3.028817	0.1124413
7506	-424.2062	-562.6918	138.4856	3.003102	0.1215023
7512	-414.4915	-554.4229	139.9314	1.70379	1.188546
7518	-413.6821	-553.5165	139.8344	1.578845	1.370846
7524	-423.6266	-562.9942	139.3676	1.474121	1.790007
7530	-417.3653	-557.5051	140.1399	1.530543	1.157843
7536	-419.2466	-559.3503	140.1037	1.289627	1.386473
7542	-417.5353	-557.4102	139.8748	1.473749	1.421243
7548	-419.927	-559.3295	139.4026	1.334575	1.862017
7554	-422.7569	-561.1897	138.4327	1.282273	2.525478
7560	-434.5487	-574.718	140.1693	1.682959	0.9872318
7566	-426.9263	-567.2948	140.3685	1.523283	0.946221
7572	-419.1376	-559.1382	140.0006	1.829423	1.00949
7578	-413.846	-553.2498	139.4038	1.52243	1.731018
7584	-417.5036	-556.8484	139.3448	1.526401	1.769533
7590	-422.599	-562.1464	139.5474	1.619483	1.558021
7596	-421.8306	-562.0317	140.2011	1.627915	1.010506
7602	-416.0184	-556.0969	140.0784	1.806962	0.9529944
7608	-421.304	-561.3307	140.0267	2.048522	0.7130058
7614	-424.3679	-564.3419	139.974	1.980455	0.8768159
7620	-429.1801	-569.2114	140.0314	1.798077	1.010021
7626	-423.5359	-563.4832	139.9473	1.882207	1.010021
7632	-433.9184	-574.3066	140.3881	1.652443	0.7665786
7638	-418.8847	-558.9628	140.0781	1.850609	0.9061468
7644	-417.2448	-557.1213	139.8764	1.452626	1.43626
7650	-410.271	-550.383	140.112	1.576218	1.142078
7656	-407.0802	-547.099	140.0188	1.507088	1.280411
7662	-408.608	-548.5576	139.9496	1.576328	1.280411
7668	-403.91	-543.4718	139.5618	1.429024	1.685338
7674	-398.1242	-537.7584	139.6343	1.230996	1.773661
7680	-404.0173	-543.646	139.6287	1.337548	1.70275
7686	-408.1562	-548.1149	139.9587	1.344652	1.455929
7692	-421.872	-561.5869	139.7149	1.539753	1.492763
7698	-412.1753	-552.3251	140.1498	1.679841	1.00986
7704	-412.2733	-552.4359	140.1626	1.667008	1.00986
7710	-417.3363	-557.3633	140.027	1.838198	0.9740005
7716	-418.432	-558.4147	139.9827	1.673055	1.170687
7722	-421.9367	-562.2572	140.3205	1.705851	0.786476
7728	-418.8421	-559.0432	140.201	1.750014	0.8807581
7734	-413.6972	-553.8191	140.1219	1.829146	0.8807581
7740	-433.7622	-573.9197	140.1574	1.403919	1.251103
7746	-417.1435	-556.6223	139.4788	1.565055	1.647457
7752	-424.6414	-564.5557	139.9144	2.218948	0.5853258
7758	-422.1902	-562.0095	139.8193	2.31765	0.4344498
7764	-419.959	-559.5273	139.5683	1.546115	1.59646
7770	-429.9167	-569.6313	139.7147	2.363671	0.33748
7776	-423.3898	-563.6302	140.2404	1.840889	0.7027886
7782	-432.9744	-572.3749	139.4006	1.30682	1.882335
7788	-428.2799	-568.0821	139.8022	1.474939	1.475796
7794	-425.9294	-565.6161	139.6866	1.66987	1.415125
7800	-431.0548	-570.9566	139.9018	1.871656	1.06412
7806	-416.946	-556.8488	139.9028	2.056719	0.8708532
7812	-427.7814	-567.9377	140.1562	1.989668	0.5161005
7818	-425.5345	-565.4859	139.9513	2.190318	0.4528063
7824	-425.2066	-564.6907	139.4841	1.254997	1.860702
7830	-431.1283	-571.2201	140.0918	2.043175	0.5793398
7836	-422.194	-562.098	139.904	2.219414	0.6150175
7842	-417.3025	-557.3076	140.0051	1.912942	0.9179704
7848	-421.0498	-561.0792	140.0294	1.883885	0.9231734
7854	-418.5002	-558.551	140.0508	1.883885	0.8994458
7860	-405.4831	-545.4801	139.997	1.674973	1.156485
7866	-409.0804	-548.8759	139.7955	1.443737	1.504323
7872	-404.7001	-544.9046	140.2045	1.656284	0.9785474
7878	-406.859	-546.8757	140.0166	1.395904	1.371418
7884	-411.4218	-551.3117	139.8899	1.449706	1.428136
7890	-409.3337	-548.8071	139.4735	1.602016	1.624684
7896	-414.6834	-554.7683	140.0849	1.66024	1.090533
7902	-404.6936	-544.9123	140.2188	1.565435	1.053947
7908	-406.1273	-546.41	140.2827	1.495317	1.059838
7914	-407.1327	-547.1212	139.9886	1.4885	1.320088
7920	-411.4847	-551.5252	140.0405	1.63571	1.15272
7926	-405.7849	-546.0822	140.2973	1.596899	0.9436799
7932	-407.278	-547.2453	139.9673	2.161707	0.5992331
7938	-401.8865	-541.9786	140.0921	2.0311	0.6154766
7944	-409.6143	-549.6844	140.0701	2.026378	0.6750606
7950	-401.1393	-541.1373	139.998	1.852309	0.9891491
7956	-405.8234	-546.1243	140.3009	1.405722	1.125622
7962	-424.2185	-564.5156	140.2972	1.406348	1.128433
7968	-414.9943	-555.1312	140.1369	1.646844	1.054402
7974	-416.9327	-557.001	140.0683	1.88571	0.877276
7980	-412.8997	-553.1711	140.2713	1.669072	0.8929491
7986	-414.7926	-554.9149	140.1223	1.833056	0.8757454
7992	-419.113	-559.2154	140.1025	1.452045	1.256805
7998	-410.5309	-550.0599	139.529	1.384699	1.73982
8004	-413.5057	-553.4695	139.9638	1.506972	1.32513
8010	-415.8752	-555.7549	139.8797	1.259371	1.578459
8016	-409.7165	-549.3426	139.6261	1.537794	1.560251
8022	-404.5181	-544.5466	140.0285	1.541389	1.243981
8028	-422.4595	-562.6785	140.219	1.761578	0.8456703
8034	-431.0117	-571.101	140.0893	1.939295	0.7834525
8040	-417.7019	-557.9511	140.2492	1.824301	0.715914
8046	-409.6873	-549.7531	140.0658	1.638425	1.127788
8052	-409.0909	-549.1872	140.0963	1.529396	1.196712
8058	-408.4864	-548.3373	139.851	1.553526	1.377758
8064	-407.3883	-547.111	139.7227	1.294564	1.666513
8070	-418.5672	-558.1323	139.5651	1.118508	1.898494
8076	-418.7395	-557.0962	138.3568	1.006578	2.742533
8082	-421.7107	-559.7561	138.0454	1.039245	2.911855
8088	-413.0485	-551.6337	138.5851	0.9944284	2.609584
8094	-410.7547	-550.5367	139.782	1.286648	1.629605
8100	-417.0414	-556.7324	139.6911	1.422184	1.59731
8106	-410.4023	-550.5099	140.1076	1.511189	1.202604
8112	-420.9935	-561.2895	140.296	1.613956	0.9267142
8118	-423.2764	-563.1016	139.8252	1.562434	1.390965
8124	-419.5914	-559.4623	139.8709	1.516733	1.390965
8130	-413.1021	-552.7538	139.6516	1.514847	1.558332
8136	-416.2812	-555.7803	139.4991	1.399157	1.750659
8142	-410.8223	-550.1492	139.3269	1.239937	1.977175
8148	-414.7472	-554.1129	139.3657	1.201168	1.977175
8154	-420.5749	-560.2352	139.6603	1.364942	1.660829
8160	-411.299	-551.275	139.976	1.485455	1.33258
8166	-409.5794	-549.7775	140.1981	1.263421	1.33258
8172	-407.3902	-547.3855	139.9953	1.466193	1.33258
8178	-409.4511	-549.0342	139.5831	1.393355	1.69552
8184	-401.7526	-541.1945	139.442	1.534513	1.69552
8190	-397.5264	-537.5911	140.0647	1.464508	1.277714
8196	-398.0494	-537.8879	139.8386	1.341095	1.548635
8202	-400.9424	-541.1081	140.1657	1.451494	1.203964
8208	-396.2382	-536.4731	140.2349	1.526515	1.075418
8214	-398.9256	-539.2057	140.2801	1.543513	1.015823
8220	-398.2489	-538.2554	140.0066	1.381688	1.390451
8226	-402.2116	-541.7611	139.5495	1.290095	1.791466
8232	-406.8734	-546.782	139.9086	1.062852	1.6991
8238	-404.6888	-543.8367	139.1479	0.9445381	2.287245
8244	-404.877	-544.1868	139.3098	1.096431	2.083764
8250	-422.4413	-562.5881	140.1469	1.873126	0.7951776
8256	-428.9088	-569.006	140.0973	1.790305	0.9507047
8262	-398.846	-539.1508	140.3047	1.662897	0.8612813
8268	-401.4559	-541.5655	140.1096	1.82047	0.9045818
8274	-407.0494	-547.1066	140.0572	1.721924	1.058794
8280	-423.3477	-563.1604	139.8127	1.87439	1.143132
8286	-416.8264	-556.9005	140.0741	1.592721	1.161021
8292	-412.005	-552.331	140.326	1.450262	1.061489
8298	-424.2119	-564.3904	140.1785	1.653792	1.007212
8304	-415.0477	-553.9089	138.8612	1.152974	2.337142
8310	-419.0084	-559.3458	140.3375	1.772983	0.6462811
8316	-423.7074	-563.7958	140.0883	1.80058	0.9493122
8322	-411.8633	-551.3181	139.4548	1.332874	1.827375
8328	-415.2576	-555.2074	139.9498	1.329163	1.474456
8334	-413.2088	-552.7773	139.5685	1.466631	1.653713
8340	-411.3355	-551.3361	140.0006	1.447462	1.343331
8346	-405.1098	-545.174	140.0642	1.469504	1.274015
8352	-409.0971	-549.2752	140.1781	1.636731	1.024393
8358	-413.8122	-553.8527	140.0405	1.883853	0.9109409
8364	-407.1444	-547.3167	140.1724	1.85207	0.7891787
8370	-413.3702	-553.51	140.1398	1.725774	0.9736312
8376	-405.609	-545.578	139.969	2.002118	0.8571407
8382	-406.8137	-546.8302	140.0165	1.503309	1.285399
8388	-405.8404	-546.0221	140.1817	1.280834	1.331762
8394	-413.9769	-553.7594	139.7826	1.4658	1.497475
8400	-410.4204	-550.6059	140.1855	1.206732	1.38737
8406	-413.6262	-553.4081	139.7819	1.07174	1.781739
8412	-415.3935	-554.5074	139.1138	1.27145	2.097492
8418	-411.6845	-551.0657	139.3812	1.22122	1.953339
8424	-411.1587	-550.611	139.4523	1.261306	1.878092
8430	-405.384	-544.3032	138.9193	0.9799114	2.410001
8436	-412.4855	-551.9678	139.4822	1.066682	1.989162
8442	-412.3007	-552.3479	140.0471	1.288354	1.431318
8448	-409.4985	-549.5916	140.0931	1.390739	1.314653
8454	-404.6266	-544.7215	140.0949	1.680665	1.062158
8460	-405.0898	-545.3114	140.2216	1.622154	0.9957949
8466	-405.9977	-546.3448	140.347	1.456373	1.035508
8472	-408.5662	-545.421	136.8547	0.8852988	3.704525
8478	-419.6984	-555.7314	136.0331	0.8646279	4.186908
8484	-415.2101	-554.8532	139.6431	1.453861	1.609158
8490	-413.9449	-553.9691	140.0242	1.541514	1.247479
8496	-425.4516	-564.8106	139.359	1.48768	1.786594
8502	-411.9771	-551.5306	139.5535	1.434198	1.687565
8508	-410.6986	-550.488	139.7894	1.361597	1.569728
8514	-413.4209	-552.8181	139.3972	1.098204	2.024824
8520	-416.6829	-555.3168	138.6339	1.16887	2.470633
8526	-418.0426	-557.7262	139.6836	1.203174	1.758631
8532	-417.7138	-557.7362	140.0223	1.804681	1.012469
8538	-416.1191	-556.3941	140.275	1.750184	0.7881747
8544	-411.5427	-551.6504	140.1078	2.038276	0.4868226
8550	-426.7288	-566.8157	140.0869	1.914206	0.8199958
8556	-420.1624	-560.0944	139.932	1.822819	1.081593
8562	-415.5953	-555.7028	140.1075	1.875205	0.8430467
8568	-417.5892	-557.5671	139.9779	1.383893	1.411045
8574	-409.8211	-549.3501	139.529	1.453909	1.690977
8580	-409.5669	-548.5036	138.9366	1.2364	2.235473
8586	-412.1814	-552.1276	139.9463	1.528041	1.322287
8592	-410.9534	-551.1354	140.1821	1.537172	1.114236
8598	-415.3089	-555.1885	139.8796	1.839623	1.114236
8604	-414.9615	-554.9815	140.02	1.400731	1.364983
8610	-421.0521	-561.006	139.9539	1.351774	1.454121
8616	-407.9753	-547.7915	139.8162	1.504212	1.442864
8622	-398.1244	-538.0465	139.922	1.398401	1.442864
8628	-410.8458	-551.2658	140.42	1.392746	1.026416
8634	-409.0232	-549.0549	140.0316	1.547538	1.236209
8640	-416.2648	-556.3506	140.0858	1.461535	1.262719
8646	-404.0024	-544.0222	140.0197	1.923512	0.8897403
8652	-403.6908	-543.6939	140.0031	1.784014	1.051139
8658	-405.0527	-545.2515	140.1988	1.65062	0.9901165
8664	-406.8513	-546.8187	139.9675	1.881925	0.9901165
8670	-412.3433	-552.4874	140.1441	1.939431	0.6987715
8676	-416.6323	-556.4973	139.865	2.274137	0.5627242
8682	-416.5514	-556.4037	139.8523	1.807668	1.166972
8688	-422.2363	-562.2949	140.0586	1.588212	1.178494
8694	-419.0692	-558.9319	139.8627	1.869338	1.102566
8700	-413.1336	-553.336	140.2024	1.884809	0.6922176
8706	-418.1697	-558.0717	139.9021	2.222427	0.6120244
8712	-421.9959	-561.9736	139.9777	2.147304	0.6106342
8718	-412.2908	-552.1257	139.8349	2.297717	0.4215097
8724	-426.303	-564.2442	137.9412	1.316071	2.807254
8730	-422.1996	-561.257	139.0574	1.045926	2.280254
8736	-428.4203	-566.6542	138.2339	1.401933	2.57471
8742	-414.4666	-553.5007	139.0341	1.209017	2.190243
8748	-417.997	-557.1123	139.1153	0.9508309	2.304014
8754	-414.2039	-554.0267	139.8229	1.331163	1.567497
8760	-409.0207	-548.77	139.7493	1.523653	1.478984
8766	-412.6126	-552.8225	140.2099	1.535587	1.090212
8772	-429.1309	-568.8306	139.6997	2.440779	0.556237
8778	-418.2051	-558.2722	140.067	2.045264	0.6421476
8784	-419.0315	-559.2266	140.1951	1.921714	0.6316532
8790	-414.3785	-554.5853	140.2068	1.906847	0.6390585
8796	-412.3925	-552.4942	140.1017	2.031507	0.5857304
8802	-413.888	-553.9216	140.0337	2.099635	0.5853541
8808	-415.3246	-555.3872	140.0626	2.034102	0.674681
8814	-414.9723	-554.2372	139.2649	1.355242	1.941382
8820	-406.9863	-547.258	140.2717	1.777264	0.7543575
8826	-401.8978	-541.9717	140.0739	1.698329	1.065233
8832	-403.0319	-543.1977	140.1659	1.517088	1.146771
8838	-413.8854	-553.6309	139.7455	1.446816	1.539279
8844	-414.4568	-554.4566	139.9998	1.284802	1.47017
8850	-415.5015	-554.9645	139.463	1.269942	1.864927
8856	-408.4162	-548.7559	140.3397	1.508591	0.9911655
8862	-408.5643	-548.3508	139.7865	1.487338	1.478264
8868	-419.2567	-559.2689	140.0122	1.515769	1.278699
8874	-413.7227	-553.8354	140.1127	1.47033	1.232943
8880	-407.9353	-548.1465	140.2111	1.600795	1.02725
8886	-415.2825	-555.552	140.2695	1.569988	1.000063
8892	-411.532	-551.7638	140.2318	1.837223	0.7233384
8898	-417.8321	-558.1205	140.2884	1.815005	0.6613205
8904	-407.1406	-547.1544	140.0137	2.122641	0.5741213
8910	-423.8203	-563.9599	140.1396	1.849506	0.8351673
8916	-414.0946	-554.1615	140.0669	1.896611	0.8661963
8922	-415.4242	-555.6412	140.217	1.883006	0.6681265
8928	-416.3487	-556.4669	140.1182	2.02224	0.5565286
8934	-409.3129	-549.2056	139.8927	2.24692	0.4439091
8940	-408.394	-548.2982	139.9041	2.236994	0.4503854
8946	-400.493	-540.5305	140.0375	2.108872	0.4986089
8952	-404.8055	-544.7376	139.9321	2.210815	0.4596638
8958	-394.4623	-534.6348	140.1725	1.968175	0.5555853
8964	-395.9927	-536.2449	140.2522	1.763614	0.8007448
8970	-410.1791	-550.0914	139.9123	1.726197	1.185656
8976	-406.5512	-546.8359	140.2847	1.826856	0.6439016
8982	-399.1691	-539.3457	140.1766	1.964121	0.5552206
8988	-401.9348	-542.1501	140.2153	1.926998	0.5467088
8994	-414.0554	-553.393	139.3376	1.032462	2.107502
9000	-412.3811	-551.8536	139.4725	1.185097	1.916093
9006	-421.247	-561.2866	140.0396	1.421138	1.33322
9012	-415.9275	-556.127	140.1994	1.931135	0.5943215
9018	-414.7732	-554.8228	140.0497	1.654133	1.128173
9024	-408.0789	-548.1449	140.0659	1.56442	1.192709
9030	-413.9235	-554.2193	140.2958	1.566136	0.9773433
9036	-411.6845	-551.9914	140.3069	1.798154	0.6578598
9042	-420.5381	-560.7111	140.173	1.914171	0.6924397
9048	-428.3637	-568.5968	140.2331	1.744959	0.8486832
9054	-421.271	-561.5129	140.2419	1.851849	0.6802904
9060	-412.7531	-552.9551	140.202	1.891393	0.6808892
9066	-403.8575	-544.1631	140.3056	1.80955	0.6355297
9072	-404.4955	-544.7628	140.2672	1.80955	0.7104241
9078	-406.0589	-546.1134	140.0544	2.089075	0.4629332
9084	-407.6452	-547.6815	140.0363	2.105299	0.5504151
9090	-406.315	-546.5441	140.229	1.757932	0.8377937
9096	-414.3689	-554.3307	139.9618	1.900649	0.9768388
9102	-403.8195	-544.058	140.2386	1.638457	0.9617837
9108	-404.3509	-544.4677	140.1168	1.639024	1.080671
9114	-405.297	-545.1593	139.8623	1.452031	1.44754
9120	-404.9385	-544.6277	139.6892	1.28065	1.700218
9126	-410.9613	-550.4254	139.4641	1.369246	1.795838
9132	-406.2219	-546.1701	139.9482	1.694446	1.182077
9138	-417.1845	-556.7286	139.5441	1.710771	1.492602
9144	-417.2173	-557.456	140.2387	1.515477	1.082184
9150	-411.6533	-551.8036	140.1503	1.780842	0.9033868
9156	-407.7833	-547.8732	140.0899	1.611554	1.130274
9162	-410.1156	-550.2539	140.1384	1.790839	0.9055869
9168	-419.3324	-559.5168	140.1844	1.727231	0.9249185
9174	-421.236	-559.7534	138.5174	1.406735	2.394258
9180	-412.1071	-552.2498	140.1427	1.84616	0.8355065
9186	-416.8836	-557.1381	140.2545	1.886112	0.555818
9192	-411.0828	-551.3171	140.2344	1.66313	0.940162
9198	-406.4203	-546.542	140.1217	1.775818	0.940162
9204	-412.523	-552.0849	139.5619	1.686791	1.497235
9210	-408.5489	-548.6169	140.0681	1.87495	0.889997
9216	-409.9149	-550.0112	140.0963	1.535811	1.191204
9222	-405.7356	-545.9406	140.205	1.670348	0.9634836
9228	-406.5975	-546.9369	140.3394	1.669961	0.8093511
9234	-406.5087	-546.6403	140.1316	1.770419	0.9353134
9240	-404.0148	-543.9655	139.9506	1.415268	1.407851
9246	-402.6626	-542.941	140.2784	1.49879	1.06059
9252	-411.9452	-551.4432	139.498	1.394137	1.754936
9258	-413.6802	-552.928	139.2479	1.171446	2.075129
9264	-411.3328	-550.5169	139.1841	1.171285	2.117074
9270	-408.1066	-548.1156	140.009	1.321879	1.434841
9276	-403.2837	-543.2814	139.9976	1.319598	1.445309
9282	-405.5314	-545.0995	139.5682	1.642022	1.52599
9288	-404.0104	-544.08	140.0695	1.559054	1.194211
9294	-403.6142	-543.8813	140.2671	1.735827	0.8176315
9300	-410.8053	-550.9518	140.1465	1.865292	0.8060443
9306	-414.7188	-554.8517	140.1329	1.717961	0.9885855
9312	-410.3594	-550.5637	140.2043	1.811582	0.8006307
9318	-412.6107	-552.5562	139.9455	1.750416	1.135221
9324	-419.6983	-559.8232	140.1249	1.750416	0.9635033
9330	-417.5748	-557.8719	140.2972	1.827916	0.6104853
9336	-409.8081	-549.9028	140.0947	1.856283	0.8808169
9342	-411.4108	-551.678	140.2672	1.808567	0.7122319
9348	-408.9643	-549.1747	140.2104	1.808567	0.7965315
9354	-413.5768	-553.5686	139.9918	1.835446	1.012177
9360	-411.7356	-552.0253	140.2897	1.762021	0.7502125
9366	-409.7069	-549.7603	140.0533	1.99837	0.7502125
9372	-398.0841	-538.2096	140.1254	2.01187	0.5705069
9378	-399.4835	-539.7865	140.303	1.747677	0.7517574
9384	-419.1521	-559.5009	140.3488	1.630485	0.8473029
9390	-407.5408	-547.8009	140.2601	1.842767	0.6624168
9396	-400.8078	-541.0197	140.2119	1.856728	0.7239034
9402	-399.7019	-539.5949	139.893	2.24016	0.4231339
9408	-400.0833	-540.0762	139.9928	2.153509	0.5053668
9414	-406.7999	-546.9233	140.1234	1.958087	0.7023196
9420	-404.4157	-544.4334	140.0177	2.119129	0.572454
9426	-415.7104	-555.8474	140.137	1.735401	0.9665938
9432	-413.8241	-554.1259	140.3018	1.778341	0.7047762
9438	-404.3943	-544.7387	140.3444	1.735736	0.7047762
9444	-405.9966	-546.3759	140.3793	1.505454	0.9536681
9450	-412.5561	-552.5786	140.0225	1.925828	0.8839135
9456	-409.5378	-549.4758	139.938	2.168887	0.6539109
9462	-412.6115	-552.4832	139.8717	2.274413	0.4881487
9468	-408.6978	-548.8615	140.1637	1.976459	0.4463544
9474	-421.0465	-561.1549	140.1085	2.026217	0.5805026
9480	-422.0569	-562.1462	140.0894	1.530838	1.201416
9486	-420.4995	-560.6504	140.1509	1.516797	1.160221
9492	-425.015	-564.6704	139.6554	1.408668	1.632895
9498	-424.2607	-564.0037	139.743	1.513121	1.491633
9504	-427.0934	-566.8214	139.728	1.299244	1.65935
9510	-421.9045	-561.8836	139.979	1.591767	1.243222
9516	-420.0168	-559.5449	139.5281	1.336013	1.774481
9522	-419.4158	-559.4297	140.0139	2.059826	0.715566
9528	-412.5041	-552.7102	140.2061	1.873721	0.7053161
9534	-414.056	-554.3824	140.3264	1.66302	0.8347975
9540	-411.3624	-551.4516	140.0892	1.741856	1.008427
9546	-413.4008	-553.119	139.7183	1.971315	1.140882
9552	-417.1941	-557.1347	139.9406	1.742566	1.146573
9558	-395.8923	-536.1453	140.253	1.531614	1.053529
9564	-399.1259	-538.9012	139.7753	1.612224	1.391007
9570	-396.3157	-536.3108	139.9952	1.59202	1.229476
9576	-402.8666	-543.0776	140.211	1.458419	1.158759
9582	-409.27	-549.3658	140.0957	1.741329	1.002491
9588	-417.243	-557.3003	140.0573	1.771228	1.010997
9594	-404.6268	-544.7762	140.1495	1.77116	0.9150996
9600	-400.1149	-540.1571	140.0423	2.100436	0.5442569
9606	-406.1885	-546.1305	139.9421	2.203898	0.5148984
9612	-416.0143	-555.7922	139.7779	2.321029	0.3613133
9618	-415.6856	-555.493	139.8073	2.330037	0.4358402
9624	-416.6015	-556.6473	140.0458	1.507892	1.257511
9630	-411.8286	-552.1408	140.3122	1.366717	1.150327
9636	-414.117	-554.1009	139.9838	1.389404	1.402149
9642	-421.3754	-561.451	140.0756	1.259543	1.431615
9648	-416.8333	-557.0994	140.2661	1.432665	1.132686
9654	-421.8013	-561.9353	140.134	1.959536	0.6806832
9660	-410.4635	-549.284	138.8205	1.458649	2.166838
9666	-408.0677	-547.7142	139.6465	1.141907	1.826895
9672	-404.6745	-544.4164	139.7419	1.339719	1.620257
9678	-423.7425	-563.2716	139.5291	1.508806	1.651736
9684	-409.1982	-549.2515	140.0533	1.462153	1.288985
9690	-404.9714	-545.1508	140.1794	1.408362	1.228979
9696	-401.657	-541.7789	140.1219	1.1971	1.444004
9702	-409.6515	-548.4972	138.8457	1.259632	2.278938
9708	-404.8868	-544.439	139.5522	1.182282	1.863825
9714	-412.229	-552.6535	140.4244	1.328513	1.083317
9720	-392.5295	-532.7302	140.2007	1.55221	1.083317
9726	-399.0016	-539.2628	140.2613	1.708203	0.8590769
9732	-418.2487	-558.3078	140.0591	1.509935	1.244671
9738	-421.3288	-561.3853	140.0565	1.512568	1.244671
9744	-417.0824	-556.849	139.7666	1.688215	1.337933
9750	-416.7031	-556.4261	139.723	1.34843	1.627599
9756	-419.4965	-559.7996	140.3031	1.530968	1.005483
9762	-423.8917	-563.4233	139.5316	1.635485	1.5579
9768	-426.5562	-566.4937	139.9375	1.635485	1.241363
9774	-424.3325	-564.2591	139.9266	1.646419	1.241363
9780	-414.8651	-555.053	140.1879	1.482482	1.157874
9786	-417.3571	-557.2714	139.9143	1.786979	1.130459
9792	-416.0222	-556.2786	140.2564	1.736191	0.8307847
9798	-409.2505	-549.3133	140.0629	1.798413	0.9780162
9804	-407.1579	-547.3738	140.2159	1.532351	1.087674
9810	-406.9042	-547.3458	140.4416	1.388393	1.009464
9816	-409.3829	-549.3871	140.0042	1.394765	1.382106
9822	-406.0539	-546.3102	140.2564	1.688815	0.8875005
9828	-410.3958	-550.2514	139.8555	1.428604	1.47052
9834	-408.6407	-548.4981	139.8574	1.289243	1.572903
9840	-410.839	-550.9669	140.1279	1.90567	0.7765687
9846	-413.8505	-553.9738	140.1232	1.910289	0.7765687
9852	-431.1896	-571.206	140.0164	2.124559	0.449451
9858	-426.7369	-566.7605	140.0236	2.121903	0.521877
9864	-417.0113	-557.141	140.1297	1.959142	0.6892794
9870	-423.0105	-563.0242	140.0137	2.105585	0.6256391
9876	-418.931	-558.988	140.0569	1.822641	0.959092
9882	-421.0649	-561.2739	140.209	1.810932	0.7952064
9888	-411.8713	-551.9794	140.1081	2.033343	0.5514257
9894	-417.6358	-557.7931	140.1572	1.946723	0.6601495
9900	-409.9431	-550.1523	140.2092	1.908962	0.6284657
9906	-411.0854	-551.2901	140.2047	1.919255	0.613405
9912	-412.3935	-552.5239	140.1305	1.771618	0.9352805
9918	-417.4237	-557.5395	140.1158	1.588783	1.127476
9924	-408.0385	-548.0825	140.0439	1.927085	0.857241
9930	-403.4147	-543.5442	140.1295	1.881897	0.8066171
9936	-397.4228	-537.3115	139.8888	1.712215	1.217812
9942	-403.3991	-543.7428	140.3437	1.254905	1.219793
9948	-405.6344	-546.0572	140.4228	1.466076	0.949328
9954	-404.9862	-545.2489	140.2626	1.777972	0.7665527
9960	-406.505	-546.8847	140.3797	1.757215	0.5718759
9966	-422.4959	-562.7201	140.2242	1.912752	0.5718901
9972	-423.3256	-562.7849	139.4593	2.562635	0.2901805
9978	-417.1132	-556.4669	139.3537	2.565715	0.2341352
9984	-419.7762	-559.1277	139.3515	2.590451	0.2444788
9990	-415.7438	-554.8932	139.1495	2.703974	0.2080417
9996	-413.6778	-552.857	139.1793	2.635436	0.1949732
10002	-402.9416	-542.2381	139.2965	2.610215	0.2286671
10008	-412.2293	-551.7482	139.5189	2.505314	0.2917738
10014	-407.3802	-546.9036	139.5233	2.500892	0.2917738
10020	-408.2404	-547.7082	139.4678	2.502158	0.2586233
10026	-410.8887	-550.1759	139.2872	2.521088	0.1929423
10032	-412.5371	-552.0559	139.5188	2.469586	0.2689626
10038	-409.352	-548.8513	139.4993	2.469586	0.2580882
10044	-404.4845	-544.8346	140.3501	1.701853	0.749796
10050	-406.2062	-546.431	140.2248	1.903312	0.6017002
10056	-410.1867	-550.4283	140.2416	1.891304	0.586552
10062	-413.6854	-553.8381	140.1527	1.980292	0.586552
10068	-410.0378	-550.1114	140.0736	1.954189	0.7846039
10074	-406.1285	-546.2471	140.1186	2.02717	0.517575
10080	-406.5209	-546.7293	140.2083	1.637104	0.9940754
10086	-402.4081	-542.4093	140.0012	1.440359	1.348515
10092	-397.9301	-537.7379	139.8078	1.565082	1.402467
10098	-399.1976	-539.217	140.0194	1.826424	0.9937062
10104	-397.8808	-537.9843	140.1035	1.674442	1.059852
10110	-397.555	-537.8299	140.2749	1.416319	1.13943
10116	-398.0984	-537.9947	139.8962	1.54298	1.350344
10122	-401.5915	-541.0712	139.4797	1.548203	1.658921
10128	-406.3452	-546.3833	140.0382	1.33485	1.402317
10134	-406.4496	-546.4092	139.9595	1.492811	1.3399
10140	-407.6824	-547.5853	139.9029	1.319475	1.516892
10146	-410.2909	-549.7001	139.4092	1.319475	1.867825
10152	-408.6527	-548.971	140.3183	1.456224	1.063085
10158	-407.0718	-546.9109	139.8391	1.390568	1.511457
10164	-414.4592	-554.2425	139.7833	1.731079	1.289841
10170	-402.7628	-542.3947	139.6319	1.34413	1.695819
10176	-406.9179	-546.7	139.7821	1.193999	1.695819
10182	-406.9912	-546.2706	139.2794	1.255264	1.998686
10188	-407.9479	-547.3411	139.3932	1.184837	1.969719
10194	-402.9258	-542.7076	139.7818	1.237492	1.66504
10200	-402.776	-542.7921	140.0161	1.717462	1.10116
10206	-409.4229	-549.4557	140.0328	1.940293	0.8547667
10212	-402.329	-542.4125	140.0835	2.055803	0.5619581
10218	-402.9248	-543.1333	140.2084	1.817095	0.7876465
10224	-406.2241	-546.3793	140.1552	1.97175	0.6053033
10230	-405.5223	-545.4317	139.9094	2.232996	0.5460774
10236	-397.8725	-537.9367	140.0642	2.072796	0.5717188
10242	-418.309	-557.5588	139.2498	2.729756	0.2639018
10248	-410.3086	-549.554	139.2454	2.701513	0.2468838
10254	-408.9972	-549.0178	140.0206	2.113827	0.5813257
10260	-405.1744	-544.501	139.3265	2.692238	0.2880206
10266	-410.3796	-549.6124	139.2328	2.671665	0.2277133
10272	-405.4624	-544.6894	139.227	2.642674	0.2139832
10278	-399.1509	-538.3869	139.236	2.640544	0.2165608
10284	-406.2745	-545.6672	139.3926	2.640544	0.2982244
10290	-408.8313	-548.4513	139.62	2.486196	0.3712745
10296	-402.2407	-542.1511	139.9104	2.231193	0.4524251
10302	-395.2137	-535.1217	139.908	2.231193	0.4424787
10308	-404.6227	-544.2249	139.6022	2.494123	0.3580022
10314	-405.4187	-544.5664	139.1478	2.734708	0.218848
10320	-407.8614	-547.2814	139.42	2.576367	0.2736777
10326	-419.9326	-558.563	138.6304	2.980136	0.1433838
10332	-414.5158	-553.1152	138.5995	3.044208	0.1502668
10338	-413.5341	-552.22	138.686	3.060878	0.1750725
10344	-409.7798	-548.282	138.5021	3.060878	0.1342566
10350	-409.511	-548.4791	138.9681	2.812984	0.1846939
10356	-412.5944	-551.6085	139.0141	2.824999	0.2030517
10362	-417.4292	-556.4708	139.0416	2.824999	0.2128279
10368	-413.2804	-552.2499	138.9695	2.75336	0.1687901
10374	-407.0188	-545.8857	138.8668	2.896181	0.1795102
10380	-418.0019	-556.9474	138.9455	2.896181	0.2039313
10386	-419.8158	-558.7915	138.9757	2.859996	0.2018809
10392	-410.6118	-549.415	138.8032	2.87287	0.1574763
10398	-411.4872	-550.393	138.9058	2.770306	0.1574763
10404	-413.5769	-553.0032	139.4263	2.554016	0.2643004
10410	-418.3407	-558.2785	139.9377	2.173436	0.3787788
10416	-415.099	-555.0289	139.9299	2.181265	0.3787788
10422	-414.7632	-554.6509	139.8878	2.22369	0.3791935
10428	-413.2078	-553.1141	139.9063	2.22369	0.4147762
10434	-416.0035	-555.8858	139.8823	2.248577	0.4169175
10440	-416.9406	-556.7764	139.8358	2.295056	0.4169175
10446	-414.3455	-554.152	139.8064	2.295056	0.3647571
10452	-419.1972	-558.948	139.7508	2.319396	0.3293024
10458	-415.7311	-555.7893	140.0581	2.078287	0.4325827
10464	-408.3705	-548.3375	139.967	2.154841	0.3972429
10470	-414.3978	-554.3593	139.9614	2.13795	0.3619592
10476	-412.4698	-552.5536	140.0838	2.001952	0.6949199
10482	-416.8278	-556.6927	139.8649	1.310242	1.551957
10488	-415.3933	-554.8356	139.4422	1.156216	1.955985
10494	-414.9191	-555.0853	140.1663	1.929837	0.6757665
10500	-421.0195	-561.0411	140.0216	2.08117	0.6626578
10506	-416.6807	-556.6366	139.9559	2.188545	0.4691089
10512	-405.5263	-545.4979	139.9716	2.158236	0.5966279
10518	-411.36	-551.2567	139.8966	2.236132	0.4219416
10524	-419.4975	-559.2361	139.7387	2.394082	0.4219416
10530	-420.6952	-561.0281	140.3329	1.758598	0.6844587
10536	-418.3927	-558.6998	140.3071	1.758598	0.7286116
10542	-414.1919	-554.3421	140.1502	1.87836	0.7835369
10548	-414.1689	-554.2424	140.0735	1.988521	0.7344223
10554	-411.8018	-551.9519	140.1501	1.911915	0.7344223
10560	-413.5741	-553.4209	139.8468	1.844312	1.139541
10566	-412.5805	-552.3624	139.782	1.501164	1.471261
10572	-413.1097	-553.2952	140.1854	1.718507	0.9332746
10578	-408.618	-548.8683	140.2503	1.706568	0.8739564
10584	-411.0773	-551.3081	140.2307	1.870566	0.6655808
10590	-412.3929	-552.7474	140.3545	1.48678	0.9982273
10596	-413.1313	-553.4848	140.3535	1.61197	0.8639139
10602	-413.6584	-553.8307	140.1723	1.345533	1.287001
10608	-411.7643	-551.5229	139.7586	1.627876	1.391859
10614	-401.8865	-542.0851	140.1986	1.682139	0.9579001
10620	-398.9654	-539.0301	140.0647	1.358018	1.36343
10626	-404.3625	-544.0745	139.712	1.588598	1.458008
10632	-404.4358	-544.4911	140.0553	1.611957	1.160609
10638	-398.2216	-538.5333	140.3117	1.448139	1.076916
10644	-394.4882	-534.6537	140.1655	1.792143	0.8731464
10650	-405.5815	-545.7924	140.2109	1.693798	0.9324175
10656	-399.4938	-539.6258	140.132	2.01429	0.5064407
10662	-406.663	-546.9346	140.2716	1.864358	0.4310547
10668	-402.7266	-542.5983	139.8718	2.25976	0.4186562
10674	-407.7813	-547.5929	139.8116	2.25976	0.3304515
10680	-411.2719	-551.1736	139.9017	2.172271	0.3330776
10686	-415.7911	-555.6769	139.8858	2.231448	0.3888321
10692	-411.5529	-551.4556	139.9027	2.233704	0.4326052
10698	-408.9731	-548.7646	139.7914	2.268401	0.3197563
10704	-422.8669	-562.4253	139.5585	2.390356	0.2478048
10710	-423.2872	-562.9282	139.641	2.419703	0.3205486
10716	-415.3994	-555.0205	139.6211	2.406587	0.2942278
10722	-420.1612	-560.3189	140.1576	1.905578	0.7325526
10728	-422.9874	-563.0111	140.0237	1.837119	0.9785145
10734	-419.4732	-559.4293	139.956	1.554743	1.292796
10740	-412.151	-552.2845	140.1335	1.800324	0.9004106
10746	-418.3682	-558.373	140.0049	1.960416	0.8640735
10752	-411.2989	-551.3606	140.0617	2.073943	0.5769838
10758	-409.319	-549.3864	140.0674	2.073943	0.451433
10764	-411.9468	-551.8035	139.8567	2.284638	0.451433
10770	-412.192	-552.4697	140.2777	1.807608	0.6957586
10776	-411.9438	-552.1404	140.1966	1.879866	0.7109735
10782	-411.0285	-551.2615	140.2329	1.874535	0.6527872
10788	-416.2509	-556.323	140.0721	1.938613	0.8074964
10794	-430.2344	-570.3103	140.0759	1.95185	0.7846176
10800	-414.2804	-554.4671	140.1867	1.901068	0.691274
10806	-410.9659	-550.8119	139.846	2.032228	0.9605122
10812	-405.7586	-545.7808	140.0222	1.816342	1.001012
10818	-411.1761	-551.1277	139.9515	1.536591	1.311156
10824	-417.9731	-558.1254	140.1523	1.673812	1.013388
10830	-416.0383	-556.2055	140.1673	1.885336	0.7488671
10836	-412.7381	-552.8138	140.0757	2.064684	0.5569539
10842	-410.0489	-550.0789	140.03	2.089514	0.6251525
10848	-414.4489	-554.5515	140.1026	2.023701	0.6070373
10854	-418.0369	-558.2622	140.2253	1.627389	0.9867626
10860	-421.2023	-561.0492	139.8468	1.570524	1.367621
10866	-423.8639	-564.2027	140.3387	1.449961	1.04965
10872	-416.9765	-557.2334	140.2569	1.603441	0.9789777
10878	-404.2175	-544.3321	140.1146	1.448929	1.249316
10884	-416.0147	-556.264	140.2493	1.286726	1.272115
10890	-404.4752	-544.3216	139.8463	1.477556	1.440226
10896	-400.9534	-540.7907	139.8372	1.540701	1.398493
10902	-405.9166	-546.0282	140.1116	1.456793	1.245235
10908	-414.2219	-554.2901	140.0682	1.503431	1.242512
10914	-406.6446	-546.7915	140.1469	1.771647	0.9174303
10920	-407.101	-547.3611	140.2601	1.76701	0.7855261
10926	-409.0753	-549.2866	140.2112	1.904804	0.6335729
10932	-401.3187	-541.401	140.0823	2.057291	0.4439553
10938	-407.8121	-547.7865	139.9743	2.083347	0.7411473
10944	-407.6682	-547.8197	140.1515	1.906181	0.7411473
10950	-403.219	-543.4133	140.1943	1.951403	0.5183539
10956	-408.8933	-549.1406	140.2473	1.830492	0.7087822
10962	-398.7016	-538.9129	140.2114	1.885758	0.6737941
10968	-398.2768	-538.5554	140.2786	1.601573	0.9584682
10974	-404.7945	-544.905	140.1105	1.957122	0.7255468
10980	-411.0253	-551.3194	140.2941	1.827171	0.6205769
10986	-406.0658	-546.3685	140.3026	1.755957	0.7397502
10992	-419.7512	-559.9167	140.1656	1.555642	1.112434
10998	-409.6102	-549.5608	139.9505	1.770689	1.112434
11004	-409.3282	-549.5387	140.2105	1.876535	0.6925913
11010	-416.1886	-556.4097	140.2211	1.706273	0.9076191
11016	-414.9509	-554.972	140.0211	1.989456	0.8076904
11022	-411.7703	-551.8782	140.1079	1.556125	1.163446
11028	-410.3714	-549.6323	139.2609	1.274715	1.998061
11034	-405.36	-545.6895	140.3295	1.600248	0.9049519
11040	-411.2777	-551.163	139.8853	1.887724	1.064522
11046	-409.7662	-549.8875	140.1213	1.969393	0.685995
11052	-406.8446	-546.9672	140.1226	1.986179	0.6500457
11058	-406.2305	-546.3689	140.1385	1.81863	0.8737069
11064	-406.8638	-547.0275	140.1637	1.889629	0.7477535
11070	-404.1152	-544.225	140.1098	1.791186	0.9364588
11076	-414.5921	-554.7242	140.1321	1.960764	0.6818633
11082	-410.1204	-550.4234	140.303	1.757494	0.7368668
11088	-411.9079	-551.8787	139.9709	1.863663	1.005
11094	-409.4671	-549.5338	140.0667	2.071774	0.5656197
11100	-401.6229	-541.7486	140.1257	1.965373	0.685194
11106	-415.0256	-555.0227	139.9971	2.111206	0.6510787
11112	-416.0014	-555.8458	139.8444	2.226132	0.3296191
11118	-410.813	-550.8451	140.0321	2.067922	0.3627791
11124	-413.3879	-553.7016	140.3137	1.720682	0.7753537
11130	-416.6491	-556.7599	140.1108	1.977632	0.6900425
11136	-411.199	-551.2576	140.0586	2.084081	0.5445073
11142	-408.8915	-548.7957	139.9042	1.597011	1.30056
11148	-410.2578	-550.3237	140.0659	1.452365	1.286662
11154	-421.9322	-562.0155	140.0833	1.784264	0.9715579
11160	-416.8027	-556.6606	139.8578	1.521729	1.397228
11166	-413.2423	-553.1297	139.8874	1.59142	1.318655
11172	-420.2465	-560.2798	140.0333	1.748771	1.055972
11178	-414.6405	-554.649	140.0085	1.841662	0.9892802
11184	-405.7882	-544.9996	139.2114	1.215343	2.070234
11190	-410.1661	-549.7762	139.6101	1.307207	1.737296
11196	-417.6803	-557.3023	139.622	1.385658	1.673382
11202	-417.9697	-558.0894	140.1197	1.878915	0.8231368
11208	-422.9	-562.967	140.0671	2.044316	0.6442255
11214	-418.8089	-558.4959	139.6871	2.32156	0.2813207
11220	-410.0041	-549.8836	139.8795	1.832757	1.120564
11226	-399.757	-539.6882	139.9312	1.55963	1.309007
11232	-401.5671	-541.1856	139.6185	1.803411	1.364064
11238	-402.6081	-542.6478	140.0397	1.777932	1.021705
11244	-400.4757	-540.0215	139.5458	1.509582	1.639153
11250	-408.974	-547.8507	138.8766	1.452395	2.134325
11256	-417.7962	-557.9335	140.1373	1.588896	1.107911
11262	-414.2011	-553.6451	139.444	1.399211	1.789001
11268	-416.441	-556.0139	139.5729	1.051277	1.938668
11274	-420.1441	-560.3902	140.2462	1.379199	1.197007
11280	-404.7019	-544.9231	140.2212	1.517359	1.0966
11286	-412.2584	-552.0599	139.8015	1.428502	1.511233
11292	-406.5158	-546.6878	140.172	1.15777	1.435721
11298	-411.5185	-551.5326	140.0141	1.333115	1.422267
11304	-408.9262	-549.2331	140.3069	1.429344	1.098713
11310	-410.9584	-551.1598	140.2014	1.510421	1.120921
11316	-413.0242	-553.3466	140.3224	1.569677	0.945927
11322	-424.4021	-563.2641	138.8621	1.112903	2.362045
11328	-418.5569	-555.69	137.1331	0.8877812	3.541628
11334	-414.589	-554.2401	139.6512	1.197278	1.785363
11340	-418.293	-558.3019	140.0089	1.465728	1.322027
11346	-418.6209	-558.4197	139.7988	1.568995	1.406382
11352	-422.7613	-563.0968	140.3355	1.682252	0.7981654
11358	-420.7014	-560.6719	139.9705	1.678055	1.176976
11364	-405.6545	-545.9356	140.2811	1.709144	0.8337199
11370	-407.8162	-547.8787	140.0625	1.800707	0.97603
11376	-404.2333	-544.5085	140.2752	1.824137	0.6695016
11382	-401.4521	-541.5481	140.096	2.024443	0.622766
11388	-404.1556	-544.2743	140.1187	2.027636	0.4958122
11394	-412.0182	-551.9952	139.9769	2.158165	0.4285701
11400	-411.7499	-551.7315	139.9816	2.158165	0.4445494
11406	-409.0227	-549.1049	140.0822	2.061618	0.4648602
11412	-418.9805	-557.3798	138.3993	1.100382	2.6589
11418	-413.3384	-551.38	138.0417	1.156913	2.842885
11424	-423.324	-563.1395	139.8155	2.304019	0.3928421
11430	-402.5426	-542.689	140.1464	1.518678	1.162545
11436	-407.2304	-547.1519	139.9215	1.778615	1.131429
11442	-407.3575	-547.5829	140.2253	1.823038	0.7552335
11448	-404.8363	-545.1208	140.2845	1.76389	0.7552335
11454	-395.3402	-534.9953	139.6551	1.692846	1.421706
11460	-402.5116	-542.7713	140.2597	1.694836	0.8766903
11466	-404.5784	-544.3826	139.8042	1.860284	1.163095
11472	-402.2307	-542.0358	139.8051	1.588383	1.38637
11478	-399.2969	-538.2635	138.9666	1.304699	2.171957
11484	-413.5401	-553.4349	139.8948	1.569186	1.330593
11490	-404.45	-542.7368	138.2868	1.031578	2.77
11496	-408.103	-547.2577	139.1547	1.139566	2.156997
11502	-400.945	-540.863	139.918	1.47891	1.383682
11508	-405.0463	-545.0783	140.032	1.589415	1.200415
11514	-406.6498	-546.3943	139.7445	1.347935	1.612396
11520	-400.8704	-540.8195	139.9492	1.525151	1.322299
11526	-398.4064	-538.6451	140.2387	1.643006	0.9568875
11532	-407.5412	-547.581	140.0399	1.622291	1.165089
11538	-398.0944	-538.4078	140.3134	1.596764	0.9265628
11544	-410.8984	-550.55	139.6516	1.663961	1.446597
11550	-412.8573	-552.7434	139.8862	1.809102	1.135813
11556	-420.7681	-560.8829	140.1148	1.650234	1.072037
11562	-405.542	-545.5684	140.0264	1.646322	1.15583
11568	-407.4557	-547.6877	140.232	1.608849	0.9986646
11574	-406.0057	-545.8604	139.8547	1.423331	1.475153
11580	-410.7172	-550.7114	139.9942	1.28375	1.475153
11586	-410.4574	-550.2868	139.8294	1.418133	1.4981
11592	-416.0701	-555.2028	139.1327	1.409361	1.993746
11598	-409.5835	-549.151	139.5675	1.253876	1.804121
11604	-410.4841	-550.5101	140.026	1.37345	1.381689
11610	-409.7481	-550.0007	140.2526	1.530335	1.055097
11616	-400.5595	-540.7332	140.1737	1.74365	0.9186709
11622	-407.3166	-547.4862	140.1696	1.838905	0.810404
11628	-398.7574	-539.0013	140.2439	1.838905	0.7001532
11634	-411.2835	-551.4379	140.1545	1.928296	0.7001532
11640	-407.7631	-547.9317	140.1686	1.845995	0.8023968
11646	-408.3866	-548.6585	140.272	1.792113	0.731208
11652	-411.3141	-551.2968	139.9828	1.83925	1.017367
11658	-404.091	-544.256	140.165	1.697451	0.9768498
11664	-405.0755	-545.3814	140.3058	1.839146	0.5271849
11670	-406.8663	-547.0882	140.222	1.893627	0.6345179
11676	-412.5302	-552.6951	140.1649	1.88092	0.7589625
11682	-403.0851	-543.3002	140.2151	1.830747	0.7589625
11688	-412.3004	-552.526	140.2256	1.587392	1.026211
11694	-410.2869	-550.2694	139.9825	1.518446	1.300818
11700	-405.4462	-545.7144	140.2682	1.587193	0.9840289
11706	-407.3145	-547.3676	140.0531	1.782913	1.003536
11712	-407.9613	-548.1514	140.1901	1.655488	0.9939467
11718	-411.4863	-551.6661	140.1798	1.789596	0.8591379
11724	-406.1435	-546.1314	139.9879	2.109375	0.6735466
11730	-414.1873	-553.6504	139.4631	1.140514	1.952508
11736	-403.8843	-544.0961	140.2118	1.411598	1.198689
11742	-400.6582	-541.012	140.3538	1.607312	0.868971
11748	-406.9991	-547.3201	140.321	1.639561	0.8696551
11754	-406.4153	-546.2126	139.7973	1.387358	1.5449
11760	-402.0905	-542.2238	140.1333	1.770812	0.9330599
11766	-405.1818	-545.3246	140.1428	1.987998	0.5935061
11772	-423.2847	-563.6344	140.3497	1.400699	1.085623
11778	-418.1658	-558.2518	140.0859	1.713956	1.038908
11784	-401.4552	-541.1789	139.7238	2.335151	0.3189534
11790	-409.6	-549.3364	139.7364	2.2984	0.2994376
11796	-407.9585	-547.5947	139.6362	2.441015	0.3363068
11802	-405.1898	-544.9268	139.737	2.368264	0.3700242
11808	-409.3953	-549.3693	139.974	2.170481	0.4696631
11814	-405.1659	-545.2345	140.0687	1.489513	1.253759
11820	-408.0294	-547.7992	139.7697	2.268781	0.3022416
11826	-405.3413	-545.3366	139.9953	2.136524	0.4194024
11832	-416.6146	-556.7092	140.0946	1.743688	1.001229
11838	-411.8065	-551.9743	140.1678	1.948419	0.63313
11844	-405.6544	-545.3661	139.7117	1.615952	1.437361
11850	-404.6258	-544.9774	140.3516	1.58497	0.8973193
11856	-409.376	-549.6007	140.2247	1.58497	1.029457
11862	-415.8515	-555.7719	139.9204	1.510644	1.356806
11868	-417.6599	-557.8863	140.2264	1.658914	0.9530415
11874	-398.8546	-539.2527	140.3982	1.609926	0.8109538
11880	-404.4757	-544.5935	140.1179	1.555116	1.155563
11886	-409.4151	-549.6594	140.2442	1.824016	0.7245411
11892	-410.092	-550.2665	140.1745	1.955552	0.5959697
11898	-412.5093	-552.7317	140.2224	1.907678	0.5959697
11904	-413.5124	-553.6888	140.1764	1.960913	0.5704305
11910	-418.1861	-558.1784	139.9923	1.748546	1.094462
11916	-417.5824	-556.496	138.9136	1.374478	2.161039
11922	-416.7374	-555.1272	138.3898	1.029002	2.708579
11928	-419.2348	-559.2229	139.9881	1.687297	1.153476
11934	-421.1371	-561.1279	139.9908	1.84052	1.00818
11940	-414.4647	-554.7398	140.275	1.680597	0.8754238
11946	-402.4013	-541.8418	139.4406	1.478318	1.736175
11952	-405.4537	-545.1902	139.7365	1.456038	1.539074
11958	-401.34	-541.3829	140.0429	1.652733	1.135486
11964	-412.0279	-552.0179	139.99	1.815877	1.033089
11970	-409.075	-548.9613	139.8863	1.613829	1.301469
11976	-410.3034	-550.4802	140.1768	1.618717	1.043112
11982	-404.027	-544.2571	140.2302	1.779737	0.8085583
11988	-402.7986	-542.7935	139.9949	1.860398	0.9841625
11994	-414.5017	-554.7076	140.2059	1.51548	1.112274
12000	-415.4142	-555.7867	140.3725	1.375624	1.087757
12006	-409.9384	-550.136	140.1977	1.55049	1.087757
12012	-414.9672	-554.8952	139.928	1.807645	1.099253
12018	-421.748	-561.8432	140.0952	1.728864	1.015386
12024	-420.0749	-560.1477	140.0727	1.913014	0.839316
12030	-416.6954	-556.7529	140.0575	2.006103	0.7319726
12036	-408.4863	-548.5015	140.0152	1.741564	1.07971
12042	-406.1804	-546.2805	140.1002	1.65945	1.07711
12048	-410.1003	-550.2199	140.1196	1.781778	0.9359996
12054	-412.7326	-552.2818	139.5492	2.464234	0.284477
12060	-409.0869	-548.8538	139.767	2.307841	0.3338757
12066	-405.035	-544.5104	139.4754	2.470198	0.2462201
12072	-403.4228	-543.0529	139.6301	2.467505	0.3596931
12078	-407.093	-547.0842	139.9912	2.089659	0.7034862
12084	-410.9292	-551.145	140.2157	1.885074	0.6665258
12090	-406.7845	-546.6624	139.878	2.086749	0.8647419
12096	-405.0658	-545.152	140.0862	1.877051	0.8664989
12102	-417.4686	-557.4819	140.0133	1.396165	1.373875
12108	-414.3098	-553.6177	139.3079	1.531642	1.791568
12114	-405.5199	-544.2622	138.7423	1.040803	2.482936
12120	-415.3542	-554.1167	138.7625	1.020623	2.482936
12126	-408.0621	-546.74	138.6779	1.105238	2.482936
12132	-407.5758	-546.5499	138.9742	0.9948279	2.365843
12138	-405.7419	-545.2851	139.5432	1.249564	1.823856
12144	-405.3684	-544.2387	138.8703	1.061569	2.389328
12150	-402.7898	-542.3437	139.5539	1.118735	1.90591
12156	-405.3212	-544.8051	139.4838	1.198619	1.899294
12162	-402.6928	-541.9396	139.2468	1.166885	2.078861
12168	-404.5921	-544.7076	140.1154	1.553154	1.15946
12174	-398.5772	-538.6978	140.1205	1.553154	1.154964
12180	-411.3221	-550.9264	139.6044	1.346442	1.713669
12186	-414.9361	-554.8125	139.8764	1.51577	1.387404
12192	-414.4905	-554.6085	140.118	1.467872	1.230565
12198	-413.7388	-553.6174	139.8786	1.69898	1.237557
12204	-417.4839	-557.5993	140.1154	1.936877	0.7493007
12210	-407.8939	-547.9823	140.0884	2.042886	0.5921139
12216	-414.5901	-554.7776	140.1875	1.950032	0.5695393
12222	-420.8375	-560.7681	139.9305	2.211467	0.454655
12228	-420.7838	-560.6574	139.8736	2.259165	0.4218635
12234	-411.023	-551.0385	140.0155	1.30917	1.439618
12240	-406.6249	-546.9523	140.3274	1.52971	0.9822525
12246	-407.7507	-547.1703	139.4196	1.523061	1.719455
12252	-413.1011	-553.3333	140.2322	1.852321	0.6970978
12258	-414	-554.2707	140.2706	1.813885	0.6970978
12264	-405.6377	-545.7043	140.0666	2.028843	0.6770879
12270	-404.4592	-544.5237	140.0645	1.964235	0.7832966
12276	-402.4937	-542.5518	140.0581	1.970591	0.7832966
12282	-405.4873	-545.6924	140.2051	1.794355	0.8221085
12288	-400.1839	-539.8131	139.6293	1.563534	1.538915
12294	-408.5898	-548.6251	140.0353	1.847355	0.9559228
12300	-411.8777	-551.766	139.8883	1.441667	1.435579
12306	-420.1064	-559.7789	139.6725	1.272567	1.717713
12312	-419.1796	-559.4649	140.2853	1.676819	0.8678262
12318	-419.7379	-559.9124	140.1745	1.91462	0.688787
12324	-418.6121	-558.6345	140.0224	1.463783	1.312723
12330	-420.8383	-560.832	139.9937	1.594177	1.228914
12336	-420.8883	-560.9879	140.0996	1.873036	0.8552949
12342	-427.3692	-566.2876	138.9185	2.912612	0.2003356
12348	-426.8259	-565.4473	138.6214	2.968783	0.1393623
12354	-415.5637	-554.6178	139.0541	2.76922	0.1977707
12360	-422.5528	-562.0685	139.5157	2.49206	0.2807701
12366	-428.1773	-567.633	139.4557	2.531088	0.2680007
12372	-420.1476	-559.4407	139.2931	2.684091	0.2625905
12378	-419.2086	-558.487	139.2784	2.625779	0.2276133
12384	-418.0584	-557.0107	138.9523	2.862864	0.19511
12390	-420.7063	-559.825	139.1187	2.862864	0.265
12396	-418.4401	-557.6296	139.1895	2.77909	0.257907
12402	-417.7142	-556.9461	139.2319	2.743251	0.2614451
12408	-426.4226	-565.7385	139.316	2.628227	0.2455521
12414	-416.6147	-556.023	139.4083	2.535916	0.2455521
12420	-416.8715	-556.84	139.9684	2.177902	0.4953527
12426	-416.0339	-556.0022	139.9683	2.177902	0.5102552
12432	-413.7874	-553.7082	139.9208	2.215423	0.4321366
12438	-421.0059	-561.0629	140.057	1.971051	0.7842487
12444	-425.6957	-565.4651	139.7694	2.315572	0.344549
12450	-426.2584	-566.0003	139.7419	2.370292	0.3803811
12456	-416.5908	-555.995	139.4041	2.525042	0.2385135
12462	-403.5353	-543.2984	139.7631	2.361493	0.4027478
12468	-405.3478	-544.721	139.3733	2.600353	0.2606251
12474	-413.5369	-553.1853	139.6484	2.364742	0.2842419
12480	-405.9111	-545.3862	139.4751	2.56482	0.3033066
12486	-396.6938	-535.3528	138.659	2.973394	0.147879
12492	-405.6304	-544.3371	138.7067	3.028168	0.1718984
12498	-400.1337	-538.6196	138.4859	2.986885	0.1189806
12504	-409.2018	-547.5983	138.3965	3.079383	0.1194583
12510	-404.8362	-543.4293	138.5931	2.987583	0.13755
12516	-406.4121	-545.0707	138.6586	2.922053	0.13755
12522	-409.6382	-548.2319	138.5937	2.986941	0.13755
12528	-408.1475	-546.5578	138.4104	3.066619	0.1196367
12534	-409.4313	-547.9239	138.4926	3.066619	0.1335686
12540	-411.3533	-549.4455	138.0922	3.273715	0.1037036
12546	-408.6815	-547.2644	138.5829	2.96191	0.1309694
12552	-411.4642	-550.0561	138.5919	2.96191	0.1325852
12558	-404.6209	-543.35	138.7291	2.919183	0.1512608
12564	-403.021	-542.1273	139.1064	2.676236	0.1851412
12570	-403.0405	-542.068	139.0275	2.686297	0.1665034
12576	-406.9357	-546.3221	139.3864	2.51246	0.225399
12582	-412.2778	-552.4978	140.22	1.520761	1.094565
12588	-420.9992	-561.2309	140.2317	1.700331	0.9023664
12594	-400.6242	-540.4169	139.7926	2.3289	0.3966588
12600	-432.9989	-572.9308	139.9319	2.199273	0.4177305
12606	-425.55	-565.2283	139.6783	2.433466	0.3796709
12612	-416.4684	-556.2084	139.74	2.366155	0.3712772
12618	-416.3999	-556.5214	140.1215	2.023465	0.5271036
12624	-418.5834	-558.5664	139.9831	2.160128	0.5411648
12630	-413.9357	-553.9784	140.0427	2.101337	0.5351978
12636	-410.9363	-550.9821	140.0459	2.085078	0.5931527
12642	-420.2343	-560.5052	140.2709	1.658453	0.9054375
12648	-429.6852	-569.8431	140.1579	1.935406	0.6811082
12654	-406.2243	-546.385	140.1606	1.847878	0.8103969
12660	-408.7339	-548.7656	140.0316	2.103012	0.5805812
12666	-412.8801	-552.8949	140.0148	2.131425	0.5078429
12672	-414.955	-555.0313	140.0763	1.832145	0.9283792
12678	-413.5089	-553.7136	140.2047	1.875431	0.7046698
12684	-414.3271	-554.4468	140.1197	1.890817	0.8077822
12690	-418.0126	-558.2063	140.1937	1.698921	0.9453314
12696	-419.4482	-559.5534	140.1051	1.618341	1.11041
12702	-418.8448	-559.0845	140.2397	1.693332	0.9012882
12708	-403.2069	-543.3922	140.1852	1.617019	1.036634
12714	-408.5483	-548.4829	139.9346	1.678537	1.207475
12720	-411.311	-551.2912	139.9802	1.369923	1.42003
12726	-413.7252	-554.0383	140.3131	1.506308	1.019944
12732	-410.2196	-550.5142	140.2947	1.614103	0.9280675
12738	-407.0592	-547.4146	140.3555	1.763059	0.6275157
12744	-413.0396	-553.1702	140.1306	2.005238	0.5761368
12750	-415.5135	-555.6834	140.1698	1.975928	0.5180503
12756	-417.9611	-558.0737	140.1126	2.033125	0.4818427
12762	-412.3985	-552.4394	140.0409	2.104791	0.4818427
12768	-411.7046	-551.7681	140.0635	2.015604	0.7065402
12774	-401.5816	-541.7556	140.174	1.920763	0.678405
12780	-411.4154	-551.6402	140.2248	1.920763	0.5208131
12786	-411.6004	-551.7423	140.1419	1.923078	0.7297222
12792	-414.8801	-555.1063	140.2262	1.710257	0.8974144
12798	-412.1595	-552.2233	140.0638	1.792071	0.9834843
12804	-408.3616	-548.4842	140.1226	1.788887	0.925078
12810	-409.8052	-550.0655	140.2603	1.867225	0.6035061
12816	-413.8244	-553.8079	139.9835	2.10329	0.6930939
12822	-412.8098	-552.5496	139.7398	2.398184	0.4379374
12828	-414.5222	-554.4129	139.8907	2.247226	0.4377544
12834	-406.7902	-546.4136	139.6234	2.407528	0.2965762
12840	-414.1486	-553.982	139.8334	2.30911	0.457269
12846	-425.842	-565.8274	139.9854	2.115387	0.6665775
12852	-404.0526	-544.0837	140.0311	2.114412	0.4792398
12858	-403.7723	-543.9432	140.1709	1.840987	0.8059808
12864	-409.4984	-549.9156	140.4171	1.593768	0.807264
12870	-412.608	-552.7852	140.1772	1.561665	1.096273
12876	-412.7497	-552.8694	140.1198	1.796978	0.9193501
12882	-408.0144	-548.2046	140.1902	1.561225	1.084723
12888	-405.5347	-545.8966	140.3619	1.63626	0.8237567
12894	-406.3572	-545.9413	139.5841	1.402534	1.688323
12900	-401.6533	-541.8194	140.1661	1.402534	1.245043
12906	-403.4208	-542.7597	139.3389	1.342577	1.89994
12912	-402.2829	-541.6902	139.4072	1.288782	1.89006
12918	-410.8143	-551.1073	140.293	1.438923	1.102659
12924	-407.2735	-547.2668	139.9933	1.580399	1.240806
12930	-399.9204	-540.0273	140.1069	1.583976	1.139737
12936	-405.9086	-545.9801	140.0715	1.90829	0.8465846
12942	-402.369	-542.4397	140.0708	1.984664	0.7445608
12948	-408.3225	-548.4194	140.0969	1.861036	0.8727774
12954	-412.2172	-552.3419	140.1247	1.789856	0.9217312
12960	-426.7661	-566.9493	140.1833	1.862995	0.7583248
12966	-423.7675	-563.5895	139.822	2.008047	1.009497
12972	-409.7315	-549.9624	140.2309	1.590334	1.018109
12978	-409.4964	-549.5798	140.0834	1.96078	0.7614059
12984	-417.2365	-556.9889	139.7524	2.336187	0.6897891
12990	-409.2206	-549.3108	140.0902	2.022734	0.6406815
12996	-401.7129	-541.918	140.2051	1.875025	0.7048243
13002	-403.4042	-543.5716	140.1674	1.868506	0.7732312
13008	-410.289	-550.4092	140.1202	1.868506	0.835593
13014	-417.6956	-557.8279	140.1322	1.819351	0.8801655
13020	-415.0379	-555.2695	140.2316	1.741112	0.8552378
13026	-418.4534	-558.422	139.9686	1.734808	1.128488
13032	-422.1689	-562.2108	140.0419	1.628103	1.158219
13038	-416.2016	-556.3666	140.165	1.59312	1.078461
13044	-412.9829	-553.3836	140.4007	1.517542	0.917706
13050	-413.5221	-553.6592	140.1371	1.798027	0.898889
13056	-416.0184	-556.2544	140.236	1.589374	1.014088
13062	-409.0681	-549.1775	140.1094	1.877917	0.8373638
13068	-422.6605	-562.3483	139.6879	1.780831	1.326792
13074	-406.3993	-546.5742	140.1749	1.771064	0.8866367
13080	-406.7594	-546.8669	140.1074	1.550068	1.16915
13086	-404.8293	-545.0222	140.193	1.787681	0.8455662
13092	-406.3711	-546.544	140.1729	1.661177	1.00548
13098	-401.9298	-542.1606	140.2308	1.806247	0.7715371
13104	-406.082	-546.2119	140.1299	1.872384	0.818481
13110	-410.3875	-550.6404	140.2529	1.574766	1.011843
13116	-405.5706	-545.4466	139.876	1.429986	1.453901
13122	-406.9261	-546.4591	139.533	1.546265	1.621949
13128	-407.9035	-547.3811	139.4776	1.733967	1.524954
13134	-406.4375	-546.2879	139.8504	1.58686	1.351898
13140	-406.7624	-546.6062	139.8438	1.836203	1.149382
13146	-400.5919	-540.601	140.0091	1.507688	1.287908
13152	-415.6897	-555.7697	140.08	1.568008	1.17743
13158	-420.9678	-560.4934	139.5256	1.165787	1.893224
13164	-409.2039	-548.7685	139.5646	1.363785	1.729471
13170	-402.3289	-541.7161	139.3872	1.359645	1.85537
13176	-413.8673	-552.8675	139.0002	1.272547	2.170981
13182	-408.4486	-547.8295	139.3808	1.312433	1.891932
13188	-409.3691	-549.217	139.8479	1.37062	1.5198
13194	-416.4828	-556.039	139.5562	1.75376	1.450869
13200	-408.0906	-548.039	139.9484	2.197951	0.5046491
13206	-405.499	-545.5361	140.0371	1.960274	0.8247133
13212	-403.1818	-543.1754	139.9936	2.149348	0.5425418
13218	-408.7562	-548.8852	140.129	1.961822	0.6857197
13224	-411.0164	-551.0257	140.0093	2.136876	0.4886059
13230	-410.2721	-550.2797	140.0076	2.137372	0.474131
13236	-414.0228	-554.2005	140.1777	1.927191	0.6582172
13242	-417.6216	-557.554	139.9324	2.209873	0.4558831
13248	-413.5121	-553.239	139.7269	2.361955	0.3490541
13254	-427.6122	-567.3333	139.7211	2.346092	0.3264913
13260	-420.3749	-559.866	139.4911	2.476483	0.2573608
13266	-420.9731	-560.4099	139.4368	2.624572	0.3210904
13272	-410.2231	-549.9358	139.7128	2.393682	0.3716578
13278	-421.7693	-561.3066	139.5373	2.520525	0.318007
13284	-423.1162	-563.3244	140.2082	1.66582	0.9649145
13290	-418.1988	-557.9956	139.7968	2.30603	0.3664969
13296	-434.6024	-574.2226	139.6202	2.5259	0.4875327
13302	-427.369	-567.6157	140.2467	1.246501	1.307074
13308	-422.0744	-561.9325	139.8581	1.46839	1.43827
13314	-410.0169	-550.2812	140.2643	1.795708	0.7374897
13320	-410.4736	-550.5798	140.1063	2.039789	0.4868799
13326	-418.0165	-558.0743	140.0577	2.080991	0.4405805
13332	-412.2855	-552.5821	140.2966	1.808924	0.6567884
13338	-414.5261	-554.8332	140.3071	1.808924	0.6335422
13344	-416.6105	-556.8661	140.2556	1.545847	1.037413
13350	-412.074	-552.0821	140.0082	1.289273	1.460419
13356	-424.6857	-563.9683	139.2825	1.422597	1.883861
13362	-417.3054	-557.2874	139.982	1.203288	1.544478
13368	-413.961	-554.4339	140.4729	1.338898	1.027336
13374	-418.9219	-559.3989	140.4771	1.338898	1.023316
13380	-402.9841	-543.2122	140.2281	1.506306	1.100413
13386	-405.2289	-545.0664	139.8375	1.800064	1.186486
13392	-410.457	-550.8332	140.3762	1.641449	0.7983088
13398	-403.8137	-544.0898	140.2761	1.539844	1.023296
13404	-407.9235	-548.0556	140.1321	1.35516	1.311871
13410	-410.5029	-550.5966	140.0938	1.551595	1.179741
13416	-408.9312	-549.3375	140.4064	1.551946	0.8723185
13422	-422.8279	-562.9981	140.1702	1.847057	0.7988381
13428	-417.2949	-557.4461	140.1513	1.932425	0.6984983
13434	-402.8167	-542.8701	140.0534	1.780116	1.005997
13440	-400.1603	-540.5027	140.3424	1.581528	0.9114664
13446	-410.6464	-550.7403	140.0939	1.565857	1.167179
13452	-415.4474	-555.7701	140.3227	1.684805	0.8116592
13458	-407.8755	-548.1005	140.225	1.782563	0.8116592
13464	-411.5108	-551.55	140.0391	2.055127	0.6792707
13470	-411.566	-551.596	140.03	2.11365	0.537785
13476	-414.8524	-554.8398	139.9874	2.152381	0.4445903
13482	-405.8401	-545.6885	139.8484	2.285667	0.425602
13488	-401.6437	-541.9304	140.2868	1.834939	0.6194807
13494	-406.0761	-546.2901	140.214	1.899598	0.6392105
13500	-406.9041	-546.9885	140.0844	1.91892	0.8170721
13506	-403.6114	-543.7965	140.1851	1.897237	0.7009218
13512	-417.9022	-557.6343	139.7321	1.463988	1.536487
13518	-421.4223	-560.8487	139.4264	1.593015	1.664999
13524	-409.5211	-549.4115	139.8904	1.50943	1.381401
13530	-410.238	-550.3416	140.1036	2.042572	0.511704
13536	-408.8155	-548.7209	139.9054	2.235601	0.4498798
13542	-425.6227	-565.0309	139.4082	1.901467	1.451111
13548	-419.7683	-559.8725	140.1043	1.719027	1.016126
13554	-413.4343	-552.8533	139.419	1.371137	1.82565
13560	-414.1728	-553.4049	139.2321	1.458461	1.893768
13566	-413.4849	-552.7381	139.2533	1.308676	1.980452
13572	-412.3774	-551.6647	139.2873	1.304759	1.960318
13578	-408.0307	-547.6274	139.5967	1.466201	1.633755
13584	-405.3527	-545.1474	139.7947	1.466201	1.488056
13590	-411.3855	-551.5518	140.1663	1.606525	1.064754
13596	-411.6637	-551.8024	140.1387	1.881008	0.7955435
13602	-413.5829	-553.6117	140.0287	2.099204	0.60229
13608	-411.8817	-551.3584	139.4767	2.556064	0.2979156
13614	-402.7948	-542.7356	139.9408	2.181549	0.3982368
13620	-419.2438	-557.9433	138.6996	1.519996	2.205467
13626	-414.3245	-553.4192	139.0947	1.506107	1.954421
13632	-417.6181	-557.1731	139.555	1.579233	1.581989
13638	-422.9271	-562.4813	139.5542	1.401046	1.710524
13644	-424.0891	-563.1127	139.0236	1.643289	1.909826
13650	-426.5454	-566.1934	139.648	1.411943	1.635882
13656	-428.029	-568.1736	140.1446	1.54286	1.14277
13662	-415.4312	-555.2305	139.7993	1.45388	1.493861
13668	-416.1034	-555.8367	139.7333	1.399432	1.583103
13674	-410.2119	-549.9847	139.7728	1.387081	1.563189
13680	-412.2014	-552.3232	140.1218	1.521324	1.181667
13686	-404.7975	-544.565	139.7675	1.160951	1.729435
13692	-405.4261	-544.6731	139.2469	1.218276	2.044811
13698	-414.0707	-553.2738	139.2031	1.574716	1.834165
13704	-407.8723	-548.0189	140.1466	1.661319	1.031176
13710	-411.6937	-551.6759	139.9822	1.470401	1.339682
13716	-405.0082	-545.4084	140.4001	1.473576	0.9651989
13722	-400.7193	-540.9559	140.2366	1.650214	0.951519
13728	-414.2379	-554.2348	139.997	2.149379	0.4951357
13734	-404.5311	-544.7896	140.2585	1.833899	0.6827712
13740	-411.4899	-551.7562	140.2663	1.871914	0.5665212
13746	-407.8725	-548.0383	140.1658	1.967987	0.5837031
13752	-415.5775	-555.138	139.5605	2.521515	0.3413273
13758	-414.1723	-554.0636	139.8914	2.221273	0.3810865
13764	-411.0641	-550.7526	139.6885	2.456525	0.474727
13770	-415.4997	-555.5592	140.0595	2.023745	0.6993754
13776	-420.1739	-560.368	140.1941	1.944787	0.5638751
13782	-399.3019	-538.8851	139.5832	2.41761	0.2763708
13788	-407.9526	-547.6647	139.712	2.282301	0.2724537
13794	-411.8672	-552.0539	140.1868	1.949994	0.57271
13800	-405.4784	-545.7	140.2216	1.921272	0.5430938
13806	-406.3844	-546.6439	140.2594	1.712757	0.8558299
13812	-405.8636	-546.0267	140.1631	1.982868	0.5141104
13818	-406.8529	-546.8865	140.0336	2.057676	0.6849299
13824	-405.9558	-545.9045	139.9486	2.186846	0.5774906
13830	-409.6468	-549.8052	140.1584	1.899161	0.7413034
13836	-408.5386	-548.7456	140.207	1.759294	0.862837
13842	-411.7272	-551.7474	140.0202	2.090373	0.6460582
13848	-414.5416	-554.6454	140.1038	2.03232	0.5749685
13854	-418.0959	-558.1546	140.0587	2.087627	0.4947535
13860	-403.9249	-544.0535	140.1286	1.564442	1.137803
13866	-409.5607	-549.4345	139.8739	1.653204	1.279463
13872	-415.5238	-555.636	140.1122	1.56255	1.154014
13878	-412.9401	-553.1581	140.2179	1.741566	0.8709323
13884	-410.317	-550.3628	140.0457	1.440634	1.312586
13890	-408.44	-548.7468	140.3068	1.684678	0.8321555
13896	-400.2361	-540.3141	140.0779	2.068458	0.4991725
13902	-405.0733	-544.7902	139.7169	2.40303	0.3935604
13908	-409.4	-549.0281	139.6281	2.40303	0.2967244
13914	-411.3371	-551.0734	139.7363	2.287461	0.2914423
13920	-411.3358	-551.4271	140.0913	2.051866	0.4610278
13926	-417.482	-557.4487	139.9666	2.1779	0.4702122
13932	-410.1943	-550.2426	140.0483	2.015085	0.7323098
13938	-417.2861	-557.5141	140.228	1.908349	0.5742296
13944	-417.2601	-557.2077	139.9475	1.523071	1.325284
13950	-422.5408	-562.7314	140.1906	1.945152	0.5765823
13956	-418.1177	-558.2503	140.1326	1.945152	0.7088414
13962	-409.0221	-548.9094	139.8872	2.257936	0.475571
13968	-402.1161	-541.9506	139.8345	2.277201	0.3796262
13974	-407.6021	-547.2384	139.6363	2.448468	0.344409
13980	-400.1044	-539.9852	139.8809	2.203938	0.344409
13986	-401.8786	-541.9764	140.0979	2.048463	0.5047429
13992	-406.5022	-546.5992	140.0969	2.019024	0.6336948
13998	-403.8411	-543.8037	139.9626	1.784761	1.088483
14004	-402.6301	-542.9873	140.3571	1.702313	0.7384218
14010	-402.4407	-542.7027	140.2619	1.881746	0.5377296
14016	-409.2327	-549.0616	139.8289	1.772635	1.217355
14022	-402.7213	-542.0358	139.3145	1.379943	1.891134
14028	-402.6352	-542.6442	140.009	1.197036	1.529102
14034	-395.0626	-535.328	140.2654	1.570248	1.003889
14040	-398.0466	-537.8105	139.7639	1.66028	1.362227
14046	-404.8659	-545.1598	140.2938	1.608384	0.9351136
14052	-413.2965	-553.0709	139.7744	2.304011	0.3375179
14058	-420.9931	-560.6751	139.682	2.396401	0.3375179
14064	-422.3975	-562.6422	140.2447	1.843843	0.6898728
14070	-416.2078	-556.4604	140.2525	1.796464	0.7542673
14076	-408.412	-548.6675	140.2556	1.66239	0.9180363
14082	-410.8692	-550.8612	139.992	1.352592	1.424342
14088	-408.2709	-548.7956	140.5247	1.468506	0.8300473
14094	-408.9796	-548.9001	139.9205	1.567911	1.310957
14100	-416.3	-556.208	139.9081	1.655096	1.249613
14106	-412.7737	-552.868	140.0944	1.829897	0.9110828
14112	-407.5532	-547.0697	139.5165	1.452234	1.701002
14118	-410.0621	-550.3055	140.2434	1.285473	1.277964
14124	-413.2655	-553.5458	140.2803	1.488872	1.068159
14130	-409.5967	-549.4581	139.8614	1.502006	1.409764
14136	-422.4434	-561.9592	139.5158	1.4289	1.717986
14142	-408.0029	-547.9812	139.9783	2.168125	0.5011466
14148	-409.2396	-549.2305	139.9909	2.125145	0.386656
14154	-399.3716	-539.4162	140.0446	2.091711	0.4321984
14160	-407.0669	-547.091	140.0241	2.121987	0.5129301
14166	-403.5347	-543.5704	140.0356	2.075701	0.6443396
14172	-406.3686	-546.4484	140.0798	2.065287	0.4750817
14178	-406.5879	-546.6209	140.0329	2.111611	0.530977
14184	-406.5022	-546.6902	140.188	1.808939	0.8252396
14190	-414.4772	-554.3134	139.8362	2.12742	0.8660775
14196	-408.2679	-548.501	140.2332	1.666217	0.9381573
14202	-409.991	-549.8286	139.8376	1.53792	1.4004
14208	-410.6812	-550.2653	139.584	1.412762	1.681111
14214	-404.8113	-544.2523	139.441	1.341698	1.830817
14220	-409.4688	-549.0941	139.6253	1.396807	1.663018
14226	-405.5366	-545.6941	140.1575	1.844677	0.8185686
14232	-410.4064	-550.7491	140.3426	1.745163	0.691235
14238	-410.5968	-550.783	140.1862	1.914245	0.6672407
14244	-406.4185	-545.9768	139.5583	1.520726	1.622138
14250	-408.8219	-548.6394	139.8175	1.57958	1.383566
14256	-397.5963	-537.0623	139.4659	1.374318	1.791034
14262	-416.4607	-556.7958	140.335	1.751398	0.6937198
14268	-418.166	-558.3581	140.1922	1.805666	0.8241339
14274	-400.1972	-540.4475	140.2503	1.794863	0.7598628
14280	-412.2822	-552.2391	139.9569	1.266702	1.515999
14286	-422.4169	-560.8874	138.4705	1.377302	2.442356
14292	-415.6584	-553.7613	138.103	1.154632	2.807031
14298	-414.6056	-552.7579	138.1523	0.7873047	2.999103
14304	-409.99	-549.7609	139.7709	1.322315	1.611862
14310	-409.4314	-549.3219	139.8904	1.37112	1.487583
14316	-414.8274	-553.7358	138.9084	1.000824	2.403668
14322	-412.8051	-552.9008	140.0957	1.689598	1.052905
14328	-412.7214	-552.827	140.1055	1.851904	0.8733422
14334	-414.0022	-551.8725	137.8703	0.9259916	3.08491
14340	-411.3239	-550.9957	139.6717	1.113771	1.828864
14346	-417.1933	-557.2891	140.0958	1.382981	1.318687
14352	-430.8634	-571.0735	140.2101	1.288391	1.302775
14358	-411.5627	-550.2471	138.6844	1.10767	2.47731
14364	-409.3258	-548.7479	139.4222	1.435173	1.779184
14370	-407.9819	-548.1855	140.2036	1.444978	1.17695
14376	-404.6932	-544.8335	140.1402	1.612872	1.083173
14382	-405.7841	-546.087	140.3028	1.56782	0.9683594
14388	-406.4703	-546.4655	139.9952	1.481145	1.320679
14394	-405.7052	-545.937	140.2318	1.711041	0.8901883
14400	-420.7576	-561.0139	140.2564	1.631469	0.9504508
14406	-411.429	-551.7919	140.3629	1.660419	0.7906543
14412	-420.2695	-560.2007	139.9312	2.204302	0.4298
14418	-421.9935	-561.7943	139.8008	2.314596	0.3856341
14424	-416.0003	-555.2703	139.27	2.668929	0.243028
14430	-412.2867	-551.5302	139.2435	2.668929	0.2310862
14436	-409.8208	-548.9486	139.1278	2.668929	0.18936
14442	-417.5935	-557.2475	139.654	2.420357	0.3334037
14448	-410.1201	-549.8625	139.7424	2.328024	0.3295827
14454	-413.7627	-553.3768	139.6141	2.456389	0.3295827
14460	-410.8398	-550.952	140.1122	1.856378	0.8601325
14466	-408.8096	-549.0485	140.2389	1.749534	0.8359365
14472	-404.8043	-544.9958	140.1915	1.827553	0.7964194
14478	-415.1821	-555.0381	139.856	1.693045	1.261371
14484	-411.9205	-551.9942	140.0737	1.903552	0.8496803
14490	-415.4931	-555.5097	140.0166	1.673567	1.140323
14496	-409.9423	-550.2058	140.2635	1.718915	0.8433659
14502	-402.9037	-543.095	140.1914	1.861408	0.7486274
14508	-414.333	-554.495	140.162	1.762876	0.9104373
14514	-417.2642	-557.3954	140.1312	1.464358	1.222432
14520	-409.0132	-549.0112	139.9981	1.597427	1.222432
14526	-415.094	-555.3274	140.2334	1.764182	0.8244711
14532	-407.6229	-547.5892	139.9663	1.856528	1.016556
14538	-407.2733	-547.4291	140.1558	1.786381	0.8908903
14544	-406.5167	-546.6749	140.1582	1.946191	0.6592485
14550	-404.1237	-544.4164	140.2927	1.746205	0.768915
14556	-412.5558	-552.9317	140.3759	1.655047	0.7801717
14562	-411.6781	-551.9294	140.2512	1.70336	0.8766326
14568	-418.1374	-558.1688	140.0313	1.605639	1.186989
14574	-414.8296	-555.0006	140.171	1.431329	1.216661
14580	-417.887	-557.7492	139.8622	1.395149	1.490711
14586	-421.7076	-561.7223	140.0147	1.530794	1.264309
14592	-418.9612	-558.8625	139.9013	1.505851	1.375681
14598	-416.5222	-556.6616	140.1394	1.505851	1.17987
14604	-412.5662	-552.6875	140.1213	1.54733	1.159401
14610	-418.2946	-558.3577	140.0631	1.58617	1.176309
14616	-426.0475	-565.598	139.5505	1.068759	1.941988
14622	-424.4745	-564.1116	139.6371	1.364065	1.677981
14628	-432.3781	-571.855	139.4769	1.100178	1.970348
14634	-434.45	-574.2787	139.8286	1.661988	1.309154
14640	-426.6701	-567.0057	140.3356	1.694383	0.7815648
14646	-420.7537	-561.0205	140.2668	1.857249	0.6133367
14652	-419.8872	-560.1961	140.3089	1.756985	0.7283194
14658	-421.8919	-562.2724	140.3805	1.651787	0.778246
14664	-424.9338	-565.219	140.2852	1.651787	0.8968577
14670	-416.9243	-556.1894	139.2651	1.087192	2.119131
14676	-422.7125	-559.6052	136.8926	0.9382463	3.651959
14682	-423.955	-562.9485	138.9934	0.8868365	2.421932
14688	-425.8588	-562.6266	136.7677	1.211681	3.565743
14694	-417.5301	-555.3912	137.8611	0.9723764	3.062657
14700	-406.0677	-545.7363	139.6686	2.385081	0.314463
14706	-412.3251	-552.0161	139.691	2.385081	0.3351521
14712	-412.731	-552.6053	139.8744	2.201695	0.3351521
14718	-407.6409	-547.1455	139.5046	2.506799	0.283089
14724	-403.9278	-543.1486	139.2208	2.637033	0.2096036
14730	-402.1627	-541.462	139.2993	2.572194	0.2146587
14736	-408.6711	-548.3698	139.6987	2.34318	0.3048065
14742	-419.2756	-558.8463	139.5707	2.531368	0.3655726
14748	-413.5842	-553.3649	139.7807	2.29229	0.3321122
14754	-416.1343	-556.0261	139.8918	2.245296	0.4350371
14760	-418.6405	-558.8183	140.1778	1.742024	0.9159542
14766	-407.831	-547.9951	140.1641	1.713196	0.9614849
14772	-415.3837	-555.4197	140.036	1.889949	0.9091588
14778	-405.4371	-545.4956	140.0586	1.729674	1.050074
14784	-417.0206	-557.0243	140.0036	1.873911	0.9612293
14790	-404.4261	-544.5681	140.1419	1.735599	0.9612293
14796	-412.7402	-552.956	140.2158	1.60565	1.017922
14802	-428.5431	-568.1474	139.6043	2.502489	0.37222
14808	-428.3542	-568.2611	139.9068	2.239109	0.4852151
14814	-414.7293	-553.432	138.7027	2.846	0.1316614
14820	-406.3662	-544.8941	138.5278	2.980306	0.1246688
14826	-409.9888	-548.5339	138.5451	2.980306	0.1275934
14832	-413.7046	-552.2089	138.5042	2.980306	0.1208364
14838	-404.2491	-543.2975	139.0484	2.756618	0.1919245
14844	-414.2577	-554.3809	140.1232	1.754135	0.9614628
14850	-412.6659	-552.982	140.3161	1.63121	0.8851202
14856	-411.0426	-551.251	140.2084	1.669091	0.961298
14862	-416.6429	-556.6808	140.0379	1.830775	0.9704502
14868	-420.0801	-559.9818	139.9017	1.655416	1.254652
14874	-402.7928	-541.1509	138.3581	3.110916	0.1184008
14880	-402.1444	-540.7745	138.6302	2.91527	0.1310804
14886	-418.3254	-556.6367	138.3114	3.008907	0.09794084
14892	-417.6975	-557.6554	139.9579	1.597314	1.256212
14898	-422.5237	-562.5763	140.0526	1.364279	1.368027
14904	-406.3217	-546.5252	140.2035	1.754478	0.8727424
14910	-408.3272	-548.5149	140.1877	1.851163	0.7689992
14916	-419.2959	-559.5219	140.2259	1.859759	0.695003
14922	-410.0727	-550.2988	140.2261	1.865691	0.6839255
14928	-415.55	-555.6616	140.1116	1.422461	1.273741
14934	-417.5463	-557.4645	139.9182	1.642713	1.251511
14940	-416.3512	-556.4589	140.1077	1.903954	0.8063204
14946	-417.2027	-557.3111	140.1084	1.622049	1.103993
14952	-409.4975	-549.5779	140.0805	1.824201	0.9324999
14958	-413.3929	-553.5569	140.1639	1.825872	0.8343019
14964	-412.7465	-552.9238	140.1773	1.604432	1.056327
14970	-413.4423	-553.1289	139.6866	1.607666	1.462817
14976	-410.9981	-551.112	140.1139	1.567707	1.147955
14982	-408.1505	-547.6615	139.511	1.43007	1.720544
14988	-413.4242	-552.9123	139.4881	1.560294	1.644232
14994	-426.7235	-566.9525	140.229	1.818409	0.7566822
15000	-428.9726	-569.0754	140.1028	1.838924	0.8914993
15006	-425.7248	-565.8527	140.1279	1.946682	0.7141498
15012	-411.6897	-551.7971	140.1074	1.940452	0.7559332
15018	-412.9716	-553.0686	140.097	1.847509	0.8882853
15024	-415.9714	-556.2325	140.2611	1.820987	0.7013584
15030	-413.9351	-554.081	140.1459	1.695757	0.9978619
15036	-416.4422	-556.3632	139.921	1.617485	1.270039
15042	-425.5315	-565.8502	140.3187	1.341286	1.166995
15048	-422.1666	-562.1681	140.0016	1.520537	1.283531
15054	-429.2217	-569.3162	140.0945	1.572517	1.160833
15060	-416.3316	-556.2369	139.9054	1.834048	1.095823
15066	-415.5927	-555.6669	140.0743	1.816072	0.947784
15072	-422.4816	-562.3814	139.8998	1.653112	1.258125
15078	-417.4328	-557.2276	139.7948	1.384956	1.54857
15084	-412.9653	-553.0941	140.1288	1.611695	1.094793
15090	-419.0342	-558.9623	139.9281	1.766994	1.13598
15096	-423.4659	-563.6715	140.2057	1.741859	0.8848318
15102	-415.9793	-556.1505	140.1711	1.934001	0.6577309
15108	-412.7224	-552.8517	140.1294	1.930262	0.7381715
15114	-417.1582	-557.3174	140.1592	1.986844	0.5142453
15120	-415.4322	-555.4685	140.0363	2.109736	0.5142453
15126	-420.1636	-560.1139	139.9502	2.191339	0.5507046
15132	-417.1468	-557.0676	139.9208	2.220799	0.5507046
15138	-424.0655	-563.9596	139.8941	2.247499	0.5507046
15144	-406.0258	-546.0137	139.9878	2.153847	0.5500679
15150	-412.2248	-552.4954	140.2705	1.687092	0.8731023
15156	-422.916	-562.9288	140.0129	1.691991	1.12723
15162	-416.9809	-556.5626	139.5817	2.412048	0.2721071
15168	-415.0311	-554.3935	139.3625	2.695857	0.3184159
15174	-404.3672	-543.9888	139.6216	2.437087	0.3187026
15180	-415.1301	-554.6759	139.5457	2.46128	0.2802757
15186	-412.5459	-552.2996	139.7537	2.311241	0.3243938
15192	-433.1909	-573.0701	139.8791	1.357324	1.506399
15198	-433.1937	-572.9846	139.7908	1.44564	1.506399
15204	-413.3815	-552.8236	139.4421	2.577842	0.2887987
15210	-409.1587	-548.5554	139.3968	2.577842	0.2611652
15216	-408.3827	-547.7928	139.4101	2.577842	0.2686568
15222	-415.4832	-554.9891	139.5059	2.490842	0.273901
15228	-415.9199	-555.4631	139.5433	2.486043	0.2953954
15234	-419.8498	-559.8647	140.0149	1.710788	1.108352
15240	-408.7992	-548.8201	140.0209	1.546731	1.245843
15246	-417.4945	-557.5704	140.0758	1.499405	1.23951
15252	-403.8424	-543.8904	140.0479	1.62553	1.155166
15258	-414.6851	-553.8784	139.1933	1.513747	1.882562
15264	-417.7758	-557.1816	139.4058	1.196429	1.953488
15270	-415.0861	-554.7415	139.6553	1.759542	1.369589
15276	-414.9377	-554.9018	139.9641	1.450786	1.369589
15282	-416.8427	-556.862	140.0192	1.395631	1.369589
15288	-428.4133	-567.7162	139.3029	1.145817	2.055746
15294	-418.7989	-558.8994	140.1005	2.041138	0.5503229
15300	-409.2053	-549.0379	139.8325	1.829674	1.165044
15306	-414.8551	-554.9988	140.1437	1.481467	1.197165
15312	-411.7007	-551.6675	139.9668	1.481467	1.343155
15318	-406.5313	-546.53	139.9987	1.382921	1.395599
15324	-415.7696	-554.2787	138.5091	1.285968	2.475437
15330	-413.2596	-553.4794	140.2198	1.534466	1.082075
15336	-415.5647	-555.767	140.2024	1.486208	1.141763
15342	-411.3522	-551.4519	140.0997	1.5308	1.192589
15348	-404.5143	-544.2526	139.7383	1.369812	1.601045
15354	-421.9805	-561.9904	140.0099	1.35537	1.408354
15360	-416.798	-556.6986	139.9006	1.46462	1.408354
15366	-411.5158	-551.7062	140.1904	1.74772	0.8955271
15372	-411.6685	-551.779	140.1106	1.752398	0.9762861
15378	-399.3117	-539.4766	140.1649	1.586131	1.085088
15384	-406.0646	-546.2526	140.188	1.388981	1.238056
15390	-403.8896	-543.9484	140.0587	1.908002	0.8623557
15396	-405.6116	-545.6086	139.997	2.069026	0.7280939
15402	-399.7938	-540.0795	140.2858	1.831503	0.6305774
15408	-402.8344	-542.9523	140.1179	1.999399	0.6305774
15414	-407.2103	-547.4078	140.1975	1.723591	0.9145857
15420	-403.0582	-543.1002	140.042	1.616328	1.168441
15426	-402.4134	-542.5918	140.1784	1.643281	1.017741
15432	-408.6058	-548.1852	139.5794	1.603629	1.546111
15438	-401.8152	-542.0003	140.1852	1.659102	0.9952653
15444	-407.8538	-547.5716	139.7178	1.498503	1.521436
15450	-414.9225	-554.7541	139.8316	1.308522	1.577705
15456	-418.0541	-557.7053	139.6512	1.488946	1.577705
15462	-418.2673	-558.2679	140.0007	1.70377	1.127599
15468	-418.6033	-558.0731	139.4699	1.394919	1.774003
15474	-413.3027	-552.2012	138.8985	1.176642	2.298296
15480	-413.814	-553.3033	139.4893	1.421339	1.741933
15486	-420.3509	-559.9977	139.6468	1.263903	1.741933
15492	-427.3637	-566.7436	139.3799	1.312815	1.892286
15498	-422.965	-562.1297	139.1646	1.13276	2.154956
15504	-409.8582	-548.3433	138.4851	0.9517763	2.69751
15510	-405.8072	-544.9789	139.1717	1.437895	1.948472
15516	-409.6066	-549.7164	140.1098	1.503732	1.207122
15522	-410.8771	-550.526	139.6489	1.374063	1.662429
15528	-407.9257	-547.6457	139.7199	1.588237	1.452235
15534	-410.3632	-550.5143	140.1511	1.808668	0.8705783
15540	-419.6999	-559.8733	140.1734	1.693642	0.972142
15546	-414.8214	-554.8825	140.0612	2.066255	0.6038349
15552	-415.8701	-555.83	139.9599	2.178088	0.4378549
15558	-415.6325	-555.7984	140.1659	1.975506	0.5514626
15564	-419.0504	-559.1706	140.1202	2.021219	0.5514626
15570	-416.2147	-556.4318	140.2172	1.726652	0.8890609
15576	-409.994	-550.2696	140.2756	1.639118	0.9215752
15582	-415.3536	-555.4537	140.1001	1.703329	1.035491
15588	-417.9106	-557.8066	139.896	1.760994	1.169603
15594	-413.2104	-553.2178	140.0075	1.732426	1.095343
15600	-416.0907	-556.0376	139.9468	2.132001	0.7070061
15606	-418.1865	-558.2503	140.0638	2.03296	0.6745185
15612	-403.1493	-543.2402	140.0908	1.937268	0.7841081
15618	-408.9474	-548.9734	140.026	2.046163	0.7181705
15624	-415.7061	-555.6571	139.951	2.167633	0.6272052
15630	-409.653	-549.866	140.213	1.821694	0.7749776
15636	-409.4624	-549.4696	140.0071	1.71796	1.108921
15642	-413.4392	-553.6223	140.1831	1.375527	1.253357
15648	-426.1015	-564.4317	138.3302	1.232528	2.619991
15654	-421.8555	-562.0714	140.2158	1.774367	0.8337779
15660	-422.6804	-562.717	140.0366	1.83702	0.9653042
15666	-413.5038	-553.5499	140.0461	1.754923	1.037818
15672	-415.3322	-555.4905	140.1584	1.766835	0.9100482
15678	-412.3226	-552.3895	140.0669	1.640188	1.125227
15684	-409.4124	-549.4514	140.039	1.747531	1.051671
15690	-408.3359	-548.6677	140.3318	1.779732	0.6440035
15696	-416.9946	-557.2502	140.2556	1.830199	0.6947797
15702	-411.5193	-551.6116	140.0923	1.881193	0.854294
15708	-404.2823	-544.2733	139.991	1.722086	1.119799
15714	-410.0148	-549.4849	139.4701	1.459988	1.728299
15720	-411.8308	-551.3087	139.4779	1.384835	1.775441
15726	-416.7361	-556.0372	139.3012	1.435053	1.862675
15732	-411.6938	-551.5738	139.88	1.753221	1.19026
15738	-402.3975	-542.4919	140.0943	1.652666	1.088813
15744	-404.1582	-543.9139	139.7557	1.396125	1.56912
15750	-421.2919	-560.7738	139.4819	2.503368	0.2671405
15756	-409.1125	-549.0009	139.8884	2.257371	0.4820112
15762	-410.8277	-550.8431	140.0154	2.130999	0.4989675
15768	-404.019	-543.9089	139.8898	2.255222	0.5262514
15774	-404.5225	-544.5831	140.0606	2.05503	0.6345077
15780	-410.6886	-550.7152	140.0266	2.116718	0.5402836
15786	-413.1055	-553.2591	140.1536	1.954428	0.6514757
15792	-405.0424	-545.1668	140.1244	1.872987	0.8247693
15798	-405.0149	-545.19	140.1751	1.780985	0.8748929
15804	-408.6067	-548.7062	140.0995	1.67368	1.064402
15810	-404.5256	-544.6037	140.0781	1.728507	1.032443
15816	-407.3877	-547.4944	140.1067	1.822888	0.905165
15822	-411.4871	-551.5798	140.0927	1.727908	1.018745
15828	-414.8329	-554.8879	140.055	2.076417	0.591674
15834	-410.279	-550.234	139.955	1.301112	1.491678
15840	-406.2381	-546.6001	140.3621	1.564168	0.9088701
15846	-413.0822	-553.2956	140.2134	1.804143	0.7984333
15852	-409.267	-549.5771	140.3101	1.610681	0.9149036
15858	-409.3325	-549.4034	140.0709	2.042747	0.6390286
15864	-412.9582	-552.8247	139.8665	2.219632	0.3459028
15870	-425.0266	-564.7899	139.7632	2.358092	0.3962048
15876	-417.5174	-557.2513	139.7339	2.386988	0.395337
15882	-427.4002	-567.1301	139.7298	2.386988	0.3880131
15888	-425.3107	-564.8604	139.5498	2.490718	0.3037463
15894	-435.7508	-575.3182	139.5674	2.473056	0.3037463
15900	-421.8114	-561.0454	139.234	2.647054	0.2182884
15906	-415.2611	-555.176	139.9149	2.221544	0.4327884
15912	-416.0575	-556.0783	140.0208	1.974768	0.827032
15918	-417.3305	-557.4428	140.1123	1.844477	0.8741244
15924	-418.4091	-558.6847	140.2756	1.736963	0.8051488
15930	-416.713	-556.8721	140.159	1.96396	0.6161358
15936	-416.7813	-556.9495	140.1681	1.933658	0.6645838
15942	-424.1922	-564.1305	139.9383	1.670003	1.211602
15948	-426.2257	-565.9289	139.7032	2.108881	1.027113
15954	-415.7007	-555.7325	140.0318	2.051938	0.6984211
15960	-414.6365	-554.6974	140.0609	2.022864	0.6984211
15966	-415.7369	-555.9861	140.2492	1.779016	0.7840119
15972	-412.6843	-552.835	140.1507	1.934259	0.6963249
15978	-412.0184	-551.9148	139.8964	1.965026	0.9778957
15984	-405.1353	-545.3635	140.2282	1.898193	0.6067462
15990	-415.4819	-555.662	140.1801	1.92563	0.6565506
15996	-419.059	-558.8416	139.7826	2.352163	0.5803179
16002	-422.0423	-562.0064	139.9641	2.160201	0.6125554
16008	-420.941	-560.9551	140.0141	2.129438	0.5389039
16014	-417.9847	-557.734	139.7493	2.394186	0.5389039
16020	-412.1057	-552.3728	140.2671	1.779804	0.7573582
16026	-419.0786	-559.1055	140.0269	1.750721	1.060136
16032	-419.5189	-559.5349	140.016	1.783178	1.039632
16038	-427.3175	-567.4255	140.1081	1.892986	0.8200415
16044	-412.5721	-552.7713	140.1992	1.859932	0.7388678
16050	-418.6363	-558.6281	139.9918	2.062923	0.7457399
16056	-414.0052	-554.0747	140.0695	2.062923	0.588225
16062	-429.5379	-569.4609	139.923	1.824384	1.088478
16068	-429.5416	-569.6156	140.074	1.784542	0.9808236
16074	-422.6287	-562.6412	140.0125	1.846002	0.9808236
16080	-429.575	-569.344	139.769	2.310024	0.3381912
16086	-427.178	-567.0793	139.9013	2.243975	0.4766417
16092	-422.1922	-562.3944	140.2022	1.882162	0.6973201
16098	-425.3753	-565.2664	139.8911	2.254048	0.4759443
16104	-417.1803	-557.0441	139.8638	2.270116	0.425042
16110	-422.5678	-562.4468	139.879	2.236551	0.3858403
16116	-419.6998	-559.3804	139.6807	2.430492	0.378768
16122	-420.3836	-560.3571	139.9735	2.150817	0.4020651
16128	-416.369	-555.8137	139.4447	2.551452	0.2735265
16134	-410.7046	-550.2918	139.5871	2.427175	0.285016
16140	-405.8593	-545.5171	139.6577	2.40458	0.3219872
16146	-408.347	-548.1731	139.8262	2.236143	0.321976
16152	-404.5495	-544.6622	140.1127	2.026513	0.4423956
16158	-404.2669	-544.3861	140.1192	2.026513	0.5188259
16164	-409.2796	-549.5364	140.2568	1.882958	0.5597797
16170	-412.8381	-552.9599	140.1218	2.022894	0.5294896
16176	-404.6265	-544.707	140.0805	2.063862	0.5324913
16182	-405.5866	-545.7941	140.2074	1.903931	0.6442382
16188	-407.5654	-547.7701	140.2047	1.919728	0.6123633
16194	-406.3416	-546.6676	140.326	1.777765	0.6604739
16200	-405.0831	-545.3594	140.2763	1.833402	0.6479526
16206	-412.6827	-552.6957	140.013	1.878908	0.9461145
16212	-409.1188	-549.3599	140.2412	1.878908	0.6236298
16218	-411.2796	-551.3947	140.1151	2.004969	0.6236298
16224	-403.5229	-543.6171	140.0942	1.992533	0.693101
16230	-407.8085	-548.0101	140.2016	1.916282	0.629151
16236	-408.6011	-548.4683	139.8672	2.277494	0.4716078
16242	-409.8189	-550.1378	140.3189	1.758367	0.7096342
16248	-408.6612	-548.9079	140.2467	1.513318	1.076715
16254	-413.6195	-554.0062	140.3867	1.57408	0.8694366
16260	-406.3647	-546.5299	140.1652	1.84305	0.8108084
16266	-406.9782	-547.2099	140.2317	1.849667	0.7026086
16272	-417.8258	-556.1955	138.3697	3.039329	0.1095462
16278	-415.6058	-554.2258	138.62	3.039329	0.1536974
16284	-409.0617	-547.769	138.7072	3.039329	0.1749936
16290	-408.0662	-546.6306	138.5644	3.039329	0.1420217
16296	-408.729	-547.1604	138.4314	3.088877	0.1267073
16302	-406.2831	-544.6011	138.3179	3.230346	0.1315848
16308	-419.8923	-558.4044	138.5121	2.920321	0.1128969
16314	-417.2646	-555.7136	138.449	3.080849	0.1283502
16320	-421.8244	-562.2062	140.3819	1.560185	0.8911066
16326	-417.4831	-557.6578	140.1748	1.953732	0.6006381
16332	-419.0945	-557.7041	138.6096	2.909353	0.1264852
16338	-408.4888	-547.3168	138.828	2.873082	0.1633778
16344	-418.1561	-556.3087	138.1526	3.173009	0.09858933
16350	-417.164	-557.3841	140.2201	1.680111	0.9372678
16356	-419.5263	-559.4806	139.9543	1.772907	1.107013
16362	-419.371	-559.53	140.159	1.667902	1.012519
16368	-408.0472	-548.2947	140.2475	1.847273	0.6782376
16374	-412.0202	-552.2677	140.2475	1.847273	0.6782376
16380	-416.3926	-556.4087	140.0161	2.119701	0.4307395
16386	-403.9496	-543.4774	139.5279	2.51575	0.3062018
16392	-416.7598	-555.8846	139.1248	2.602275	0.1698771
16398	-428.7467	-567.8228	139.0761	2.650959	0.1698771
16404	-426.1061	-564.985	138.8789	2.848191	0.1698771
16410	-419.4942	-559.2621	139.7679	1.689609	1.335733
16416	-409.7742	-549.8382	140.064	1.812316	0.9625297
16422	-416.4771	-554.7386	138.2616	3.121906	0.1060339
16428	-413.4232	-551.7064	138.2831	3.100856	0.1061018
16434	-405.7244	-543.9891	138.2647	3.100856	0.1036575
16440	-415.3567	-555.5332	140.1766	1.968039	0.5303521
16446	-418.5455	-558.5218	139.9762	2.121077	0.6734383
16452	-409.4252	-548.9556	139.5304	2.504149	0.2992313
16458	-412.9446	-552.8846	139.94	2.199445	0.4433957
16464	-410.0132	-549.7412	139.728	2.351946	0.3392037
16470	-412.3195	-552.0959	139.7763	2.32801	0.3686759
16476	-404.6674	-544.7252	140.0577	2.084989	0.4584174
16482	-420.534	-560.5037	139.9697	2.149776	0.6251701
16488	-411.9704	-552.1423	140.1718	1.891715	0.7320131
16494	-412.7303	-553.0849	140.3546	1.573883	0.9064222
16500	-422.9996	-563.4104	140.4108	1.645687	0.7430168
16506	-410.433	-550.4124	139.9794	1.770984	1.085669
16512	-420.6498	-560.7683	140.1185	2.016155	0.5805902
16518	-416.0745	-556.1716	140.0971	2.016155	0.639939
16524	-427.6096	-567.8335	140.2239	1.735416	0.8710838
16530	-415.2404	-555.3384	140.098	2.032673	0.593962
16536	-416.8494	-556.9456	140.0962	1.995611	0.6838717
16542	-414.0515	-553.4174	139.3659	1.345407	1.879669
16548	-412.8963	-552.2544	139.3582	1.254692	1.946319
16554	-413.7446	-553.2664	139.5218	1.182067	1.884735
16560	-414.7039	-553.3897	138.6858	0.9079295	2.600819
16566	-412.8492	-550.6381	137.7889	0.9041784	3.146327
16572	-421.3612	-560.9518	139.5906	1.032957	1.939081
16578	-410.2508	-549.6631	139.4122	1.265522	1.902486
16584	-421.6129	-561.6488	140.036	2.11038	0.4952079
16590	-408.5262	-548.5906	140.0645	2.058307	0.6166573
16596	-404.568	-544.482	139.9141	2.232165	0.5086322
16602	-399.2956	-539.2817	139.9861	2.160112	0.4906985
16608	-406.914	-546.798	139.884	2.231401	0.3856121
16614	-411.9233	-552.0712	140.1479	1.706995	0.9845084
16620	-412.1498	-552.006	139.8562	1.803672	1.167084
16626	-402.4557	-542.3928	139.9371	1.704662	1.182876
16632	-407.7521	-548.0482	140.2961	1.559329	0.9839402
16638	-405.2146	-545.4696	140.255	1.649949	0.9321643
16644	-408.6458	-548.698	140.0522	1.786282	1.001041
16650	-410.6289	-550.8502	140.2213	1.892342	0.639147
16656	-407.819	-548.131	140.312	1.788926	0.6662607
16662	-413.5127	-552.8908	139.3782	2.682511	0.320531
16668	-415.2789	-555.0475	139.7685	2.306814	0.3344323
16674	-411.9436	-551.9009	139.9573	2.178842	0.4317301
16680	-414.4384	-554.5025	140.0641	1.670907	1.099868
16686	-418.4375	-558.6385	140.201	1.844104	0.7600282
16692	-413.0741	-553.05	139.9759	2.160908	0.5725375
16698	-408.1494	-548.3547	140.2053	1.852774	0.7405618
16704	-416.3262	-556.3787	140.0525	1.699946	1.083807
16710	-414.7785	-554.9455	140.1671	1.941696	0.6499637
16716	-423.0163	-563.3268	140.3105	1.78168	0.6832281
16722	-412.8656	-553.1033	140.2377	1.735299	0.8548248
16728	-413.2932	-553.4118	140.1186	2.024487	0.4603911
16734	-412.2509	-552.34	140.0891	2.057276	0.4979245
16740	-415.6289	-555.7699	140.1409	1.978853	0.624378
16746	-413.8739	-554.0381	140.1641	1.978853	0.4599156
16752	-410.8687	-550.9177	140.049	1.99802	0.7571834
16758	-417.4307	-557.5408	140.11	1.99802	0.6514955
16764	-414.2761	-554.3876	140.1116	1.99802	0.6482196
16770	-414.8018	-554.9466	140.1448	1.934649	0.7059088
16776	-414.5452	-554.7802	140.235	1.88925	0.6127961
16782	-406.4574	-546.5994	140.142	1.944269	0.6939382
16788	-414.3586	-554.4441	140.0855	1.890415	0.8512855
16794	-412.1574	-552.3641	140.2067	1.895805	0.6631066
16800	-404.7244	-544.8835	140.1591	1.913018	0.718238
16806	-401.4117	-541.6051	140.1935	1.902784	0.675479
16812	-412.8148	-552.7105	139.8958	2.247196	0.5426451
16818	-420.0994	-559.9184	139.819	2.320572	0.4439538
16824	-428.553	-568.4381	139.8851	2.254511	0.4439538
16830	-416.6213	-556.863	140.2417	1.829658	0.7194865
16836	-420.2047	-560.2718	140.0672	2.043872	0.6450204
16842	-429.8926	-570.0329	140.1403	1.97069	0.6450204
16848	-420.4289	-560.604	140.1751	1.932995	0.6513827
16854	-418.1758	-558.2645	140.0886	1.998351	0.6927192
16860	-417.6144	-557.7088	140.0944	1.97477	0.7229747
16866	-409.4568	-549.576	140.1192	1.876021	0.8274405
16872	-403.0853	-543.1578	140.0725	2.028569	0.6659483
16878	-395.7613	-536.0393	140.278	1.795558	0.715789
16884	-407.5954	-547.742	140.1467	1.950447	0.6738033
16890	-407.1752	-547.2758	140.1006	2.002853	0.6610945
16896	-408.8779	-549.1066	140.2288	1.811716	0.7667118
16902	-410.5476	-550.5049	139.9573	2.188973	0.5063346
16908	-413.3009	-553.2837	139.9828	2.078286	0.7359589
16914	-413.7114	-553.6802	139.9688	2.172766	0.5509972
16920	-410.6803	-550.7997	140.1194	1.993703	0.640372
16926	-422.5083	-562.9033	140.395	1.490856	0.9524782
16932	-409.2491	-549.3741	140.125	1.601529	1.107597
16938	-416.5765	-556.6207	140.0442	2.09656	0.5551183
16944	-412.3354	-552.4469	140.1114	1.37131	1.315502
16950	-401.4806	-541.8496	140.369	1.54017	0.9275997
16956	-406.8738	-546.6497	139.7759	1.670669	1.344468
16962	-404.9979	-544.9087	139.9108	1.448477	1.413003
16968	-407.1809	-547.3515	140.1705	1.356412	1.279566
16974	-415.5048	-554.6657	139.1609	1.494072	1.917892
16980	-413.0717	-553.3489	140.2772	1.328827	1.213494
16986	-414.056	-553.7696	139.7137	1.566533	1.473468
16992	-414.9568	-554.8777	139.9209	1.564812	1.313139
16998	-416.4414	-556.5406	140.0992	1.86102	0.870046
17004	-419.534	-559.6587	140.1247	1.86102	0.8393139
17010	-414.2706	-554.3436	140.0729	1.925013	0.8239928
17016	-403.0888	-543.3612	140.2725	1.819635	0.6833233
17022	-413.2953	-553.5125	140.2172	1.623826	0.9984723
17028	-422.8461	-562.9707	140.1246	1.740006	0.9746063
17034	-412.0632	-551.9831	139.9199	1.670973	1.226365
17040	-417.0995	-557.0569	139.9574	1.389533	1.422517
17046	-410.2515	-549.327	139.0754	1.483094	1.982738
17052	-410.4908	-550.2711	139.7803	1.520496	1.457885
17058	-407.7469	-547.8495	140.1025	1.692525	1.043567
17064	-413.8297	-553.9054	140.0757	1.582374	1.168673
17070	-413.0136	-553.1491	140.1356	1.522498	1.168673
17076	-410.7235	-550.8725	140.149	1.871147	0.7949901
17082	-404.5051	-544.4821	139.9771	2.122896	0.6681816
17088	-403.4538	-543.4511	139.9973	2.126414	0.61415
17094	-414.7764	-554.6717	139.8953	2.228378	0.61415
17100	-416.6337	-556.9319	140.2982	1.812755	0.645138
17106	-408.6035	-548.9338	140.3303	1.589818	0.9156391
17112	-407.3666	-547.6288	140.2622	1.47078	1.10168
17118	-412.4614	-552.7632	140.3018	1.431192	1.10168
17124	-423.4187	-563.7085	140.2898	1.778755	0.7240981
17130	-415.6243	-555.8549	140.2306	1.802649	0.7769545
17136	-410.293	-550.5192	140.2262	1.807078	0.7769545
17142	-408.9284	-549.1281	140.1997	1.580305	1.057949
17148	-415.0764	-554.9603	139.8839	1.765452	1.176274
17154	-427.5318	-567.5073	139.9756	2.170645	0.4907078
17160	-410.637	-549.671	139.0339	1.167314	2.21729
17166	-410.3273	-550.4785	140.1511	1.384354	1.272532
17172	-405.0027	-544.8705	139.8678	1.422399	1.465911
17178	-403.6871	-543.6253	139.9381	1.352067	1.465911
17184	-411.4613	-551.3519	139.8906	1.399631	1.465911
17190	-403.738	-543.8683	140.1302	1.965559	0.6763691
17196	-419.7154	-559.8049	140.0895	1.823946	0.9229145
17202	-414.9136	-555.0221	140.1086	1.95672	0.7292656
17208	-424.6017	-564.7103	140.1087	1.898657	0.8119427
17214	-422.0826	-562.1159	140.0333	1.720363	1.082607
17220	-414.2897	-554.5725	140.2828	1.524373	1.031898
17226	-413.3339	-553.3854	140.0515	1.524373	1.238984
17232	-419.9695	-559.7515	139.782	1.441697	1.515962
17238	-415.4263	-555.2605	139.8342	1.440684	1.477477
17244	-424.4536	-564.2852	139.8316	1.545935	1.398779
17250	-427.3749	-566.6798	139.3049	1.511616	1.807469
17256	-419.8992	-559.7168	139.8176	1.511616	1.436171
17262	-419.0176	-558.8913	139.8737	1.752739	1.196034
17268	-413.1871	-553.34	140.1529	1.85482	0.8114721
17274	-408.7099	-548.656	139.9461	1.79932	1.090231
17280	-410.2421	-550.1575	139.9155	2.179033	0.6788323
17286	-411.5519	-551.6454	140.0935	1.886696	0.8461365
17292	-407.7727	-547.985	140.2122	1.9003	0.6416215
17298	-413.1225	-553.2502	140.1277	2.0082	0.5761058
17304	-414.485	-554.4554	139.9704	2.158106	0.4112942
17310	-421.2621	-561.2432	139.9811	1.741186	1.111448
17316	-422.3098	-562.5652	140.2554	1.752078	0.8117078
17322	-415.2317	-555.2937	140.062	1.715345	1.060446
17328	-422.1735	-562.4326	140.2591	1.531854	1.047534
17334	-427.7214	-567.8978	140.1764	1.961395	0.5682783
17340	-427.7454	-567.717	139.9717	1.496964	1.326865
17346	-425.3431	-565.3189	139.9758	1.492813	1.326865
17352	-424.5011	-564.5454	140.0443	1.520543	1.24816
17358	-428.4026	-568.422	140.0194	1.548763	1.245449
17364	-416.9675	-557.0883	140.1208	1.78357	0.9327949
17370	-419.6538	-560.0166	140.3628	1.760436	0.6155042
17376	-413.382	-553.4879	140.1059	2.032551	0.5658279
17382	-417.3393	-557.5762	140.2369	1.758621	0.8270695
17388	-422.6764	-562.9214	140.245	1.874545	0.6248558
17394	-417.3244	-557.5243	140.2	1.938629	0.5651325
17400	-411.1395	-551.3715	140.232	1.881026	0.6404373
17406	-414.0384	-554.4403	140.4019	1.573934	0.8515001
17412	-409.63	-549.8082	140.1781	1.964329	0.4568965
17418	-409.9532	-550.0825	140.1293	1.975983	0.6573649
17424	-414.9483	-554.824	139.8757	2.266369	0.5480085
17430	-409.3687	-549.4604	140.0918	2.003685	0.6769876
17436	-416.3623	-556.5925	140.2302	1.850186	0.7042721
17442	-417.656	-557.8489	140.1929	1.70516	0.9395661
17448	-417.0389	-557.2982	140.2593	1.794153	0.7476606
17454	-411.0182	-551.174	140.1558	1.877604	0.7767036
17460	-408.737	-548.7999	140.0629	1.412016	1.321796
17466	-403.1762	-542.2508	139.0746	1.333714	2.082371
17472	-406.6591	-545.715	139.0558	1.065842	2.268486
17478	-409.8669	-549.4167	139.5499	1.088611	1.929029
17484	-404.4117	-544.0349	139.6232	1.270385	1.753871
17490	-405.6828	-545.1693	139.4865	1.25397	1.859784
17496	-408.9054	-548.881	139.9756	1.241767	1.520636
17502	-408.2548	-548.3044	140.0496	1.470051	1.285538
17508	-409.0379	-549.2474	140.2095	1.535355	1.090767
17514	-419.7207	-559.2763	139.5556	1.535355	1.61351
17520	-414.715	-554.8226	140.1077	2.011	0.6271875
17526	-409.8439	-550.105	140.2611	1.838979	0.667978
17532	-404.5745	-544.7078	140.1333	1.957036	0.6866842
17538	-406.0936	-546.2859	140.1923	1.945227	0.5696613
17544	-415.3483	-555.4346	140.0863	2.008167	0.6787984
17550	-411.6452	-551.3732	139.728	1.387196	1.595913
17556	-410.7177	-550.8025	140.0848	1.11146	1.536313
17562	-412.228	-550.943	138.715	1.225945	2.383609
17568	-407.8263	-547.3591	139.5328	1.363347	1.752091
17574	-400.5766	-540.6705	140.0938	1.216976	1.450225
17580	-403.6046	-543.7496	140.145	1.4562	1.217613
17586	-415.1574	-555.31	140.1526	1.616859	1.067908
17592	-403.5856	-543.7127	140.1272	1.853044	0.8461229
17598	-400.5679	-540.8336	140.2658	1.714446	0.8461229
17604	-411.8003	-551.4922	139.6919	1.562009	1.493296
17610	-410.02	-550.3374	140.3174	1.667757	0.8399929
17616	-404.5188	-544.5346	140.0157	1.345572	1.411409
17622	-409.4117	-549.386	139.9743	1.386974	1.411409
17628	-411.4772	-550.9486	139.4713	1.459743	1.727593
17634	-417.3969	-557.0729	139.676	1.09252	1.840509
17640	-412.4341	-552.6574	140.2234	1.569994	1.0452
17646	-406.5209	-546.6251	140.1042	1.592716	1.134343
17652	-412.4831	-551.5149	139.0318	1.307063	2.127915
17658	-407.1502	-546.1528	139.0026	1.214457	2.207065
17664	-415.0717	-555.2482	140.1765	1.920596	0.6738476
17670	-415.272	-554.7093	139.4373	1.075422	2.013305
17676	-416.1986	-555.7337	139.5351	1.400616	1.724316
17682	-408.6511	-548.8416	140.1904	1.849485	0.7675374
17688	-419.6629	-559.7885	140.1255	1.987868	0.6396345
17694	-427.4033	-566.5667	139.1633	1.464758	1.936051
17700	-420.5107	-559.5078	138.9971	1.243565	2.191787
17706	-425.3949	-563.9722	138.5774	1.234298	2.465025
17712	-410.6597	-550.844	140.1844	1.929355	0.6389178
17718	-410.0677	-550.2244	140.1567	1.914632	0.7195125
17724	-404.6508	-544.6322	139.9814	2.142278	0.6143551
17730	-401.6772	-541.3903	139.7131	2.392211	0.3700353
17736	-408.4569	-548.2626	139.8057	2.338629	0.4688612
17742	-407.0755	-546.6946	139.6191	1.302573	1.734213
17748	-407.4674	-546.5661	139.0987	1.028102	2.265186
17754	-407.7218	-547.6946	139.9728	2.124847	0.672853
17760	-403.1396	-543.4995	140.3598	1.639076	0.822812
17766	-403.5895	-543.5617	139.9721	1.411729	1.393875
17772	-405.2435	-545.3859	140.1424	1.62811	1.066866
17778	-399.7126	-540.1512	140.4386	1.413512	0.9873612
17784	-397.1211	-536.7299	139.6087	1.290751	1.749772
17790	-399.0405	-538.1785	139.138	1.241956	2.100994
17796	-393.9212	-533.7104	139.7893	1.153455	1.719396
17802	-398.6613	-538.2817	139.6204	1.33641	1.709458
17808	-403.5297	-543.0144	139.4848	1.360772	1.787378
17814	-414.7865	-555.0626	140.2761	1.501792	1.059899
17820	-416.6139	-556.4436	139.8298	1.999239	1.010472
17826	-415.5328	-555.5565	140.0237	2.039644	0.7323125
17832	-410.1245	-550.174	140.0495	1.434506	1.314472
17838	-405.9935	-545.8365	139.843	1.641025	1.314472
17844	-410.8603	-551.1715	140.3111	1.709739	0.7940317
17850	-408.1361	-548.2341	140.098	2.047002	0.4741885
17856	-412.1905	-552.2092	140.0187	2.047002	0.7286486
17862	-408.4287	-548.6548	140.2261	1.796671	0.7914766
17868	-410.6636	-550.9264	140.2629	1.736611	0.8220467
17874	-406.1854	-546.3602	140.1748	1.936796	0.6437191
17880	-408.7909	-548.9607	140.1698	1.924135	0.6799184
17886	-422.7762	-562.8325	140.0563	2.084866	0.5526311
17892	-417.3823	-557.6858	140.3035	1.562559	0.9731067
17898	-409.361	-549.6853	140.3243	1.58839	0.9237824
17904	-410.7319	-550.9047	140.1727	1.968773	0.452225
17910	-405.7994	-546.0152	140.2159	1.895242	0.644874
17916	-398.9031	-539.08	140.1769	1.85217	0.7828264
17922	-400.5057	-540.6916	140.1859	1.708738	0.9431965
17928	-409.2352	-549.5506	140.3154	1.714221	0.7820716
17934	-406.7569	-547.0367	140.2798	1.770576	0.7522116
17940	-413.7389	-553.8596	140.1206	1.942116	0.7332962
17946	-413.5377	-553.6763	140.1385	1.95135	0.6874161
17952	-415.3364	-555.4508	140.1144	1.996535	0.6451583
17958	-417.9352	-557.7394	139.8042	2.339443	0.4636408
17964	-405.9063	-545.8707	139.9645	2.180287	0.5293114
17970	-401.6472	-541.2442	139.597	2.368352	0.2562073
17976	-405.2077	-545.0474	139.8396	2.255998	0.3571385
17982	-407.902	-547.5148	139.6128	2.391599	0.278614
17988	-407.5386	-547.5243	139.9856	2.159514	0.4755595
17994	-412.2517	-552.4224	140.1706	1.974541	0.4755595
18000	-403.3189	-543.6867	140.3678	1.67215	0.7674565
18006	-400.8817	-540.8035	139.9218	1.564076	1.313021
18012	-426.0534	-565.5675	139.514	1.493059	1.67375
18018	-417.2965	-557.2752	139.9788	1.825674	1.034501
18024	-400.6048	-540.6744	140.0696	1.585254	1.171446
18030	-405.8526	-545.9914	140.1388	1.494754	1.189915
18036	-406.2661	-546.35	140.0839	1.49575	1.235835
18042	-411.5266	-549.9589	138.4323	3.004952	0.1135987
18048	-417.7345	-556.5008	138.7664	2.816869	0.1380358
18054	-419.8094	-559.2171	139.4077	2.611234	0.2881436
18060	-427.613	-566.6876	139.0746	2.815232	0.2217398
18066	-423.8324	-563.328	139.4957	2.556458	0.3131077
18072	-426.2836	-566.2434	139.9598	2.185786	0.5198611
18078	-417.0115	-557.1846	140.1731	1.896209	0.7228478
18084	-415.1346	-555.1209	139.9863	1.202205	1.542115
18090	-410.6684	-550.2881	139.6197	1.282575	1.747832
18096	-413.4561	-553.0826	139.6265	1.298275	1.73206
18102	-418.5063	-558.4827	139.9764	1.379974	1.415245
18108	-414.4094	-554.0497	139.6404	1.35129	1.684754
18114	-413.2101	-552.9729	139.7628	1.228848	1.684754
18120	-416.2902	-556.3248	140.0345	1.21962	1.493143
18126	-420.7403	-560.9424	140.202	1.496297	1.133072
18132	-414.8908	-554.8488	139.958	1.290689	1.497255
18138	-418.0662	-556.7372	138.671	1.08308	2.501077
18144	-415.1496	-553.8098	138.6602	1.167278	2.455118
18150	-420.9255	-560.6297	139.7042	1.278042	1.691435
18156	-426.5862	-566.6311	140.0449	1.46402	1.294312
18162	-434.3257	-574.0504	139.7247	2.383357	0.3740957
18168	-425.5859	-565.1812	139.5953	2.490741	0.345805
18174	-425.7681	-565.7472	139.979	2.165974	0.5266581
18180	-430.9906	-571.2829	140.2923	1.790118	0.7007746
18186	-424.3783	-564.5857	140.2073	1.830954	0.7698259
18192	-429.0542	-569.2792	140.225	1.751308	0.8509179
18198	-422.3884	-562.6018	140.2134	1.838263	0.7502433
18204	-422.7699	-562.7066	139.9366	2.207887	0.4701384
18210	-425.3005	-565.2792	139.9787	2.167395	0.4884976
18216	-420.0686	-560.0353	139.9668	2.179017	0.4826641
18222	-408.916	-548.8809	139.9649	2.174899	0.4447457
18228	-415.8565	-555.554	139.6975	2.379944	0.3365517
18234	-411.1525	-550.9486	139.7961	2.316414	0.3809281
18240	-413.1098	-552.6316	139.5218	2.429633	0.2490986
18246	-413.2532	-553.0367	139.7835	2.246947	0.2962178
18252	-416.5401	-556.4705	139.9304	2.215255	0.481383
18258	-412.552	-552.4554	139.9034	2.223321	0.4073437
18264	-414.9375	-554.9396	140.0021	2.131821	0.4250543
18270	-424.2156	-564.4295	140.214	1.885219	0.6697809
18276	-415.6027	-555.5314	139.9287	2.21277	0.551424
18282	-413.5682	-553.5768	140.0087	2.133257	0.4541472
18288	-407.4343	-547.5386	140.1042	1.96154	0.7284972
18294	-406.7782	-546.7037	139.9255	2.219915	0.4783677
18300	-412.9311	-552.9201	139.989	2.154422	0.4624575
18306	-415.7938	-555.7849	139.9912	2.154422	0.4804333
18312	-408.1379	-548.1727	140.0348	1.698838	1.101117
18318	-404.2814	-544.5468	140.2654	1.86278	0.6014777
18324	-411.0006	-551.0397	140.0391	2.106739	0.4832656
18330	-417.4104	-557.573	140.1627	1.814077	0.8503412
18336	-415.4715	-555.6126	140.1411	1.868456	0.8090754
18342	-411.509	-551.6286	140.1195	1.889991	0.8090754
18348	-413.5719	-553.7924	140.2206	1.889991	0.6460757
18354	-414.0173	-554.2036	140.1863	1.904679	0.6853841
18360	-414.7405	-555.1659	140.4254	1.388879	1.024918
18366	-416.3018	-555.9657	139.6639	1.615532	1.474104
18372	-420.4203	-560.4645	140.0442	1.920558	0.8647549
18378	-413.4197	-553.7293	140.3096	1.47988	1.048905
18384	-408.1891	-548.3534	140.1643	1.664154	1.010994
18390	-405.5671	-545.7646	140.1976	1.630932	1.010994
18396	-409.4921	-549.7307	140.2386	1.600299	1.000623
18402	-408.8847	-548.8419	139.9572	1.664061	1.200512
18408	-411.3158	-551.4018	140.0861	1.63553	1.112104
18414	-427.6306	-567.8475	140.217	1.85028	0.7261113
18420	-425.9884	-565.9927	140.0043	2.084243	0.6898349
18426	-422.9671	-562.8942	139.927	2.217592	0.4707987
18432	-407.7911	-547.5417	139.7507	1.538822	1.466452
18438	-402.405	-542.1765	139.7714	1.19414	1.70326
18444	-405.2098	-545.4112	140.2014	1.439208	1.183825
18450	-412.2365	-552.1698	139.9333	1.646993	1.235291
18456	-401.0431	-541.2542	140.211	1.573158	1.053943
18462	-403.9407	-543.4703	139.5296	1.654356	1.545455
18468	-405.451	-545.5932	140.1422	1.626774	1.06835
18474	-404.001	-544.1267	140.1258	1.773775	0.9380075
18480	-401.6572	-541.8256	140.1684	1.659971	1.011143
18486	-415.8273	-556.0283	140.201	1.76585	0.8622266
18492	-409.6421	-549.6097	139.9676	2.102573	0.7213758
18498	-406.7882	-546.7188	139.9306	2.18977	0.6228235
18504	-412.3505	-551.8722	139.5218	2.499739	0.2898847
18510	-408.3765	-547.8983	139.5218	2.499739	0.2898847
18516	-405.3106	-544.8393	139.5287	2.499739	0.2947957
18522	-404.7967	-544.2992	139.5025	2.526009	0.2947957
18528	-407.68	-547.2118	139.5318	2.494328	0.2931541
18534	-405.4088	-544.9318	139.523	2.488594	0.2832585
18540	-406.2011	-545.6678	139.4666	2.551778	0.2877648
18546	-413.4902	-553.2226	139.7324	2.351014	0.3428883
18552	-409.9626	-549.6596	139.697	2.386461	0.3429085
18558	-408.16	-548.1585	139.9985	2.138909	0.4360744
18564	-411.0612	-551.04	139.9788	2.167422	0.4917389
18570	-429.4075	-569.5872	140.1797	1.958889	0.5651747
18576	-430.2868	-570.3418	140.055	2.021446	0.7109616
18582	-406.2789	-546.0575	139.7786	1.459448	1.505178
18588	-408.1741	-548.3815	140.2074	1.719512	0.9081714
18594	-408.6963	-548.6319	139.9356	2.077025	0.8050132
18600	-419.1144	-559.3597	140.2453	1.8503	0.6766346
18606	-420.4346	-560.5582	140.1236	2.00301	0.6060921
18612	-421.4302	-561.5868	140.1565	1.858981	0.8011949
18618	-422.6768	-562.9307	140.2538	1.714694	0.860212
18624	-415.1725	-555.3994	140.2269	1.865644	0.6825301
18630	-417.8287	-557.9955	140.1668	1.899197	0.7281085
18636	-415.6704	-555.793	140.1226	1.911027	0.7763985
18642	-418.39	-558.3081	139.9181	2.208798	0.407559
18648	-403.9278	-543.8567	139.929	2.19926	0.4106804
18654	-414.2089	-554.1932	139.9843	2.145538	0.5966835
18660	-414.7312	-554.9801	140.2489	1.867657	0.6323862
18666	-417.3148	-557.4805	140.1658	1.636601	1.036496
18672	-413.5301	-553.6501	140.12	1.70448	1.014909
18678	-420.5549	-560.6749	140.12	1.70448	1.014909
18684	-413.7481	-553.7149	139.9668	1.652297	1.202328
18690	-407.1562	-547.2299	140.0737	1.682372	1.08039
18696	-399.7024	-540.0008	140.2983	1.83061	0.5992739
18702	-401.0954	-541.5651	140.4698	1.638951	0.6501112
18708	-401.1577	-540.7971	139.6394	2.42251	0.3215966
18714	-409.7965	-549.3483	139.5518	2.436166	0.2687049
18720	-416.4391	-555.9279	139.4888	2.542613	0.2969191
18726	-408.9352	-548.4379	139.5028	2.542613	0.3075889
18732	-415.4727	-555.4995	140.0268	2.119451	0.4924093
18738	-425.7795	-565.9139	140.1344	1.854387	0.8355143
18744	-421.7249	-561.6362	139.9112	1.859962	1.066248
18750	-416.0939	-556.0524	139.9585	1.61266	1.242936
18756	-422.3066	-562.5673	140.2607	1.760511	0.7934794
18762	-412.2955	-551.7588	139.4633	1.60984	1.626381
18768	-418.198	-558.3579	140.1599	1.436831	1.221381
18774	-413.2872	-553.5005	140.2134	1.792062	0.8144174
18780	-403.7687	-544.0293	140.2606	1.759154	0.7955388
18786	-416.4122	-556.5861	140.1739	1.56383	1.097323
18792	-416.7616	-556.7523	139.9907	2.139666	0.595033
18798	-424.7977	-564.7672	139.9695	2.131221	0.6667452
18804	-419.092	-559.0117	139.9197	2.110676	0.7809767
18810	-415.1247	-555.227	140.1023	1.553157	1.170954
18816	-408.1808	-548.4541	140.2733	1.658141	0.9030577
18822	-422.9918	-563.4426	140.4508	1.60668	0.7414182
18828	-418.1975	-558.187	139.9895	1.838603	1.011354
18834	-420.0928	-560.111	140.0182	2.118577	0.5725421
18840	-414.9209	-554.3598	139.4388	2.521728	0.2537024
18846	-421.6496	-560.7735	139.1239	2.851593	0.2616675
18852	-424.3202	-564.3779	140.0577	2.074703	0.5882629
18858	-420.4437	-560.7107	140.267	1.872453	0.5614132
18864	-420.2403	-559.4889	139.2486	2.732121	0.2645343
18870	-414.3978	-554.6877	140.2899	1.565738	0.9837638
18876	-410.8865	-551.1489	140.2624	1.80872	0.7198425
18882	-409.9139	-550.179	140.2651	1.86191	0.6051132
18888	-414.9848	-555.5092	140.5244	1.559024	0.6989354
18894	-410.5562	-550.6879	140.1317	1.994909	0.6061744
18900	-414.7017	-554.8334	140.1317	1.994909	0.6061744
18906	-415.8645	-555.8999	140.0354	2.107438	0.458808
18912	-417.2136	-557.0649	139.8513	2.291462	0.458808
18918	-415.2392	-555.3217	140.0825	2.060319	0.458808
18924	-411.8677	-551.8524	139.9847	2.141456	0.4059734
18930	-409.5663	-549.3321	139.7658	2.326479	0.3530617
18936	-407.5467	-547.2813	139.7346	2.405872	0.4473898
18942	-413.0099	-552.7286	139.7187	2.352264	0.3301155
18948	-409.6548	-548.5065	138.8517	2.85042	0.1636264
18954	-411.9875	-552.1423	140.1548	1.935317	0.6870722
18960	-413.5725	-552.6899	139.1174	2.72077	0.2027064
18966	-407.5989	-546.9045	139.3056	2.584857	0.2220159
18972	-422.5096	-562.0175	139.508	2.47413	0.2653197
18978	-412.3898	-551.686	139.2962	2.685859	0.2653197
18984	-407.4859	-547.4263	139.9405	2.186171	0.6061235
18990	-398.2761	-538.225	139.9489	2.186171	0.4285075
18996	-412.9356	-552.51	139.5744	2.443958	0.2877332
19002	-415.1297	-554.4252	139.2954	2.652843	0.2475435
19008	-408.1665	-547.9327	139.7662	2.365193	0.4183799
19014	-405.0568	-545.081	140.0242	2.110147	0.5816229
19020	-416.4612	-556.1926	139.7315	2.392482	0.4014414
19026	-417.9375	-557.5756	139.6381	2.458161	0.3578829
19032	-408.5874	-548.4285	139.8411	2.284372	0.4046575
19038	-400.6048	-539.9716	139.3668	2.63269	0.2755866
19044	-406.794	-546.1243	139.3303	2.719703	0.3113421
19050	-412.8342	-552.3333	139.4991	2.528795	0.2944011
19056	-413.9067	-553.6945	139.7879	2.304046	0.3525971
19062	-407.2807	-547.4471	140.1664	1.773182	0.8939466
19068	-408.0262	-548.0833	140.0571	1.928407	0.8396568
19074	-423.8307	-563.8411	140.0104	2.102141	0.6415422
19080	-420.3687	-560.256	139.8873	2.253087	0.4472659
19086	-414.9035	-554.6313	139.7278	2.405786	0.4240958
19092	-410.6667	-550.3879	139.7213	2.405786	0.4080312
19098	-406.1905	-545.3806	139.1901	2.783095	0.2604183
19104	-411.4315	-551.3955	139.964	1.70257	1.161259
19110	-414.237	-554.34	140.103	1.563519	1.161259
19116	-416.1292	-556.0746	139.9454	1.585811	1.276014
19122	-421.4261	-561.8417	140.4156	1.518539	0.9000649
19128	-418.195	-558.4251	140.2301	1.70402	0.9000649
19134	-414.4512	-554.7393	140.2881	1.648302	0.8974682
19140	-406.7925	-546.8736	140.081	1.726705	1.031317
19146	-409.5007	-549.6606	140.1599	1.96193	0.6191306
19152	-411.8096	-551.9181	140.1085	2.013343	0.6191306
19158	-415.3757	-555.4609	140.0852	2.060241	0.5220074
19164	-416.023	-556.3839	140.3609	1.753318	0.6377752
19170	-405.5016	-545.8913	140.3897	1.546751	0.8974383
19176	-408.8097	-549.0781	140.2684	1.668049	0.8974383
19182	-418.6121	-558.5371	139.9249	1.668049	1.224591
19188	-410.5902	-550.7031	140.1129	1.517556	1.192596
19194	-412.3851	-552.5639	140.1788	1.627205	1.033036
19200	-413.7215	-553.7976	140.076	1.729932	1.033036
19206	-411.8367	-551.903	140.0664	1.546231	1.207916
19212	-414.6861	-554.7486	140.0625	1.872415	0.8991215
19218	-414.0788	-554.1824	140.1036	1.983831	0.6918092
19224	-405.3398	-545.4352	140.0954	1.732744	1.01131
19230	-410.7785	-550.4072	139.6287	1.403308	1.655977
19236	-409.041	-548.3815	139.3405	1.33865	1.90152
19242	-418.8516	-557.5767	138.7251	1.337926	2.306002
19248	-418.9491	-559.0139	140.0648	1.719307	1.054036
19254	-408.3774	-548.4902	140.1127	1.54418	1.169686
19260	-402.6711	-542.5565	139.8854	1.570962	1.336723
19266	-405.3972	-545.6539	140.2567	1.720849	0.849357
19272	-415.3363	-555.474	140.1377	1.949025	0.6931395
19278	-419.4875	-559.7338	140.2462	1.848849	0.6777532
19284	-416.7932	-556.5842	139.791	2.34602	0.4345529
19290	-433.5487	-573.4858	139.9371	2.201496	0.5651573
19296	-429.6144	-569.6581	140.0437	1.914225	0.8727349
19302	-439.8377	-579.5023	139.6646	1.721065	1.392465
19308	-433.7642	-572.9993	139.2351	1.26609	2.020995
19314	-425.603	-565.5216	139.9187	1.348969	1.48299
19320	-419.6597	-559.3084	139.6487	2.467242	0.3865847
19326	-409.7639	-549.7262	139.9624	2.177356	0.5600301
19332	-409.4024	-549.2898	139.8874	2.25621	0.4636531
19338	-409.0877	-548.9096	139.8219	2.317069	0.4416701
19344	-405.6934	-545.6518	139.9584	2.186364	0.5287865
19350	-411.7028	-551.7642	140.0614	2.031139	0.682499
19356	-413.017	-553.0698	140.0528	2.005785	0.7398397
19362	-427.3032	-567.3136	140.0104	2.060597	0.720061
19368	-420.3455	-560.4651	140.1195	1.967341	0.6928711
19374	-423.2136	-563.1714	139.9578	2.129095	0.6928711
19380	-419.7597	-559.8926	140.133	1.461954	1.222952
19386	-425.3449	-565.3084	139.9635	1.608599	1.242173
19392	-418.0426	-558.1874	140.1448	1.700574	0.9941711
19398	-411.7273	-551.5744	139.8471	1.860017	1.125161
19404	-411.4334	-551.3636	139.9302	1.903521	1.005791
19410	-413.7466	-553.8422	140.0956	1.784	0.959106
19416	-417.4033	-557.449	140.0457	1.972855	0.7970514
19422	-407.4428	-547.7325	140.2897	1.703039	0.8306073
19428	-403.0337	-543.2258	140.1921	1.929009	0.6210955
19434	-409.9515	-550.2379	140.2865	1.834622	0.6210955
19440	-407.7752	-547.9362	140.161	1.918786	0.7053448
19446	-414.3753	-554.439	140.0637	2.060079	0.6140996
19452	-427.2262	-567.4851	140.2589	1.643004	0.9355065
19458	-421.8964	-562.1119	140.2155	1.544639	1.07662
19464	-411.4609	-551.7222	140.2613	1.791635	0.748318
19470	-409.5111	-549.8007	140.2896	1.8103	0.6683548
19476	-414.4042	-554.5911	140.1869	1.901801	0.6895319
19482	-409.2306	-549.4709	140.2403	1.901801	0.5477926
19488	-411.8177	-552.0697	140.252	1.894351	0.5018309
19494	-411.2298	-551.414	140.1842	1.898938	0.6995178
19500	-415.6512	-555.8603	140.2091	1.930922	0.5586565
19506	-414.2918	-554.3098	140.0179	2.110922	0.5995293
19512	-412.3477	-552.5718	140.2241	1.903223	0.6042481
19518	-417.6469	-557.6599	140.0129	2.125307	0.4388224
19524	-413.5407	-553.3767	139.8359	2.308597	0.4700901
19530	-415.8817	-555.7179	139.8363	2.30789	0.5340608
19536	-406.3882	-546.5757	140.1874	1.95407	0.5511922
19542	-406.7594	-546.8389	140.0796	2.066168	0.4820444
19548	-407.7331	-547.8506	140.1175	1.962558	0.7049158
19554	-402.5537	-542.5579	140.0043	2.038254	0.7637505
19560	-408.2955	-548.4403	140.1448	1.984806	0.5973142
19566	-399.9914	-540.1362	140.1448	1.984806	0.5973142
19572	-410.8934	-551.1847	140.2913	1.674644	0.8633116
19578	-408.827	-549.1251	140.2981	1.659325	0.8732882
19584	-400.5269	-540.4686	139.9418	1.763867	1.126532
19590	-403.631	-543.6842	140.0532	2.09011	0.5403895
19596	-404.1852	-544.2267	140.0415	2.09011	0.5910534
19602	-411.2026	-551.1527	139.9501	2.089164	0.7684307
19608	-402.692	-542.7664	140.0744	2.018288	0.6822693
19614	-411.7192	-551.8763	140.1571	1.976631	0.5839764
19620	-406.9539	-547.0066	140.0526	1.976631	0.7825287
19626	-413.7325	-553.8335	140.101	1.883192	0.8412006
19632	-406.4367	-546.5539	140.1172	1.981662	0.6704148
19638	-409.285	-549.4554	140.1704	1.912687	0.6995347
19644	-402.1112	-542.5219	140.4107	1.657537	0.7245366
19650	-409.6363	-549.7695	140.1333	1.935749	0.7232956
19656	-406.7011	-546.8353	140.1342	2.009949	0.5340455
19662	-407.5707	-547.8741	140.3034	1.670683	0.8535063
19668	-413.484	-553.6821	140.1981	1.351213	1.261109
19674	-408.8462	-549.0481	140.2019	1.541522	1.092147
19680	-409.9107	-549.8699	139.9592	2.09088	0.7526407
19686	-412.852	-552.9625	140.1106	2.011831	0.6176162
19692	-426.8164	-566.3633	139.547	1.423888	1.6995
19698	-417.2423	-557.1335	139.8911	1.407598	1.459415
19704	-403.1894	-543.2965	140.1071	1.928283	0.7739472
19710	-402.1622	-542.4519	140.2897	1.79479	0.6970962
19716	-399.5414	-539.8118	140.2704	1.711079	0.8445634
19722	-401.8835	-542.1005	140.2171	1.653416	0.9685594
19728	-397.8375	-538.1231	140.2855	1.755062	0.7665354
19734	-397.7467	-537.8358	140.0891	1.787716	0.9620231
19740	-397.6274	-537.9255	140.2981	1.578649	0.9620231
19746	-404.5958	-544.6319	140.036	2.110255	0.5066821
19752	-410.0415	-550.1585	140.117	2.0163	0.5853403
19758	-416.2126	-556.4462	140.2336	1.75003	0.8419072
19764	-413.5845	-553.6755	140.091	1.635093	1.108007
19770	-402.889	-543.0962	140.2073	1.429535	1.187159
19776	-409.9017	-550.2353	140.3336	1.254751	1.228459
19782	-411.8434	-551.7922	139.9488	1.73946	1.142093
19788	-416.3118	-556.2933	139.9815	1.654393	1.187928
19794	-414.0058	-553.9367	139.9309	1.436479	1.406702
19800	-409.3512	-548.6472	139.296	1.349245	1.92448
19806	-410.6547	-550.4961	139.8414	1.353348	1.537465
19812	-414.0939	-553.467	139.3731	1.371127	1.857216
19818	-410.8839	-550.667	139.7831	1.565375	1.421313
19824	-411.1495	-550.645	139.4955	1.60031	1.609939
19830	-404.6036	-544.0577	139.4541	1.331085	1.829052
19836	-411.6647	-551.1002	139.4355	1.349779	1.829052
19842	-408.1439	-548.2681	140.1242	1.504003	1.19457
19848	-416.0967	-556.1652	140.0685	1.841757	0.9264358
19854	-419.9732	-559.9114	139.9382	1.661363	1.218976
19860	-415.8298	-555.7483	139.9185	1.550256	1.326739
19866	-408.8996	-548.6234	139.7238	1.186219	1.742401
19872	-412.6279	-552.5933	139.9655	1.435552	1.380472
19878	-418.307	-558.5621	140.2551	1.523605	1.059111
19884	-416.4238	-556.7527	140.329	1.50158	1.008942
19890	-417.5744	-557.7599	140.1855	1.620488	1.033035
19896	-425.1202	-565.0308	139.9106	1.691559	1.216776
19902	-423.2821	-563.0668	139.7847	1.54889	1.432786
19908	-425.6515	-565.7285	140.077	1.256577	1.432786
19914	-432.2997	-570.5091	138.2094	1.044333	2.809409
19920	-420.3362	-559.382	139.0457	1.218144	2.176739
19926	-415.0681	-554.21	139.1419	1.212152	2.117993
19932	-417.3795	-556.8624	139.4829	1.323788	1.814254
19938	-408.2195	-547.9898	139.7703	1.298934	1.629177
19944	-424.7504	-564.7413	139.9909	1.583775	1.239965
19950	-424.5998	-564.5165	139.9168	1.800365	1.11614
19956	-430.3484	-570.3983	140.0499	1.521468	1.242742
19962	-429.9776	-569.3441	139.3665	1.086642	2.05278
19968	-426.7014	-566.5862	139.8849	1.224206	1.600337
19974	-424.7512	-562.5159	137.7648	0.9480372	3.13462
19980	-414.2615	-554.4144	140.1529	1.590849	1.091827
19986	-413.8194	-554.0497	140.2303	1.442197	1.156003
19992	-414.8307	-554.1864	139.3557	1.345558	1.886516
19998	-430.0108	-568.7227	138.7119	1.31386	2.329759
20004	-421.9091	-561.7169	139.8078	1.486126	1.463099
20010	-422.8107	-562.4815	139.6708	1.889343	1.252093
20016	-428.112	-568.2237	140.1117	1.6372	1.087064
20022	-426.8161	-567.0202	140.2041	1.731644	0.8981889
20028	-422.0125	-561.6576	139.6451	1.536823	1.546949
20034	-412.1921	-552.255	140.0629	1.735071	1.040774
20040	-418.3859	-558.467	140.0811	1.830607	0.9249001
20046	-424.9518	-565.1069	140.155	1.756633	0.9249001
20052	-420.1544	-560.305	140.1506	1.802802	0.8780177
20058	-420.2297	-560.3006	140.0709	1.927946	0.8228064
20064	-411.4549	-551.5594	140.1045	2.03609	0.5557471
20070	-406.5779	-546.4265	139.8486	1.876758	1.108666
20076	-408.931	-549.0137	140.0828	1.68085	1.073341
20082	-408.5929	-548.589	139.9961	1.68085	1.152081
20088	-415.0973	-554.8995	139.8021	1.486696	1.466936
20094	-408.6936	-548.7801	140.0864	2.059263	0.5189482
20100	-404.3681	-544.3286	139.9605	2.1848	0.5233215
20106	-411.6455	-551.7944	140.1489	1.997304	0.4894606
20112	-415.7969	-555.903	140.1061	2.040077	0.4894606
20118	-415.2731	-555.1125	139.8394	2.287596	0.4078941
20124	-419.6709	-559.5587	139.8878	2.249333	0.4349562
20130	-407.286	-546.948	139.6619	2.397275	0.3192098
20136	-409.0523	-548.5438	139.4915	2.535047	0.293445
20142	-425.3642	-565.1215	139.7572	1.361618	1.593216
20148	-430.8394	-570.9343	140.0949	1.361618	1.336578
20154	-414.4407	-554.4598	140.0191	2.118861	0.5676328
20160	-409.8988	-549.8315	139.9328	2.184389	0.3886223
20166	-406.5009	-546.3845	139.8836	2.233564	0.3886223
20172	-408.0386	-548.0535	140.015	2.117071	0.5895721
20178	-414.0439	-554.1287	140.0848	2.060759	0.4798875
20184	-425.6499	-565.1492	139.4993	2.534927	0.2990231
20190	-419.0171	-558.8751	139.858	2.235877	0.354998
20196	-420.6888	-560.7124	140.0235	2.087661	0.378813
20202	-420.6603	-560.801	140.1407	1.932597	0.716286
20208	-414.5031	-554.6253	140.1222	1.979549	0.6646332
20214	-417.9943	-558.016	140.0218	2.085522	0.6531739
20220	-414.4148	-554.6312	140.2164	1.912591	0.599318
20226	-419.3427	-559.5807	140.238	1.8209	0.7392862
20232	-413.6642	-553.8124	140.1482	1.910831	0.7390586
20238	-407.5147	-547.9175	140.4029	1.561937	0.8646658
20244	-412.0126	-551.7759	139.7633	1.610303	1.401912
20250	-419.5534	-558.8292	139.2757	1.536379	1.810535
20256	-419.0406	-558.8292	139.7886	1.741347	1.27712
20262	-404.9356	-545.0793	140.1437	1.855692	0.8221351
20268	-402.7882	-542.9708	140.1826	1.913295	0.6761533
20274	-411.9472	-552.1287	140.1815	1.761095	0.8905265
20280	-411.8763	-552.061	140.1847	1.829877	0.802418
20286	-419.8234	-559.8384	140.015	2.131375	0.5017355
20292	-415.9588	-556.0348	140.076	2.065454	0.5512918
20298	-411.3615	-551.6495	140.288	1.833545	0.6199277
20304	-413.4828	-553.4019	139.9191	2.176792	0.3574943
20310	-421.6998	-561.1566	139.4568	2.484305	0.2440677
20316	-409.2998	-549.183	139.8831	2.22194	0.3697022
20322	-407.0283	-546.8934	139.8651	2.272069	0.4350456
20328	-408.0716	-548.0569	139.9854	2.147466	0.4221088
20334	-409.5255	-549.4648	139.9393	2.179135	0.3908911
20340	-418.333	-558.1662	139.8332	2.239574	0.3318653
20346	-426.5523	-566.5442	139.9919	2.153939	0.482914
20352	-417.1391	-557.2851	140.146	1.996243	0.546962
20358	-424.4432	-564.4475	140.0043	2.137886	0.4552792
20364	-423.0843	-563.2347	140.1504	1.961722	0.6425469
20370	-427.7966	-567.7471	139.9505	2.190978	0.4521868
20376	-416.0992	-555.861	139.7617	2.360175	0.3973158
20382	-408.466	-548.5473	140.0814	1.909263	0.8332446
20388	-412.9343	-552.9673	140.033	1.605908	1.18531
20394	-409.3928	-549.6621	140.2692	1.602189	0.9675643
20400	-419.0369	-559.0508	140.0139	1.424187	1.351204
20406	-418.9804	-558.606	139.6256	1.594416	1.518669
20412	-420.3964	-560.4758	140.0794	2.060699	0.4459921
20418	-415.6029	-555.5321	139.9292	2.210906	0.4459921
20424	-421.3659	-561.3461	139.9802	2.158012	0.4385816
20430	-412.4938	-552.4788	139.985	2.158012	0.4601284
20436	-411.7196	-551.7838	140.0642	2.056007	0.6232871
20442	-410.6362	-550.9452	140.309	1.8112	0.6232871
20448	-411.9937	-552.2338	140.2401	1.713712	0.8775304
20454	-418.7515	-558.8949	140.1434	1.838302	0.8442421
20460	-410.4848	-550.6347	140.1499	1.991915	0.5493653
20466	-420.7724	-560.8824	140.11	1.941252	0.7509075
20472	-427.9616	-568.2984	140.3367	1.617737	0.8767922
20478	-421.2914	-561.6399	140.3485	1.718194	0.7269841
20484	-413.7931	-554.1762	140.3831	1.570266	0.8780566
20490	-412.3844	-552.6954	140.3109	1.513162	1.015316
20496	-414.2223	-554.0297	139.8075	1.462232	1.481402
20502	-414.5276	-554.822	140.2944	1.443559	1.097123
20508	-414.4118	-554.2702	139.8584	1.783213	1.18301
20514	-421.4337	-561.8782	140.4445	1.582328	0.7859244
20520	-412.7628	-553.1271	140.3643	1.737406	0.6647983
20526	-406.5349	-546.8394	140.3045	1.841902	0.499869
20532	-410.979	-551.2214	140.2424	1.820597	0.7328817
20538	-416.4774	-556.6484	140.171	1.91046	0.7023798
20544	-420.5084	-560.7208	140.2124	1.91046	0.6165431
20550	-421.5357	-561.5953	140.0597	2.085878	0.4795667
20556	-412.8942	-552.5195	139.6253	2.362639	0.2686766
20562	-410.8885	-549.9063	139.0178	2.738082	0.1775318
20568	-417.4818	-556.5041	139.0223	2.738082	0.1787853
20574	-413.1992	-553.0177	139.8185	1.380821	1.534088
20580	-417.9585	-558.1059	140.1473	1.78739	0.8993885
20586	-418.2215	-558.2078	139.9863	2.078023	0.7308402
20592	-414.3426	-553.6316	139.289	2.640839	0.2388216
20598	-412.4962	-552.1031	139.6069	2.465029	0.3310481
20604	-414.3486	-554.0612	139.7126	2.359352	0.3310481
20610	-416.7757	-556.8659	140.0902	2.04496	0.5787876
20616	-425.0944	-565.1468	140.0523	2.089945	0.5467501
20622	-423.638	-563.6209	139.9829	2.160422	0.4617634
20628	-423.4784	-563.5092	140.0308	2.107648	0.5655841
20634	-420.3143	-560.0915	139.7773	1.643236	1.365151
20640	-418.9928	-557.4161	138.4233	1.35307	2.487176
20646	-413.1714	-551.8842	138.7129	1.063466	2.487176
20652	-402.582	-542.1922	139.6102	1.390106	1.678581
20658	-403.4022	-542.5957	139.1935	1.375198	1.975951
20664	-402.8828	-543.0533	140.1704	1.336741	1.295706
20670	-396.314	-536.459	140.1449	1.712205	0.9822393
20676	-395.4675	-535.4976	140.0301	1.765521	1.043002
20682	-397.2607	-537.0967	139.836	1.624405	1.33347
20688	-400.2203	-540.2464	140.0262	1.591708	1.203422
20694	-403.2282	-542.885	139.6568	1.583804	1.503317
20700	-405.016	-545.1143	140.0983	1.623797	1.111625
20706	-402.357	-542.2712	139.9142	1.481053	1.384992
20712	-409.1494	-549.1164	139.967	1.355411	1.441374
20718	-409.905	-549.8968	139.9918	1.471233	1.331323
20724	-404.835	-544.7157	139.8807	1.287298	1.557257
20730	-407.8044	-547.2592	139.4548	1.369421	1.802135
20736	-413.9824	-553.4548	139.4724	1.118444	1.961116
20742	-402.5269	-542.4851	139.9582	1.38443	1.425831
20748	-403.6945	-543.5274	139.833	1.225838	1.636725
20754	-418.2636	-558.4432	140.1796	1.371431	1.259697
20760	-422.0737	-562.079	140.0052	1.417138	1.363687
20766	-421.4014	-561.4663	140.0648	1.688943	1.082521
20772	-419.1146	-559.0084	139.8939	1.659425	1.257805
20778	-413.0459	-552.9201	139.8742	1.673293	1.262614
20784	-418.3315	-558.5534	140.2219	1.624667	0.9929695
20790	-405.3875	-545.5762	140.1887	1.792792	0.844582
20796	-410.3529	-550.5766	140.2237	1.531267	1.081456
20802	-406.5382	-546.7007	140.1624	1.400111	1.25012
20808	-414.7138	-555.1234	140.4096	1.497837	0.9295346
20814	-412.0565	-551.8531	139.7967	1.252976	1.643315
20820	-413.0234	-551.7848	138.7613	1.152709	2.400619
20826	-411.9795	-551.3322	139.3527	1.111779	2.045276
20832	-409.039	-548.9176	139.8786	1.339089	1.520421
20838	-420.4228	-559.3876	138.9648	1.425511	2.094204
20844	-414.2468	-552.5215	138.2746	1.191527	2.679523
20850	-407.9865	-547.8802	139.8937	1.191527	1.617634
20856	-407.1207	-547.1493	140.0286	1.513832	1.266825
20862	-401.7413	-541.6662	139.9249	1.234119	1.563793
20868	-403.5864	-543.4622	139.8758	1.634037	1.293547
20874	-409.6886	-549.9475	140.2588	1.855261	0.638098
20880	-406.1608	-546.3161	140.1553	1.920889	0.7114156
20886	-413.2014	-553.3739	140.1725	1.906541	0.7066563
20892	-416.3821	-556.4359	140.0538	1.945801	0.8219498
20898	-413.2794	-553.3681	140.0887	2.055298	0.5355228
20904	-417.3795	-557.3835	140.0039	2.142458	0.5012307
20910	-413.7404	-553.5729	139.8325	2.313887	0.5012307
20916	-421.7569	-561.8598	140.1029	2.043466	0.4958302
20922	-404.641	-544.8677	140.2267	1.919519	0.5098088
20928	-421.3495	-560.349	138.9995	1.447532	2.056811
20934	-418.0055	-558.0238	140.0182	1.361254	1.397293
20940	-406.5071	-546.6332	140.1261	1.208418	1.432078
20946	-401.3613	-541.3641	140.0028	1.425593	1.358924
20952	-405.1848	-544.947	139.7621	1.32736	1.614551
20958	-414.6227	-553.226	138.6033	1.350094	2.375721
20964	-416.2477	-555.9383	139.6906	1.420859	1.598574
20970	-401.8226	-542.0683	140.2457	1.753127	0.8229086
20976	-399.2236	-539.313	140.0895	1.645694	1.099724
20982	-395.8851	-536.2601	140.375	1.518124	0.9448388
20988	-397.5418	-537.8335	140.2917	1.601375	0.9448388
20994	-394.6961	-535.0229	140.3268	1.723177	0.752809
21000	-404.2159	-544.4112	140.1953	1.565299	1.076182
21006	-405.9072	-546.1833	140.2761	1.778327	0.7461557
21012	-413.6166	-553.8035	140.1868	1.867571	0.7461557
21018	-413.5689	-553.5559	139.9871	1.773778	1.075955
21024	-418.9905	-558.9517	139.9612	1.511041	1.32393
21030	-418.8196	-559.098	140.2784	1.656885	0.8987412
21036	-416.9513	-557.3062	140.3549	1.680796	0.7735667
21042	-418.42	-558.6922	140.2722	1.516639	1.049528
21048	-414.9569	-555.2053	140.2484	1.533021	1.0566
21054	-414.8036	-554.9301	140.1265	1.949478	0.7117517
21060	-412.4735	-552.6664	140.1929	1.949478	0.5458969
21066	-414.6324	-554.7576	140.1252	1.949478	0.7139727
21072	-414.6993	-554.6761	139.9768	2.109364	0.6941231
21078	-412.9789	-552.9976	140.0186	2.113027	0.4190421
21084	-421.4246	-561.416	139.9914	2.107482	0.3613224
21090	-414.9983	-554.9425	139.9441	1.16789	1.598187
21096	-416.8791	-556.9039	140.0248	1.425494	1.341511
21102	-414.7731	-554.762	139.9888	2.130664	0.6250658
21108	-415.9811	-556.2077	140.2266	1.767451	0.8288829
21114	-410.1261	-550.3255	140.1995	1.794614	0.8288829
21120	-425.851	-565.9016	140.0506	1.502338	1.258108
21126	-409.4239	-549.4007	139.9768	1.576163	1.258108
21132	-418.7871	-558.5783	139.7913	1.494576	1.469206
21138	-414.0486	-553.2422	139.1936	1.187707	2.100111
21144	-410.6851	-550.7667	140.0816	1.951656	0.7769618
21150	-408.1567	-548.1128	139.9561	2.077188	0.7769618
21156	-400.8901	-541.1034	140.2132	1.834717	0.755843
21162	-401.2146	-541.4189	140.2044	1.908324	0.6412937
21168	-405.5226	-545.7145	140.192	1.488738	1.148742
21174	-403.8882	-544.0154	140.1272	1.663455	1.047766
21180	-413.8362	-553.5414	139.7051	1.52842	1.508579
21186	-411.8884	-551.7198	139.8314	1.50502	1.430626
21192	-414.9299	-555.002	140.0721	2.045487	0.6298323
21198	-410.3585	-550.4387	140.0802	2.045487	0.6088079
21204	-410.4851	-550.5226	140.0375	2.108013	0.5212608
21210	-404.1865	-544.3195	140.133	2.012565	0.5205378
21216	-407.0234	-547.2496	140.2262	1.812541	0.7691696
21222	-410.6696	-550.9873	140.3177	1.607739	0.9098166
21228	-407.572	-547.7977	140.2257	1.674927	0.9368732
21234	-408.4442	-548.7029	140.2587	1.762749	0.7932303
21240	-403.322	-543.5048	140.1828	1.462557	1.179713
21246	-404.735	-544.4433	139.7084	1.410637	1.593123
21252	-411.1438	-550.8274	139.6836	1.410637	1.611102
21258	-402.0495	-541.6649	139.6154	1.478874	1.611102
21264	-401.5573	-541.7825	140.2252	1.643195	0.9706964
21270	-413.8902	-553.8079	139.9177	1.624486	1.267021
21276	-411.5478	-551.8423	140.2945	1.658068	0.8790488
21282	-409.9914	-550.2656	140.2742	1.773	0.7568952
21288	-410.0008	-550.2754	140.2746	1.773	0.7563238
21294	-415.6358	-555.882	140.2462	1.67297	0.9166719
21300	-411.3693	-551.2432	139.8738	2.271257	0.4749685
21306	-414.604	-554.5472	139.9431	2.176952	0.3939072
21312	-415.8716	-556.1182	140.2466	1.723694	0.8581032
21318	-411.7275	-552.0193	140.2918	1.729523	0.7934178
21324	-408.7554	-548.5606	139.8052	2.255728	0.3207194
21330	-411.7451	-551.639	139.8938	2.252397	0.4912337
21336	-407.3273	-546.8012	139.474	2.56537	0.302853
21342	-407.0198	-546.092	139.0723	2.727287	0.1902296
21348	-406.1548	-545.1301	138.9753	2.727287	0.1637471
21354	-410.0713	-548.9653	138.894	2.847896	0.1737492
21360	-414.6076	-554.8363	140.2287	1.686231	0.9213166
21366	-424.3231	-564.6346	140.3114	1.801478	0.6407838
21372	-412.8307	-552.8463	140.0157	2.120619	0.4322583
21378	-400.7589	-540.6971	139.9383	2.199213	0.4361541
21384	-408.7012	-548.7091	140.0079	2.1381	0.514978
21390	-415.8061	-555.6017	139.7956	2.303987	0.3621748
21396	-416.6231	-556.3353	139.7122	2.362533	0.3337802
21402	-413.7414	-553.5997	139.8582	2.254174	0.3807263
21408	-413.5202	-553.4657	139.9455	2.200237	0.4825299
21414	-411.6869	-551.6776	139.9908	2.138283	0.4125461
21420	-404.9935	-544.9805	139.987	2.138283	0.4041201
21426	-412.1907	-551.8453	139.6546	2.444439	0.3614896
21432	-413.6045	-553.0082	139.4037	2.577719	0.2649575
21438	-420.3222	-559.837	139.5148	2.521653	0.3006443
21444	-430.7465	-570.2807	139.5342	2.449429	0.266202
21450	-418.001	-557.8447	139.8438	2.295306	0.562952
21456	-417.3973	-557.0485	139.6512	2.442777	0.3551396
21462	-410.0623	-549.816	139.7537	2.39145	0.5256386
21468	-413.6463	-553.1031	139.4567	2.609968	0.3260149
21474	-416.4085	-556.0202	139.6117	2.447444	0.31912
21480	-418.5379	-557.712	139.1741	1.392065	1.977635
21486	-413.5175	-553.6046	140.0871	1.505277	1.225071
21492	-410.7783	-550.838	140.0597	1.898144	0.8728325
21498	-423.4937	-563.4126	139.9189	1.970342	0.9489695
21504	-417.0725	-557.2071	140.1346	2.007914	0.4570197
21510	-421.2441	-561.0562	139.8121	2.29304	0.3697986
21516	-427.7749	-567.548	139.773	2.365255	0.4390102
21522	-424.7736	-564.6683	139.8947	2.239092	0.4246584
21528	-424.0256	-563.9485	139.9228	2.21158	0.4265918
21534	-424.6892	-564.3945	139.7052	2.366523	0.3308464
21540	-412.4764	-552.203	139.7266	2.366523	0.3540204
21546	-411.7145	-551.5815	139.867	2.252145	0.3921472
21552	-419.7144	-559.536	139.8216	2.275317	0.3587585
21558	-410.3306	-549.983	139.6524	2.460758	0.3819568
21564	-422.7298	-562.3638	139.634	2.470153	0.3683821
21570	-430.9012	-569.695	138.7938	2.976566	0.1815915
21576	-427.9759	-567.4274	139.4515	2.430684	0.2187375
21582	-421.923	-561.3408	139.4178	2.570778	0.2690403
21588	-424.6779	-563.9877	139.3098	2.61204	0.2352121
21594	-415.2514	-554.6972	139.4458	2.603693	0.3109268
21600	-418.3648	-558.3718	140.0071	1.540216	1.262788
21606	-425.5331	-565.5017	139.9685	1.574539	1.266264
21612	-417.2864	-556.8324	139.5461	1.421698	1.701708
21618	-413.6868	-553.5082	139.8214	1.461928	1.471094
21624	-414.5773	-554.2621	139.6848	1.466536	1.569478
21630	-419.3305	-558.6673	139.3368	2.563455	0.2259557
21636	-420.0072	-559.6846	139.6774	2.417113	0.3557798
21642	-416.7966	-556.1962	139.3996	2.600567	0.2759671
21648	-415.1266	-554.1446	139.018	2.816473	0.2014736
21654	-410.2984	-549.3165	139.018	2.816473	0.2014736
21660	-401.8018	-540.5559	138.7541	2.897732	0.152038
21666	-411.728	-550.4378	138.7098	2.941996	0.152038
21672	-408.9143	-547.9836	139.0693	2.741026	0.1935794
21678	-412.6096	-552.0198	139.4102	2.562635	0.2602092
21684	-417.5019	-556.9759	139.4739	2.573655	0.3093665
21690	-422.4791	-562.2128	139.7337	2.403573	0.4355492
21696	-419.8931	-559.6027	139.7096	2.403573	0.3819437
21702	-418.6694	-558.5613	139.8918	2.232177	0.4015558
21708	-416.4654	-556.5411	140.0758	2.070467	0.5089927
21714	-422.7584	-562.8093	140.0509	2.095522	0.4967911
21720	-423.7333	-563.8064	140.0731	2.057714	0.5934712
21726	-408.1866	-548.3037	140.1171	2.011707	0.5997097
21732	-407.537	-547.5037	139.9667	2.16211	0.4119294
21738	-408.3342	-548.119	139.7848	2.330121	0.3847728
21744	-419.2017	-559.1028	139.9011	2.237526	0.4401124
21750	-417.7769	-557.6325	139.8556	2.261395	0.3883375
21756	-423.1663	-562.8611	139.6948	2.408028	0.3666265
21762	-434.0455	-574.2054	140.1598	1.801262	0.8690538
21768	-434.1877	-573.9318	139.7441	1.806846	1.259759
21774	-423.0718	-563.0633	139.9915	2.147933	0.4432531
21780	-416.1467	-556.1491	140.0024	2.140066	0.456816
21786	-419.1663	-559.1771	140.0108	2.126848	0.4367958
21792	-416.5798	-556.5352	139.9554	2.169979	0.4043824
21798	-408.9104	-548.9781	140.0677	2.07736	0.5262014
21804	-408.5456	-548.8435	140.298	1.785028	0.69976
21810	-407.4352	-547.5064	140.0712	1.968807	0.767353
21816	-406.6386	-546.8688	140.2302	1.892666	0.6164731
21822	-409.4096	-549.4612	140.0516	2.016309	0.7250195
21828	-407.2154	-547.3337	140.1183	1.855188	0.8543137
21834	-415.0487	-555.1441	140.0954	1.811735	0.9297898
21840	-414.1923	-554.2104	140.0181	2.124908	0.5423565
21846	-412.1799	-552.1896	140.0097	2.135548	0.5241697
21852	-416.0209	-555.9807	139.9598	2.184214	0.5354521
21858	-409.0082	-548.9213	139.9131	2.184214	0.3593251
21864	-409.5714	-549.5809	140.0095	2.134999	0.5315944
21870	-408.4901	-548.6238	140.1337	1.992638	0.6068278
21876	-406.4272	-546.3327	139.9055	2.239295	0.4725736
21882	-418.1257	-557.8239	139.6982	2.417114	0.3855251
21888	-408.5776	-548.479	139.9014	2.237591	0.5634247
21894	-405.1251	-545.0927	139.9675	2.101328	0.723521
21900	-410.4554	-550.5569	140.1014	1.948057	0.7535118
21906	-414.6732	-554.8853	140.2121	1.853824	0.7282442
21912	-412.8582	-552.8667	140.0085	1.843001	0.9879625
21918	-424.867	-565.1387	140.2716	1.579871	0.9879625
21924	-425.8056	-565.7021	139.8965	1.610481	1.29584
21930	-414.8139	-554.4583	139.6444	1.583996	1.512467
21936	-414.6882	-554.7285	140.0404	1.545624	1.23048
21942	-418.1936	-558.2478	140.0542	2.053683	0.6519723
21948	-423.5194	-563.4189	139.8996	2.239236	0.440842
21954	-412.3384	-552.2157	139.8774	2.212506	0.6874517
21960	-419.2884	-559.3763	140.088	1.998548	0.6935398
21966	-417.8311	-557.6713	139.8401	2.306284	0.5014865
21972	-411.4246	-551.4653	140.0407	2.096921	0.5691987
21978	-419.0463	-559.4242	140.378	1.699771	0.7087984
21984	-418.4548	-558.5744	140.1196	1.642343	1.07494
21990	-410.768	-551.0365	140.2685	1.830288	0.6706376
21996	-415.6097	-555.8353	140.2256	1.873097	0.6706376
22002	-411.5948	-551.708	140.1131	1.964833	0.7084322
22008	-408.6622	-548.7669	140.1048	1.964833	0.7223662
22014	-424.2515	-564.5017	140.2502	1.844244	0.6789606
22020	-422.6997	-562.754	140.0544	1.605975	1.166656
22026	-427.2207	-567.2123	139.9916	1.477502	1.326462
22032	-420.0515	-559.6757	139.6242	2.435638	0.3197638
22038	-416.4752	-556.2532	139.778	2.273334	0.3124175
22044	-414.9304	-554.9522	140.0218	1.473793	1.305152
22050	-413.713	-553.1053	139.3922	1.252397	1.924899
22056	-417.6362	-556.7408	139.1046	1.282402	2.096395
22062	-414.9958	-554.9415	139.9456	2.180688	0.406383
22068	-406.6702	-546.5686	139.8985	2.222468	0.3954985
22074	-416.6586	-556.7285	140.07	2.013093	0.6996676
22080	-415.9882	-556.1219	140.1337	2.008899	0.544697
22086	-418.1508	-558.219	140.0683	2.074367	0.544697
22092	-407.9173	-548.0824	140.1651	1.974883	0.4453711
22098	-406.7212	-546.8934	140.1722	1.912111	0.6973763
22104	-409.7073	-549.9218	140.2145	1.841013	0.744474
22110	-408.5708	-548.4951	139.9243	2.209843	0.5824961
22116	-407.7186	-547.7632	140.0446	2.049392	0.679799
22122	-409.235	-549.469	140.2339	1.798698	0.7778365
22128	-405.9361	-546.2471	140.311	1.800022	0.6450623
22134	-399.7214	-539.9656	140.2443	1.746993	0.832464
22140	-397.5143	-537.6353	140.121	2.02441	0.4777714
22146	-397.2888	-536.9277	139.6389	2.364842	0.2782363
22152	-403.9321	-543.4189	139.4868	2.497195	0.2664098
22158	-415.9105	-555.5168	139.6063	2.475544	0.3412202
22164	-406.4984	-546.0321	139.5337	2.490453	0.2917108
22170	-410.0462	-549.5538	139.5076	2.484719	0.2712328
22176	-409.9238	-549.4405	139.5167	2.412194	0.238378
22182	-404.4759	-544.0377	139.5618	2.451437	0.2843272
22188	-421.876	-561.7177	139.8417	2.298022	0.4442851
22194	-408.8675	-548.5135	139.646	2.457189	0.3671193
22200	-416.8129	-556.5014	139.6885	2.457189	0.5185466
22206	-413.1327	-553.2364	140.1038	2.041717	0.5217938
22212	-416.7497	-556.5845	139.8348	1.472869	1.452586
22218	-411.6585	-551.1028	139.4444	1.418116	1.775603
22224	-407.4067	-546.5369	139.1302	1.281728	2.079993
22230	-405.7014	-545.733	140.0316	1.871985	0.9336461
22236	-414.8643	-555.1882	140.3239	1.579714	0.9336461
22242	-410.7098	-551.1622	140.4525	1.424619	0.9616966
22248	-408.5966	-548.6516	140.055	1.781661	1.002924
22254	-416.9856	-557.2131	140.2275	1.761699	0.8350651
22260	-412.0112	-552.2586	140.2474	1.761699	0.8096281
22266	-406.0363	-546.1955	140.1592	1.597134	1.080111
22272	-417.6326	-557.6777	140.0451	1.904553	0.8823785
22278	-412.7934	-553.1421	140.3487	1.587215	0.89805
22284	-418.8163	-559.2814	140.4651	1.41819	0.9552291
22290	-413.4033	-553.6204	140.2171	1.797803	0.8020513
22296	-426.7657	-566.8328	140.0671	2.077412	0.5312794
22302	-425.0998	-565.3488	140.249	1.629323	0.9604142
22308	-415.3261	-555.5111	140.185	1.782514	0.8613848
22314	-416.1577	-556.35	140.1923	1.951776	0.5349133
22320	-413.4143	-553.3281	139.9137	2.231711	0.4786497
22326	-417.2484	-557.19	139.9417	2.198961	0.5556753
22332	-418.0967	-557.9734	139.8767	2.269707	0.4966775
22338	-420.9995	-560.8268	139.8273	2.295442	0.398957
22344	-420.0487	-560.1692	140.1206	2.014628	0.5785526
22350	-416.4921	-556.644	140.1519	1.969918	0.6191076
22356	-420.0736	-560.2212	140.1476	1.965673	0.6398527
22362	-422.9226	-562.5205	139.5979	2.431414	0.2954162
22368	-418.8183	-557.8948	139.0765	2.810854	0.2207727
22374	-414.2862	-553.4847	139.1985	2.720663	0.2340232
22380	-417.7826	-558.0312	140.2487	1.857513	0.6554575
22386	-415.2875	-555.4751	140.1876	1.70694	0.943326
22392	-417.2822	-557.167	139.8848	2.249781	0.4269095
22398	-414.9832	-554.9422	139.959	2.175525	0.4269095
22404	-409.8364	-550.0315	140.1951	1.738884	0.9001991
22410	-412.54	-552.4848	139.9448	1.550436	1.305432
22416	-419.565	-559.5847	140.0197	1.475482	1.305432
22422	-413.281	-553.3898	140.1087	1.386489	1.305432
22428	-415.3648	-555.706	140.3411	1.550316	0.9466415
22434	-415.3985	-555.4644	140.0659	1.598533	1.163134
22440	-409.0316	-549.1702	140.1386	1.587454	1.108031
22446	-413.1002	-553.1071	140.0068	1.403617	1.373076
22452	-420.7294	-561.0684	140.3389	1.730076	0.7233351
22458	-413.8846	-554.0784	140.1938	1.848979	0.7633383
22464	-402.1318	-542.285	140.1532	1.876018	0.7826128
22470	-410.0168	-550.1148	140.098	2.047736	0.4825581
22476	-402.9328	-542.9437	140.0109	2.134489	0.4778751
22482	-403.8057	-543.8362	140.0305	2.10955	0.4457996
22488	-414.501	-554.6846	140.1837	1.957269	0.4495854
22494	-415.3668	-555.3415	139.9748	2.169769	0.4701724
22500	-419.8018	-559.7633	139.9615	2.116325	0.7087102
22506	-422.4839	-562.2666	139.7827	2.363656	0.5037679
22512	-410.6127	-550.7046	140.0919	1.610338	1.129587
22518	-406.3489	-546.4685	140.1196	1.649785	1.067949
22524	-408.5763	-548.2027	139.6264	1.588475	1.522503
22530	-420.3863	-559.7705	139.3841	2.679257	0.3229334
22536	-411.2318	-550.5861	139.3543	2.632277	0.2678688
22542	-410.7635	-550.5167	139.7531	2.307949	0.3208848
22548	-409.1216	-548.9684	139.8468	2.276662	0.4003973
22554	-411.617	-551.4462	139.8292	2.276662	0.3707812
22560	-426.5826	-566.3757	139.7931	2.276662	0.3289358
22566	-413.8023	-553.598	139.7957	2.276662	0.3314516
22572	-417.5012	-556.972	139.4708	1.190078	1.913896
22578	-417.8968	-556.7688	138.872	1.308295	2.230789
22584	-408.4049	-547.0002	138.5953	0.940739	2.636475
22590	-415.4246	-555.5021	140.0775	2.026987	0.6590453
22596	-410.302	-550.4219	140.1198	1.992522	0.6420195
22602	-412.5911	-550.6159	138.0248	0.9090482	3.0026
22608	-416.9802	-557.008	140.0278	1.186122	1.523206
22614	-419.9288	-559.8499	139.9211	2.214272	0.4294225
22620	-418.6476	-558.6422	139.9946	1.355814	1.419851
22626	-414.9055	-554.9343	140.0288	1.25113	1.473702
22632	-406.0644	-546.0705	140.0061	1.405706	1.371966
22638	-406.5415	-546.1526	139.6111	1.289963	1.74868
22644	-420.7362	-560.9588	140.2226	1.78319	0.813944
22650	-403.4806	-543.2274	139.7468	1.430291	1.550535
22656	-393.2563	-533.5705	140.3143	1.593566	0.9290438
22662	-399.2434	-539.6595	140.416	1.609845	0.7871847
22668	-400.696	-541.0041	140.308	1.741902	0.7528638
22674	-411.0226	-551.0726	140.05	1.487014	1.271296
22680	-405.168	-544.1583	138.9902	1.361829	2.119268
22686	-405.4598	-545.1486	139.6888	1.423269	1.598178
22692	-403.1556	-543.1654	140.0098	1.35942	1.405295
22698	-409.4104	-549.4112	140.0008	1.50862	1.293895
22704	-419.8182	-559.9659	140.1477	1.305817	1.338967
22710	-416.9299	-557.1355	140.2056	1.633225	1.000676
22716	-420.1128	-560.3555	140.2427	1.571574	1.02496
22722	-411.7217	-551.5176	139.796	2.349835	0.483212
22728	-410.2245	-550.0117	139.7872	2.29701	0.3437882
22734	-417.6086	-555.5861	137.9776	1.009845	2.970425
22740	-423.6096	-563.2065	139.5969	2.487322	0.3437882
22746	-405.7384	-545.3666	139.6282	2.42591	0.314813
22752	-391.0239	-531.1381	140.1141	1.444614	1.253287
22758	-406.5118	-546.7023	140.1906	1.15562	1.423103
22764	-403.5784	-543.6502	140.0718	1.498217	1.243878
22770	-399.8031	-539.9376	140.1345	1.652799	1.05096
22776	-400.1212	-539.8547	139.7335	1.666448	1.381295
22782	-405.6592	-545.7137	140.0545	1.837332	0.9462019
22788	-411.4233	-551.4753	140.052	1.515426	1.246053
22794	-411.8784	-551.703	139.8247	1.91761	1.09318
22800	-415.9366	-555.7602	139.8237	1.526358	1.42014
22806	-410.1173	-549.0784	138.9611	1.060056	2.332707
22812	-411.4374	-551.3655	139.9282	1.128151	1.638485
22818	-415.9197	-555.4456	139.5258	1.2623	1.827055
22824	-412.8578	-552.0732	139.2154	1.149443	2.110889
22830	-416.755	-556.6159	139.8609	1.678431	1.269329
22836	-408.6039	-548.359	139.7551	1.380196	1.581236
22842	-404.7904	-544.7498	139.9593	1.399692	1.413192
22848	-396.0969	-536.317	140.2201	1.610192	1.009249
22854	-403.8427	-544.0393	140.1966	1.483073	1.149633
22860	-415.8579	-555.861	140.0032	1.526776	1.27708
22866	-408.3056	-547.8423	139.5367	1.230741	1.841288
22872	-405.6204	-545.0302	139.4098	1.177299	1.963621
22878	-409.7085	-548.8269	139.1184	1.107787	2.201186
22884	-414.783	-554.9097	140.1267	1.994809	0.6200737
22890	-420.9177	-560.2504	139.3328	1.266517	1.955442
22896	-426.8716	-566.285	139.4134	1.254288	1.909296
22902	-415.6737	-555.9167	140.243	1.694571	0.8962145
22908	-410.9375	-551.1718	140.2343	1.728644	0.8668624
22914	-410.7895	-551.0596	140.2701	1.79201	0.7343629
22920	-408.9242	-548.9949	140.0707	1.99035	0.7358826
22926	-407.8053	-548.0285	140.2232	1.870879	0.6797089
22932	-406.7376	-546.8103	140.0727	2.066551	0.442506
22938	-402.7791	-542.813	140.0339	2.110124	0.5350939
22944	-407.3908	-547.4262	140.0354	2.110124	0.5205574
22950	-409.558	-549.7798	140.2218	1.915508	0.570412
22956	-412.1611	-552.3836	140.2225	1.91479	0.570412
22962	-417.2174	-556.2037	138.9863	1.451759	2.06278
22968	-413.7976	-553.5682	139.7706	1.283569	1.640037
22974	-406.1117	-546.5303	140.4186	1.498133	0.919345
22980	-399.7361	-539.9608	140.2247	1.752329	0.8500418
22986	-403.8846	-543.934	140.0494	1.803739	0.9862673
22992	-412.3686	-552.5168	140.1481	1.691702	0.9997196
22998	-409.2272	-549.3178	140.0906	1.745194	1.003725
23004	-418.7067	-558.7189	140.0122	1.693824	1.126187
23010	-415.3048	-555.689	140.3842	1.528167	0.924156
23016	-414.9589	-554.931	139.972	1.884947	0.982433
23022	-406.7913	-546.7365	139.9452	1.638042	1.232816
23028	-403.8197	-543.7665	139.9469	1.762893	1.122782
23034	-410.1457	-549.9156	139.7699	1.960208	1.104309
23040	-407.2533	-547.3541	140.1008	1.719004	1.019584
23046	-401.4165	-541.6223	140.2058	1.807332	0.80427
23052	-409.4558	-549.5497	140.0938	1.610852	1.127383
23058	-411.4507	-551.4151	139.9644	1.437822	1.379555
23064	-409.0715	-549.2744	140.203	1.736532	0.8939665
23070	-414.3927	-553.8647	139.472	1.429182	1.748594
23076	-412.7545	-552.1529	139.3985	1.411753	1.81182
23082	-410.6499	-550.4335	139.7836	1.352947	1.580334
23088	-404.0192	-543.8257	139.8065	1.330026	1.580334
23094	-404.2865	-543.8715	139.585	1.420831	1.674663
23100	-410.1363	-549.72	139.5837	1.372064	1.710226
23106	-403.781	-543.4017	139.6208	1.208893	1.798389
23112	-407.0913	-546.7717	139.6804	1.22946	1.742498
23118	-403.3325	-542.5823	139.2498	1.223169	2.039691
23124	-402.6879	-542.1033	139.4153	1.381702	1.82092
23130	-404.1252	-543.437	139.3119	1.412497	1.870757
23136	-403.4092	-543.0412	139.632	1.298076	1.728335
23142	-406.7894	-545.5765	138.7871	1.032588	2.459991
23148	-409.2685	-548.6554	139.3868	1.057769	2.058441
23154	-416.1064	-555.0112	138.9047	1.126438	2.326323
23160	-416.3877	-556.1469	139.7592	1.357248	1.595005
23166	-412.6147	-552.6296	140.0149	1.738732	1.082652
23172	-411.3003	-551.4601	140.1598	1.61963	1.058484
23178	-417.1271	-557.3745	140.2473	1.532062	1.058484
23184	-412.7217	-552.6782	139.9565	1.492991	1.342177
23190	-411.6186	-551.8122	140.1936	1.706234	0.9376515
23196	-404.5118	-544.6293	140.1175	1.719834	1.002218
23202	-402.9109	-543.0967	140.1858	1.549162	1.099905
23208	-400.1439	-540.3835	140.2396	1.66952	0.9276343
23214	-402.6961	-542.8342	140.1381	1.850948	0.835196
23220	-406.5219	-546.816	140.2941	1.65089	0.8877842
23226	-402.443	-542.3333	139.8903	1.436189	1.438238
23232	-403.3684	-543.1482	139.7797	1.576876	1.415048
23238	-406.8121	-547.0178	140.2058	1.391488	1.220953
23244	-418.1788	-558.2623	140.0834	1.513822	1.220953
23250	-410.0866	-550.3715	140.2848	1.455378	1.095064
23256	-412.6688	-552.7974	140.1286	1.611583	1.095064
23262	-423.0284	-562.3432	139.3147	2.590972	0.2282388
23268	-425.0229	-564.5366	139.5138	2.470376	0.2665042
23274	-418.6417	-557.7988	139.157	2.703876	0.2107256
23280	-421.3372	-560.7772	139.44	2.45541	0.2239919
23286	-407.1979	-547.0312	139.8332	2.22992	0.3227405
23292	-413.6145	-553.6101	139.9956	2.148073	0.5377717
23298	-411.9623	-552.0896	140.1273	1.554104	1.148137
23304	-418.0589	-558.2287	140.1698	1.69288	0.9766263
23310	-422.8598	-562.9375	140.0777	1.582904	1.166461
23316	-428.0751	-567.9595	139.8844	1.510803	1.385063
23322	-408.8325	-548.5936	139.7611	1.287958	1.643726
23328	-417.4347	-557.1606	139.726	1.795729	1.283866
23334	-416.9849	-557.2514	140.2665	1.361391	1.194814
23340	-411.4833	-551.487	140.0037	1.51641	1.285134
23346	-409.8231	-549.9342	140.111	1.750372	0.9778894
23352	-423.7877	-563.768	139.9803	2.063329	0.7621311
23358	-415.3809	-555.3162	139.9353	2.211055	0.4964429
23364	-410.2356	-550.265	140.0293	1.803163	1.007009
23370	-408.1687	-548.1818	140.0131	1.945539	0.8719302
23376	-405.9032	-545.9092	140.006	1.699439	1.126736
23382	-412.0911	-551.3077	139.2167	1.488042	1.884142
23388	-408.765	-548.9613	140.1962	1.576247	1.065055
23394	-421.4984	-561.6337	140.1354	1.949676	0.6961455
23400	-416.4628	-556.6386	140.1758	1.960112	0.5758869
23406	-409.6049	-549.9231	140.3182	1.743227	0.7352898
23412	-417.0064	-557.1639	140.1575	1.734716	0.9458066
23418	-405.8831	-546.1105	140.2274	1.696534	0.9114837
23424	-407.123	-546.8251	139.7021	1.550333	1.494444
23430	-415.8039	-555.2232	139.4193	1.382976	1.817292
23436	-412.5331	-552.1939	139.6608	1.232107	1.754403
23442	-406.395	-546.0731	139.6781	1.636774	1.447089
23448	-407.7365	-547.9125	140.176	1.699987	0.9628924
23454	-412.1799	-552.1851	140.0052	1.706258	1.121247
23460	-415.7444	-555.3155	139.5712	2.484083	0.3157555
23466	-425.9867	-566.0911	140.1044	2.013814	0.6283897
23472	-416.613	-556.552	139.939	2.014224	0.8782585
23478	-412.8786	-552.7527	139.8741	2.253419	0.6034336
23484	-411.8161	-551.9039	140.0878	1.966661	0.7460794
23490	-408.2619	-548.2625	140.0006	1.921348	0.9136273
23496	-414.1927	-554.0862	139.8936	2.230248	0.6139173
23502	-416.7081	-556.4623	139.7542	2.34416	0.3606079
23508	-409.8775	-550.0787	140.2013	1.688119	0.948792
23514	-409.6842	-549.4073	139.7231	1.496145	1.519261
23520	-409.5125	-549.1391	139.6266	1.547307	1.552835
23526	-404.9414	-544.9984	140.057	1.625983	1.146728
23532	-410.7876	-550.7654	139.9778	1.705222	1.146728
23538	-415.0777	-555.0146	139.937	1.555509	1.307641
23544	-411.4914	-551.6155	140.124	1.639523	1.073416
23550	-419.5669	-559.5441	139.9772	1.905134	0.9562267
23556	-412.8899	-553.0432	140.1533	1.623629	1.060836
23562	-407.9217	-547.6732	139.7516	1.384705	1.580514
23568	-403.3153	-543.1065	139.7912	1.345034	1.580514
23574	-405.3793	-545.5715	140.1923	1.59689	1.049206
23580	-399.3707	-539.3897	140.019	1.805297	1.015174
23586	-400.3563	-540.624	140.2677	1.522661	1.048064
23592	-411.0899	-551.2539	140.164	1.501265	1.162404
23598	-407.3721	-547.4601	140.088	1.764687	0.9867508
23604	-397.552	-537.7006	140.1486	1.672905	1.017911
23610	-410.0033	-549.9262	139.9229	1.233785	1.565557
23616	-419.9472	-558.9203	138.9731	1.084353	2.309548
23622	-416.6766	-556.4914	139.8149	2.225529	0.3036928
23628	-412.4156	-551.9603	139.5446	2.404145	0.2477876
23634	-417.7325	-557.1034	139.3709	1.210692	1.967305
23640	-415.2748	-553.5875	138.3127	1.292273	2.593843
23646	-411.7778	-551.5807	139.8028	1.616698	1.365919
23652	-424.2712	-564.4397	140.1685	1.818823	0.8373395
23658	-408.2665	-548.1616	139.8951	1.789736	1.145072
23664	-409.3134	-549.4189	140.1055	1.534948	1.184024
23670	-415.2825	-555.4935	140.211	1.669567	0.9580818
23676	-416.7097	-556.9702	140.2605	1.826074	0.6935014
23682	-414.3951	-554.1708	139.7757	1.679283	1.337793
23688	-415.3348	-555.5015	140.1667	1.933738	0.6673451
23694	-419.4377	-559.5273	140.0897	1.952519	0.7642231
23700	-417.3212	-557.5999	140.2787	1.62589	0.9325719
23706	-410.7966	-551.0261	140.2295	1.778283	0.8114167
23712	-409.8082	-550.0936	140.2853	1.72786	0.8042442
23718	-415.2636	-555.3916	140.128	1.856212	0.8412
23724	-404.1184	-544.3249	140.2064	1.856212	0.733456
23730	-410.4621	-550.7886	140.3265	1.714353	0.766209
23736	-406.9044	-547.0481	140.1437	1.985867	0.5973506
23742	-422.969	-562.9382	139.9692	2.175554	0.5295588
23748	-427.1761	-567.1314	139.9553	2.175554	0.4170794
23754	-417.1732	-557.2324	140.0592	2.087073	0.5089934
23760	-420.4344	-560.3887	139.9543	2.191411	0.4816368
23766	-416.3033	-556.3095	140.0062	2.139538	0.4816368
23772	-423.943	-564.027	140.084	2.04884	0.5870451
23778	-428.1413	-568.2972	140.1558	1.920189	0.7117699
23784	-426.4154	-566.4596	140.0443	2.02411	0.7243183
23790	-415.1829	-555.3124	140.1295	1.953899	0.6990899
23796	-414.4461	-554.498	140.0519	2.084347	0.5748296
23802	-417.6393	-557.6911	140.0519	2.084347	0.5748296
23808	-430.8599	-570.818	139.9581	2.133032	0.6850446
23814	-426.8441	-566.9713	140.1272	1.901165	0.7838069
23820	-415.1502	-555.3317	140.1815	1.922441	0.6601133
23826	-420.458	-560.6445	140.1865	1.917497	0.6601133
23832	-418.1402	-558.1466	140.0064	2.111618	0.6287944
23838	-411.4676	-551.3287	139.8611	1.694884	1.255602
23844	-402.4148	-542.4148	140	1.774197	1.063459
23850	-399.3355	-539.6059	140.2705	1.49371	1.072843
23856	-401.7599	-542.113	140.3531	1.590326	0.8895144
23862	-400.5216	-540.6671	140.1455	1.784554	0.9046391
23868	-400.6486	-540.7659	140.1173	1.98267	0.6682387
23874	-408.0027	-548.3146	140.3119	1.772128	0.6979528
23880	-411.0937	-551.074	139.9802	2.145679	0.6081426
23886	-420.5376	-560.7226	140.1851	1.867587	0.7487818
23892	-413.895	-554.0893	140.1944	1.867587	0.7345534
23898	-424.7938	-565.1519	140.3581	1.709926	0.7249124
23904	-405.5958	-545.5682	139.9724	2.17181	0.4677325
23910	-405.8882	-545.637	139.7488	2.364292	0.3817392
23916	-400.0447	-540.0901	140.0454	2.100691	0.5124948
23922	-404.8235	-544.8248	140.0013	2.143477	0.4724779
23928	-401.1745	-541.1754	140.0009	2.143477	0.4687372
23934	-405.2226	-545.4249	140.2023	1.943842	0.5112518
23940	-399.8189	-540.0653	140.2464	1.741005	0.8372518
23946	-393.7888	-534.0453	140.2564	1.834026	0.686346
23952	-400.1437	-540.3667	140.223	1.834026	0.7420987
23958	-405.0528	-545.1003	140.0475	1.860422	0.9289215
23964	-410.5604	-550.8832	140.3228	1.59133	0.9222241
23970	-409.4723	-549.394	139.9217	1.37886	1.458025
23976	-406.9968	-547.1764	140.1796	1.354282	1.273839
23982	-413.9768	-553.4235	139.4467	1.657884	1.603588
23988	-407.4856	-547.5044	140.0188	1.747581	1.070733
23994	-407.4249	-547.428	140.003	2.059458	0.7336909
24000	-412.6281	-552.4192	139.791	2.344518	0.5772255
24006	-422.1415	-562.3489	140.2074	1.862488	0.72181
24012	-412.3808	-552.2861	139.9053	1.770482	1.153113
24018	-415.7715	-556.0163	140.2449	1.775852	0.7941953
24024	-406.2307	-546.4706	140.2399	1.653677	0.9443536
24030	-414.5132	-554.5472	140.034	2.112298	0.4931205
24036	-417.8312	-557.8181	139.9868	2.156299	0.5414701
24042	-419.6935	-559.5625	139.869	2.256677	0.4051018
24048	-412.2442	-551.9914	139.7473	2.329709	0.3360898
24054	-406.137	-546.2151	140.0781	2.066377	0.469324
24060	-411.6623	-551.5595	139.8972	2.249088	0.5058103
24066	-410.6085	-550.5103	139.9019	2.238954	0.554675
24072	-412.0848	-552.3655	140.2807	1.859502	0.5577909
24078	-408.2675	-548.382	140.1146	2.030326	0.5279236
24084	-418.1297	-558.1669	140.0372	2.1053	0.5452865
24090	-420.2747	-560.5409	140.2662	1.820483	0.6932818
24096	-409.6015	-549.755	140.1536	1.886556	0.7672255
24102	-408.7569	-548.8271	140.0702	1.753958	1.015285
24108	-407.5505	-547.7048	140.1543	1.730748	0.9533306
24114	-409.8068	-550.1465	140.3397	1.761003	0.6668146
24120	-420.0257	-559.8178	139.7921	1.699761	1.308123
24126	-422.331	-562.3423	140.0113	1.548665	1.252273
24132	-415.2736	-555.3148	140.0412	2.058826	0.668066
24138	-415.9213	-555.8488	139.9275	2.200571	0.6019648
24144	-414.5101	-554.4322	139.922	2.213462	0.4298171
24150	-418.8033	-558.9215	140.1182	1.772669	0.9472348
24156	-421.4108	-561.641	140.2302	1.875699	0.6561754
24162	-426.065	-566.1791	140.1141	1.875699	0.8342668
24168	-433.7566	-573.8213	140.0647	1.987306	0.7497502
24174	-413.1068	-553.1613	140.0546	1.962886	0.7986085
24180	-415.5565	-555.6444	140.0879	1.920804	0.8101811
24186	-411.3018	-551.2995	139.9977	1.986108	0.8417422
24192	-414.7599	-554.5421	139.7823	1.652785	1.353641
24198	-415.7908	-555.8477	140.0569	2.047892	0.6584261
24204	-410.2241	-550.3122	140.0881	2.007199	0.677328
24210	-413.2978	-553.1892	139.8915	2.25268	0.4672538
24216	-414.3093	-554.1436	139.8343	2.266819	0.3643033
24222	-409.9654	-549.7124	139.747	2.357317	0.3686598
24228	-408.7562	-548.7113	139.9552	2.158208	0.3822563
24234	-413.2015	-553.2435	140.0419	2.098736	0.5554607
24240	-419.0937	-559.4489	140.3551	1.626244	0.8447126
24246	-414.3684	-554.4071	140.0387	1.934317	0.8549007
24252	-412.9236	-553.1469	140.2233	1.828543	0.7500387
24258	-419.2515	-559.0992	139.8477	1.833647	1.148232
24264	-417.3582	-557.6235	140.2653	1.785165	0.7520269
24270	-415.7579	-555.6034	139.8455	2.248007	0.3545025
24276	-416.7689	-556.4244	139.6555	2.410586	0.3254332
24282	-420.2774	-559.4924	139.215	1.521728	1.862321
24288	-413.5194	-553.3408	139.8214	1.773669	1.22278
24294	-409.5606	-548.5866	139.0261	2.854799	0.2182239
24300	-420.8772	-560.8979	140.0207	1.403305	1.362408
24306	-422.6035	-562.6695	140.066	1.428486	1.305997
24312	-416.7733	-556.7132	139.9399	1.48244	1.363701
24318	-408.1212	-547.9572	139.836	1.586374	1.363701
24324	-409.4063	-549.401	139.9947	1.408095	1.379093
24330	-412.9226	-552.6649	139.7423	2.330183	0.331577
24336	-413.9011	-553.3848	139.4837	2.592154	0.3349325
24342	-412.7625	-552.3122	139.5497	2.526155	0.3349325
24348	-403.7658	-543.4656	139.6997	2.404557	0.3686118
24354	-419.1096	-559.2934	140.1838	1.884009	0.725188
24360	-415.0748	-555.2207	140.1459	1.572595	1.114894
24366	-412.5286	-552.7362	140.2076	1.821139	0.783261
24372	-417.1991	-557.3612	140.1621	1.716673	0.9599453
24378	-417.3984	-557.5386	140.1401	1.821281	0.868656
24384	-404.3956	-544.187	139.7915	2.255785	0.3090923
24390	-408.2149	-547.9197	139.7048	2.389123	0.3550763
24396	-400.7472	-540.3932	139.646	2.423873	0.3290149
24402	-407.1807	-546.9242	139.7435	2.301084	0.306922
24408	-411.0323	-550.8033	139.771	2.310128	0.3403932
24414	-406.4414	-546.249	139.8076	2.310128	0.3897112
24420	-401.9858	-541.9835	139.9977	2.148097	0.5176606
24426	-410.8284	-550.8317	140.0033	2.129567	0.4221382
24432	-409.6212	-549.8132	140.192	1.929595	0.6198478
24438	-407.7839	-547.9361	140.1523	1.553549	1.126353
24444	-408.4669	-548.4696	140.0027	1.698254	1.130739
24450	-403.0559	-543.2099	140.154	1.862547	0.7998326
24456	-401.995	-541.9541	139.9591	1.661124	1.201398
24462	-403.5682	-542.6797	139.1115	1.248058	2.114382
24468	-409.4897	-548.1125	138.6229	1.051441	2.550835
24474	-416.7116	-553.8855	137.1739	1.070397	3.411161
24480	-411.5945	-550.6374	139.0429	0.9144142	2.373246
24486	-409.2124	-548.7809	139.5685	1.183979	1.851545
24492	-404.8114	-544.4037	139.5923	1.393939	1.688582
24498	-402.1254	-542.0541	139.9287	1.336109	1.485126
24504	-409.103	-548.9352	139.8322	1.385653	1.520265
24510	-416.836	-555.7749	138.9389	1.321911	2.178707
24516	-415.9855	-555.834	139.8486	1.391574	1.503656
24522	-414.7747	-554.7838	140.0092	1.999607	0.8100802
24528	-420.8854	-560.7701	139.8846	1.718556	1.215919
24534	-414.417	-554.3947	139.9777	1.402044	1.397097
24540	-405.5181	-545.7656	140.2474	1.578754	1.013281
24546	-402.1093	-542.1719	140.0627	1.748918	1.027571
24552	-402.1688	-542.2858	140.117	1.984168	0.6658207
24558	-411.9399	-551.9262	139.9863	1.772301	1.078025
24564	-416.3703	-556.6261	140.2557	1.566422	1.017236
24570	-411.0586	-551.2624	140.2038	1.796426	0.8210922
24576	-408.8765	-549.2553	140.3788	1.551789	0.9040834
24582	-402.0356	-542.2853	140.2497	1.742086	0.8317979
24588	-402.9528	-543.0828	140.13	2.014064	0.5352427
24594	-399.5085	-539.6063	140.0978	1.940481	0.7698696
24600	-404.3098	-544.4135	140.1037	2.020952	0.6115763
24606	-409.0433	-549.1991	140.1558	1.985481	0.5522393
24612	-405.9872	-546.0711	140.0838	2.004678	0.6899145
24618	-412.9851	-552.8648	139.8797	1.987883	0.9715444
24624	-398.2087	-538.4553	140.2466	1.824393	0.7201297
24630	-402.2789	-542.3917	140.1128	1.86878	0.8444844
24636	-396.9427	-537.1573	140.2146	1.766969	0.8444844
24642	-397.2287	-537.284	140.0553	2.001311	0.7427296
24648	-408.6278	-548.8654	140.2375	1.836133	0.7156804
24654	-410.0343	-549.7187	139.6844	2.396421	0.3400567
24660	-410.2734	-550.1505	139.8772	2.221082	0.3604474
24666	-420.7299	-560.6897	139.9598	2.181997	0.4537289
24672	-400.5977	-540.8158	140.2181	1.702306	0.9153035
24678	-410.3433	-550.6274	140.2841	1.636353	0.9153035
24684	-404.6694	-544.8967	140.2273	1.693124	0.9153035
24690	-401.5568	-541.8525	140.2957	1.817283	0.6406384
24696	-401.4977	-541.4468	139.9492	2.147821	0.6740462
24702	-404.1756	-544.3128	140.1371	1.795696	0.9015114
24708	-404.3781	-544.3031	139.925	1.585591	1.292964
24714	-402.5243	-542.6727	140.1484	1.555264	1.128288
24720	-401.7601	-541.9259	140.1658	1.939601	0.6571292
24726	-408.1712	-548.3142	140.143	1.677713	1.018704
24732	-400.3387	-540.5869	140.2483	1.623222	0.9675188
24738	-407.5982	-547.9254	140.3272	1.691131	0.7973517
24744	-405.5638	-545.6168	140.053	2.089484	0.5455024
24750	-410.2948	-550.4236	140.1288	1.984374	0.6402106
24756	-406.0513	-546.1987	140.1474	1.940749	0.6906739
24762	-403.7202	-543.5877	139.8675	2.183827	0.7508053
24768	-402.5417	-542.7365	140.1948	1.856422	0.750922
24774	-402.3557	-542.428	140.0723	1.822477	0.9430313
24780	-412.3727	-552.6617	140.2889	1.71584	0.8152553
24786	-397.8609	-538.1951	140.3342	1.614343	0.8836097
24792	-390.2275	-530.0401	139.8126	1.451167	1.485878
24798	-401.0497	-540.8397	139.79	1.37936	1.556186
24804	-414.035	-553.9063	139.8713	1.298103	1.556186
24810	-402.2651	-542.1707	139.9056	1.374401	1.473624
24816	-413.4012	-552.6091	139.2079	1.547187	1.84977
24822	-403.5093	-543.4367	139.9274	1.398637	1.438595
24828	-410.1841	-550.284	140.0999	1.395862	1.304979
24834	-415.0632	-555.2698	140.2067	1.406227	1.207677
24840	-426.7627	-566.83	140.0673	2.078357	0.4816361
24846	-414.1085	-553.9887	139.8803	2.255801	0.4315415
24852	-409.2722	-549.178	139.9059	2.235212	0.4501429
24858	-418.7369	-558.4056	139.6687	2.458804	0.4090272
24864	-422.7856	-563.1523	140.3667	1.751517	0.6282941
24870	-413.789	-553.9103	140.1212	2.02373	0.527252
24876	-418.385	-558.7867	140.4017	1.537529	0.8943187
24882	-422.049	-561.5859	139.5369	2.478113	0.2854876
24888	-422.1288	-562.0342	139.9054	2.234259	0.560331
24894	-409.4877	-549.5707	140.083	1.861444	0.8883626
24900	-408.1531	-548.4468	140.2937	1.726641	0.7947206
24906	-409.0202	-548.8755	139.8553	1.411599	1.483567
24912	-419.2614	-559.4139	140.1525	1.586071	1.096581
24918	-409.1218	-549.3519	140.2301	1.826524	0.7427546
24924	-412.8503	-553.2512	140.4009	1.615403	0.8001753
24930	-412.9542	-553.0869	140.1327	1.829599	0.8676226
24936	-418.769	-558.6311	139.8621	1.975345	1.002128
24942	-418.1748	-557.5717	139.3969	2.523261	0.2344497
24948	-417.0424	-556.5618	139.5194	2.468406	0.268618
24954	-402.4151	-542.3763	139.9612	2.103826	0.7296337
24960	-403.6821	-544.0216	140.3395	1.617063	0.8743458
24966	-414.6906	-554.8335	140.1429	1.72183	0.974445
24972	-413.1087	-553.1191	140.0103	1.854414	0.974445
24978	-407.7496	-547.8625	140.113	1.972973	0.6945796
24984	-406.2598	-546.134	139.8742	2.211711	0.6945796
24990	-402.4888	-542.6758	140.1871	1.866229	0.7478236
24996	-406.8465	-547.1114	140.2649	1.607111	0.966961
25002	-403.6339	-543.7566	140.1227	1.938736	0.7353914
25008	-399.8105	-540.2174	140.4069	1.688462	0.6772318
25014	-406.3251	-546.5818	140.2568	1.79313	0.752913
25020	-407.0216	-547.2167	140.1951	1.802241	0.8247834
25026	-406.1114	-546.2095	140.0981	1.80328	0.9360663
25032	-409.1495	-549.0402	139.8907	1.383662	1.477919
25038	-408.1713	-548.1762	140.005	1.454437	1.334255
25044	-405.1264	-544.7289	139.6025	1.402237	1.675428
25050	-408.4706	-547.7943	139.3237	1.260826	1.965338
25056	-410.9339	-550.4324	139.4984	1.151689	1.921171
25062	-415.0132	-555.2886	140.2754	1.387139	1.164754
25068	-412.0048	-551.7692	139.7644	1.801326	1.247422
25074	-418.0891	-558.4065	140.3174	1.715795	0.7770103
25080	-408.7877	-548.9853	140.1976	1.675713	0.9656363
25086	-403.922	-544.0405	140.1186	1.983321	0.6643329
25092	-420.9992	-559.8391	138.8399	1.409602	2.186074
25098	-412.5578	-551.8977	139.3399	1.332856	1.905881
25104	-411.1465	-551.1942	140.0477	1.973942	0.7929602
25110	-410.1023	-550.4963	140.394	1.627618	0.7929602
25116	-402.9136	-543.2123	140.2988	1.682044	0.8453828
25122	-406.3865	-546.4374	140.0509	2.078016	0.5994961
25128	-412.0619	-552.052	139.9901	2.14403	0.4256949
25134	-409.1474	-549.1096	139.9622	2.134317	0.6750216
25140	-412.2699	-552.3174	140.0475	2.086153	0.5841653
25146	-406.9047	-547.1498	140.2452	1.728276	0.8543353
25152	-406.4058	-546.6913	140.2855	1.655393	0.8924305
25158	-409.5391	-549.613	140.0739	1.947123	0.7937903
25164	-416.6628	-556.7839	140.1211	2.019998	0.553308
25170	-413.637	-553.7585	140.1215	1.964081	0.6951844
25176	-412.86	-552.6667	139.8068	2.32907	0.4307789
25182	-409.4605	-549.4553	139.9948	2.142656	0.5698253
25188	-408.6781	-548.6816	140.0035	2.142656	0.4903254
25194	-412.3656	-552.1823	139.8167	1.449863	1.483777
25200	-413.2028	-553.2499	140.0472	2.006856	0.7466983
25206	-410.7481	-550.8681	140.12	2.008858	0.5996314
25212	-405.7592	-545.9394	140.1802	1.649268	1.01006
25218	-406.0188	-546.3369	140.3181	1.72987	0.7558607
25224	-411.6244	-551.4642	139.8398	1.794618	1.189229
25230	-409.7055	-550.0105	140.305	1.820035	0.6104978
25236	-421.4246	-561.4585	140.034	2.098294	0.4206296
25242	-415.6001	-555.5136	139.9135	1.302355	1.521749
25248	-408.4643	-548.0737	139.6094	1.750639	1.412421
25254	-424.1343	-562.9137	138.7794	2.851835	0.1476295
25260	-406.1709	-545.9202	139.7493	1.304467	1.640307
25266	-408.3579	-546.7609	138.403	1.395542	2.47324
25272	-404.2469	-543.9813	139.7344	1.150542	1.75994
25278	-408.2933	-548.1295	139.8363	1.366877	1.531239
25284	-410.5104	-550.3056	139.7952	1.715294	1.293029
25290	-410.2121	-550.215	140.0029	1.763319	1.070919
25296	-412.8631	-552.9057	140.0426	1.990197	0.777575
25302	-412.2362	-552.4032	140.1671	1.879723	0.7575412
25308	-412.9399	-553.0457	140.1058	2.029624	0.5777769
25314	-409.5335	-549.5516	140.0181	2.102167	0.6231447
25320	-402.0032	-542.1693	140.1661	1.942782	0.6497796
25326	-407.0564	-547.0707	140.0142	1.814537	1.010697
25332	-412.3722	-552.5658	140.1937	1.635113	1.010697
25338	-410.5989	-550.2754	139.6765	1.804166	1.317182
25344	-409.2953	-549.1833	139.888	2.235573	0.4007359
25350	-413.4138	-553.1387	139.7249	2.393839	0.3914954
25356	-412.0639	-551.7889	139.7249	2.393839	0.3914954
25362	-409.9032	-549.792	139.8888	2.257302	0.4886045
25368	-404.2814	-544.3196	140.0381	2.06177	0.6683709
25374	-417.472	-557.6004	140.1284	1.955185	0.6986988
25380	-400.7061	-540.7501	140.044	1.956945	0.8202138
25386	-409.3885	-549.586	140.1975	1.780018	0.8493777
25392	-421.7315	-561.4655	139.734	2.377692	0.3795327
25398	-422.6082	-562.5324	139.9242	2.192708	0.3882632
25404	-404.5219	-544.6087	140.0868	1.936268	0.7910113
25410	-409.6237	-549.7153	140.0916	1.958353	0.752863
25416	-404.0927	-544.3752	140.2825	1.760052	0.7637589
25422	-405.6886	-545.8697	140.181	1.861474	0.7637589
25428	-410.0516	-550.0291	139.9775	1.771139	1.087276
25434	-414.172	-554.2254	140.0534	1.503919	1.254439
25440	-408.8548	-548.6966	139.8418	1.745978	1.228965
25446	-416.0854	-555.5605	139.4751	1.423726	1.750216
25452	-419.9708	-559.7336	139.7628	1.509114	1.479754
25458	-417.3072	-556.7025	139.3953	1.336923	1.865421
25464	-414.0106	-553.4049	139.3943	1.494562	1.75722
25470	-410.1582	-549.3051	139.1469	1.30126	2.056106
25476	-419.9083	-558.456	138.5477	1.115433	2.557795
25482	-416.5284	-555.75	139.2217	1.123298	2.123908
25488	-419.9857	-559.5329	139.5472	1.277952	1.801524
25494	-408.1116	-548.0979	139.9863	1.479767	1.328922
25500	-405.8978	-544.7535	138.8558	1.312264	2.238698
25506	-412.53	-552.3075	139.7775	1.410447	1.542532
25512	-430.055	-569.6604	139.6054	2.403049	0.281176
25518	-432.8817	-572.7513	139.8696	2.24861	0.3904909
25524	-413.1198	-552.735	139.6152	1.375483	1.685465
25530	-404.2306	-544.1822	139.9516	1.416877	1.405874
25536	-399.2973	-539.2426	139.9453	1.560729	1.296658
25542	-402.852	-543.1263	140.2742	1.560729	1.004583
25548	-405.7588	-546.0446	140.2857	1.75725	0.7631145
25554	-405.5259	-545.7967	140.2708	1.665448	0.8976688
25560	-409.9962	-549.9735	139.9774	1.599195	1.238395
25566	-401.5064	-541.5894	140.0831	1.542965	1.196433
25572	-407.9278	-548.1069	140.1791	1.512371	1.139189
25578	-406.9568	-546.9766	140.0198	1.523289	1.266249
25584	-403.3229	-543.1904	139.8675	1.536138	1.378445
25590	-402.5824	-542.4902	139.9078	1.367188	1.477427
25596	-412.0445	-551.9649	139.9204	1.608428	1.278044
25602	-397.3539	-537.3548	140.0009	1.264314	1.484815
25608	-406.5616	-546.3231	139.7615	1.280445	1.648848
25614	-407.1163	-547.1848	140.0685	1.326871	1.384893
25620	-405.9996	-546.1977	140.1981	1.320767	1.286149
25626	-409.1495	-549.129	139.9795	1.310954	1.465705
25632	-401.8198	-541.813	139.9933	1.59793	1.226076
25638	-403.1993	-543.4379	140.2386	1.573393	1.027188
25644	-404.0148	-544.2239	140.2091	1.5809	1.048396
25650	-407.5496	-547.6253	140.0757	1.710769	1.051753
25656	-409.3111	-549.7051	140.394	1.392465	1.051753
25662	-414.4261	-554.2644	139.8383	0.9932625	1.79706
25668	-411.6702	-551.1814	139.5112	1.192306	1.884963
25674	-408.1158	-547.0967	138.981	1.0581	2.321305
25680	-405.2977	-544.6353	139.3377	1.072763	2.08097
25686	-416.7609	-556.4909	139.73	1.116682	1.786598
25692	-416.7455	-556.8923	140.1468	1.296434	1.347142
25698	-412.6118	-552.566	139.9542	1.348682	1.456278
25704	-403.9322	-543.7821	139.8499	1.452953	1.456278
25710	-408.867	-548.8491	139.9821	1.301166	1.471185
25716	-410.5361	-550.25	139.714	1.201125	1.738823
25722	-401.4129	-540.8132	139.4003	1.28776	1.895481
25728	-404.461	-544.3163	139.8554	1.409762	1.48485
25734	-401.6608	-540.8764	139.2156	1.15062	2.109991
25740	-412.3758	-551.635	139.2592	1.152712	2.080001
25746	-404.5469	-543.6213	139.0744	1.092846	2.239206
25752	-409.5606	-546.9902	137.4296	1.246581	3.156387
25758	-411.083	-549.8503	138.7672	0.9358194	2.532933
25764	-410.5165	-548.5879	138.0714	0.961144	2.943277
25770	-406.3269	-545.9599	139.6329	1.22557	1.778371
25776	-400.9073	-540.7817	139.8744	1.497415	1.403256
25782	-401.5801	-541.7423	140.1621	1.376729	1.269764
25788	-403.5161	-542.9468	139.4307	1.373366	1.816107
25794	-394.4421	-534.5941	140.1519	1.37758	1.277447
25800	-395.329	-535.2649	139.936	1.583489	1.285697
25806	-398.3088	-538.1208	139.812	1.583489	1.384816
25812	-406.8725	-546.5262	139.6537	1.327547	1.692133
25818	-411.0338	-549.9555	138.9217	1.27654	2.219237
25824	-406.2641	-546.2322	139.9681	1.383611	1.418821
25830	-410.1029	-550.2109	140.1079	1.486579	1.223289
25836	-407.2309	-546.8496	139.6187	1.584598	1.531131
25842	-407.4355	-547.0312	139.5957	1.584598	1.548186
25848	-410.0594	-550.3357	140.2763	1.672621	0.8831866
25854	-409.9249	-549.7211	139.7962	1.675593	1.324363
25860	-411.2317	-551.1566	139.9249	1.549278	1.322409
25866	-413.6109	-553.4825	139.8716	1.742733	1.206405
25872	-417.7159	-557.8298	140.1139	1.93721	0.7510781
25878	-413.5236	-553.7915	140.2679	1.855934	0.6137568
25884	-413.7051	-553.9651	140.26	1.882921	0.5426776
25890	-410.2509	-550.5575	140.3066	1.836367	0.5426776
25896	-414.9596	-555.1577	140.1981	1.836367	0.7752326
25902	-422.5822	-562.6756	140.0933	1.785551	0.9598139
25908	-409.3491	-549.0897	139.7406	2.369856	0.3777052
25914	-407.0729	-547.1246	140.0517	2.092174	0.4655036
25920	-415.2385	-555.2595	140.021	2.12238	0.4624832
25926	-416.7989	-556.926	140.1271	2.011162	0.5665297
25932	-415.1156	-555.2665	140.1509	1.652891	1.03511
25938	-416.8611	-557.0332	140.1721	1.487798	1.167112
25944	-412.2327	-552.197	139.9643	1.696766	1.166054
25950	-411.2829	-551.3262	140.0433	1.617764	1.166054
25956	-410.6967	-550.6977	140.001	1.556193	1.254607
25962	-409.2976	-549.0669	139.7693	1.556193	1.43902
25968	-414.6096	-554.8407	140.2311	1.767325	0.8234062
25974	-408.6383	-548.3909	139.7526	1.626884	1.397332
25980	-412.9947	-553.2037	140.2089	1.558388	1.069902
25986	-405.0202	-545.1204	140.1002	1.683093	1.054845
25992	-409.3502	-549.612	140.2618	1.819255	0.7031718
25998	-412.2023	-552.1954	139.9931	2.147047	0.446341
26004	-409.3294	-548.4362	139.1068	2.757471	0.2119626
26010	-413.7635	-553.4841	139.7206	2.36963	0.3506121
26016	-412.9804	-553.0718	140.0915	2.032054	0.6147014
26022	-408.2676	-548.3582	140.0906	1.926495	0.7990643
26028	-417.6597	-557.5709	139.9111	2.212772	0.6137208
26034	-412.4282	-552.6003	140.172	1.913439	0.6953716
26040	-414.1663	-553.6309	139.4647	2.538028	0.2775686
26046	-414.6675	-554.2659	139.5984	2.499427	0.3599642
26052	-413.5914	-553.6515	140.0601	2.043354	0.6612016
26058	-406.3824	-546.5372	140.1548	1.991141	0.4854677
26064	-418.3137	-558.3209	140.0072	2.137915	0.5255665
26070	-411.0642	-551.1669	140.1027	2.043522	0.490209
26076	-410.1913	-550.0233	139.832	2.279867	0.3798873
26082	-409.8919	-549.6251	139.7332	2.370251	0.3674561
26088	-407.3017	-547.2778	139.9761	2.160392	0.4329376
26094	-405.0681	-544.7023	139.6341	2.414224	0.3100091
26100	-405.3496	-544.9489	139.5993	2.432642	0.2973372
26106	-411.4404	-551.4337	139.9933	2.147735	0.5534033
26112	-417.9302	-557.9493	140.0191	2.045563	0.7303203
26118	-410.0152	-550.1809	140.1657	1.980508	0.5083051
26124	-409.922	-549.7491	139.8271	2.304039	0.5923482
26130	-407.1993	-547.5407	140.3413	1.741368	0.7002685
26136	-405.1775	-545.389	140.2116	1.606512	1.021223
26142	-414.1163	-554.2371	140.1208	1.697282	1.021223
26148	-412.0937	-551.9249	139.8312	1.500788	1.434016
26154	-422.7562	-562.5656	139.8094	2.335835	0.4759957
26160	-417.3244	-557.1691	139.8447	2.298547	0.4612157
26166	-412.2236	-552.1304	139.9068	2.228914	0.4305495
26172	-404.4482	-544.5887	140.1405	1.995139	0.5770316
26178	-406.624	-546.8233	140.1993	1.946449	0.4816393
26184	-404.4307	-543.7985	139.3678	2.533713	0.2264894
26190	-406.5119	-545.79	139.278	2.62346	0.2264894
26196	-402.79	-542.1095	139.3195	2.714514	0.298824
26202	-397.4542	-536.898	139.4438	2.561425	0.279136
26208	-401.0869	-540.3983	139.3114	2.57554	0.2205898
26214	-409.5847	-548.8542	139.2695	2.57554	0.2050969
26220	-404.7006	-544.2655	139.565	2.396585	0.2542271
26226	-415.6258	-555.0688	139.4431	2.601169	0.3066805
26232	-416.6609	-555.961	139.3002	2.601169	0.2264215
26238	-412.8297	-552.4455	139.6158	2.384696	0.2762171
26244	-416.8438	-556.6489	139.8051	2.303325	0.3745846
26250	-425.1863	-565.0587	139.8724	2.256466	0.4121517
26256	-424.1532	-564.2644	140.1112	2.001796	0.6406998
26262	-420.5289	-560.5795	140.0506	1.873863	0.9108244
26268	-419.0233	-559.2381	140.2148	1.917076	0.5902245
26274	-414.9618	-555.0306	140.0688	2.056854	0.6088795
26280	-410.3669	-550.2831	139.9162	2.226838	0.4598883
26286	-413.5734	-553.4923	139.9189	2.211901	0.4169093
26292	-410.2026	-549.7175	139.5149	2.53224	0.3089942
26298	-411.728	-551.4065	139.6784	2.366728	0.3074199
26304	-411.3815	-551.1572	139.7757	2.366728	0.4568837
26310	-402.1364	-542.2033	140.0668	2.076227	0.4601796
26316	-404.0869	-544.0965	140.0096	2.119083	0.6002414
26322	-410.4977	-549.6394	139.1417	1.331937	2.039229
26328	-410.57	-549.9597	139.3897	1.587585	1.694955
26334	-409.9636	-550.1263	140.1627	1.353279	1.288524
26340	-413.2323	-553.5959	140.3636	1.484491	0.9914085
26346	-413.4276	-553.6653	140.2377	1.61044	0.9914085
26352	-414.3157	-554.4623	140.1466	1.776419	0.9124456
26358	-428.1898	-568.4004	140.2106	1.878956	0.6880851
26364	-427.1846	-567.3238	140.1392	1.878956	0.7976262
26370	-420.8531	-560.9121	140.059	1.295741	1.416467
26376	-417.5109	-557.7972	140.2864	1.655582	0.8912048
26382	-423.6793	-563.6501	139.9708	1.629426	1.218445
26388	-422.1847	-562.4598	140.2751	1.531701	1.032221
26394	-415.0217	-555.3118	140.2901	1.620288	0.9262666
26400	-411.9634	-552.0083	140.0449	1.579029	1.198241
26406	-418.7937	-558.9174	140.1236	1.63828	1.074964
26412	-421.3156	-560.9016	139.586	1.123924	1.880614
26418	-419.3818	-558.1812	138.7994	1.103819	2.407429
26424	-413.5064	-552.8945	139.3881	1.157195	1.991604
26430	-407.1217	-547.0975	139.9758	1.410967	1.391629
26436	-415.0994	-555.3426	140.2432	1.538355	1.056431
26442	-416.9218	-557.0439	140.122	1.936106	0.7404334
26448	-409.5101	-549.6607	140.1506	1.936106	0.69322
26454	-408.593	-548.6336	140.0406	1.604058	1.180339
26460	-412.7951	-552.7528	139.9576	1.597832	1.255997
26466	-413.476	-552.5219	139.046	1.331844	2.102415
26472	-426.712	-566.9335	140.2214	1.924713	0.511497
26478	-420.5009	-560.6557	140.1548	1.924713	0.7058682
26484	-426.7459	-566.8789	140.133	1.946456	0.7058682
26490	-420.6624	-560.7968	140.1344	1.861997	0.825992
26496	-414.0543	-554.3659	140.3116	1.53715	0.99074
26502	-419.1796	-559.4692	140.2897	1.751962	0.7650369
26508	-421.4523	-561.493	140.0407	1.718953	1.077071
26514	-421.1997	-561.1679	139.9681	1.606552	1.239963
26520	-418.0695	-558.3134	140.2439	1.76476	0.8101932
26526	-415.9935	-556.1165	140.123	1.881647	0.8154258
26532	-416.5606	-556.7479	140.1873	1.817366	0.8154258
26538	-421.7229	-562.0765	140.3537	1.650963	0.8154258
26544	-413.117	-553.3046	140.1875	1.763459	0.8808205
26550	-423.1056	-563.1266	140.021	1.629825	1.17502
26556	-416.9427	-556.6356	139.6929	1.521759	1.522693
26562	-407.5376	-546.5407	139.0032	1.27342	2.168496
26568	-415.8376	-554.357	138.5194	1.16312	2.545711
26574	-409.6454	-549.0617	139.4162	1.232058	1.922408
26580	-412.3312	-552.1818	139.8506	1.490463	1.427035
26586	-418.2713	-557.8393	139.568	1.167909	1.862888
26592	-416.8657	-556.9434	140.0777	1.499297	1.238046
26598	-412.4007	-552.6922	140.2915	1.619805	0.9253221
26604	-409.761	-549.8336	140.0726	1.838644	0.9253221
26610	-406.5414	-546.6218	140.0804	1.758717	1.000399
26616	-397.4545	-537.6436	140.1891	1.318024	1.295729
26622	-405.5863	-545.8546	140.2682	1.08268	1.419448
26628	-400.4893	-540.6706	140.1813	1.251787	1.355234
26634	-403.6051	-543.0254	139.4203	1.451449	1.769158
26640	-409.3679	-549.0664	139.6986	1.281892	1.69271
26646	-402.6605	-542.5709	139.9105	1.263277	1.552997
26652	-402.1926	-542.2056	140.013	1.327603	1.427381
26658	-406.7236	-546.133	139.4094	1.377203	1.828129
26664	-396.5708	-536.4684	139.8976	1.463827	1.411345
26670	-402.0579	-541.7696	139.7117	1.545888	1.490526
26676	-398.5738	-538.7898	140.2161	1.616296	1.007129
26682	-416.0724	-555.9987	139.9263	1.806	1.10235
26688	-415.366	-555.3783	140.0123	1.502512	1.289474
26694	-411.6931	-551.4105	139.7175	1.717989	1.353327
26700	-416.9775	-557.2018	140.2243	1.584914	1.029854
26706	-411.4117	-551.483	140.0713	1.774814	0.9934436
26712	-405.8784	-546.043	140.1646	1.537559	1.129685
26718	-408.7174	-548.4116	139.6942	1.526999	1.517767
26724	-405.9489	-545.6018	139.6528	1.586544	1.504205
26730	-409.8629	-550.0303	140.1675	1.871588	0.7687354
26736	-408.0767	-548.0727	139.996	1.984522	0.8457024
26742	-412.051	-552.3108	140.2598	1.809145	0.7233465
26748	-410.0647	-550.0109	139.9463	2.183968	0.5953514
26754	-410.7694	-550.8665	140.0971	1.839278	0.8975351
26760	-406.151	-546.3619	140.2108	1.690257	0.9363187
26766	-408.7616	-548.8748	140.1132	1.566962	1.14922
26772	-412.3784	-551.3101	138.9318	1.257866	2.224772
26778	-408.5614	-548.2143	139.6528	1.36204	1.668202
26784	-408.5199	-547.8445	139.3246	1.291425	1.944204
26790	-410.0714	-550.2174	140.1459	1.488451	1.189226
26796	-405.6152	-545.1962	139.581	1.440251	1.663647
26802	-411.1035	-551.3732	140.2698	1.599459	0.9698253
26808	-412.6666	-552.884	140.2173	1.776403	0.8293434
26814	-416.2846	-556.4248	140.1402	1.746124	0.952021
26820	-424.8567	-564.8237	139.967	1.919307	0.952021
26826	-420.2542	-560.3673	140.1131	2.002779	0.6338871
26832	-416.0676	-556.2376	140.17	1.811052	0.8451463
26838	-418.7329	-558.6998	139.9669	2.124823	0.6840339
26844	-412.0744	-552.2449	140.1705	1.904675	0.7131407
26850	-410.8229	-551.032	140.2091	1.862757	0.7186034
26856	-411.1801	-551.4699	140.2898	1.609791	0.9379121
26862	-418.1734	-558.2091	140.0357	1.717009	1.083534
26868	-422.5662	-562.613	140.0468	1.803778	0.9889131
26874	-418.748	-558.714	139.9661	1.739712	1.126393
26880	-414.7605	-554.7045	139.9439	1.743115	1.143141
26886	-422.5545	-562.5592	140.0046	1.650551	1.171172
26892	-418.9763	-559.2174	140.2411	1.674367	0.9207825
26898	-413.3827	-553.7767	140.394	1.729731	0.6142534
26904	-410.4983	-550.6105	140.1121	1.904853	0.7992
26910	-420.1036	-560.3953	140.2917	1.725302	0.7992
26916	-419.9212	-560.0796	140.1584	1.853372	0.806152
26922	-425.4304	-565.4944	140.064	1.999701	0.7317286
26928	-418.6107	-558.6316	140.0209	1.950844	0.8563366
26934	-415.0302	-555.2355	140.2053	1.825134	0.780884
26940	-413.752	-553.6876	139.9356	2.209739	0.5232
26946	-424.9733	-565.3136	140.3402	1.80612	0.4960333
26952	-419.3808	-559.4943	140.1136	1.968135	0.7020327
26958	-418.5766	-558.6673	140.0907	2.001215	0.6837469
26964	-415.6693	-556.05	140.3807	1.652556	0.7769373
26970	-404.4268	-544.5119	140.0851	1.989775	0.7137264
26976	-409.6064	-549.9243	140.3179	1.755158	0.7166363
26982	-413.2163	-553.3883	140.172	1.97432	0.4945274
26988	-406.601	-546.4847	139.8837	2.262524	0.5089817
26994	-426.0057	-565.8842	139.8785	1.72555	1.215192
27000	-418.6764	-558.8234	140.147	1.61619	1.073771
27006	-416.2769	-556.5633	140.2864	1.764666	0.7511577
27012	-404.4476	-544.5894	140.1419	1.813144	0.8761824
27018	-411.2214	-551.1415	139.9201	1.693676	1.206904
27024	-404.8252	-545.0728	140.2477	1.693676	0.8919109
27030	-404.9679	-545.0284	140.0604	1.386189	1.344452
27036	-406.9548	-547.3067	140.3519	1.570357	0.9132857
27042	-412.9946	-553.0342	140.0396	1.772428	1.027148
27048	-410.7924	-550.2453	139.453	1.422293	1.766681
27054	-413.718	-552.931	139.213	1.246785	2.048442
27060	-415.0109	-554.9591	139.9481	1.371186	1.443726
27066	-415.3712	-555.4053	140.0341	1.651888	1.144064
27072	-411.9514	-551.9073	139.9559	1.43282	1.390079
27078	-414.5006	-554.6026	140.102	1.448103	1.260455
27084	-418.5167	-558.5306	140.014	1.640901	1.171472
27090	-406.6395	-546.6749	140.0354	1.606625	1.182613
27096	-408.3802	-548.4856	140.1054	1.864973	0.8580258
27102	-417.0392	-557.2074	140.1682	1.570683	1.096299
27108	-413.1357	-553.4393	140.3036	1.525022	1.010897
27114	-411.0935	-551.0319	139.9383	1.714488	1.173242
27120	-404.1005	-544.1728	140.0722	1.455806	1.278656
27126	-410.3651	-550.1882	139.8231	1.701937	1.281086
27132	-400.2842	-539.7283	139.4442	1.414411	1.778318
27138	-402.561	-542.6428	140.0818	1.976328	0.7404672
27144	-410.7247	-550.9467	140.222	1.746519	0.8602242
27150	-400.047	-540.2709	140.2239	1.611119	1.004546
27156	-414.8019	-553.3781	138.5762	1.598018	2.2347
27162	-410.509	-550.5548	140.0459	1.844408	0.9478749
27168	-406.5575	-546.7916	140.2341	1.543535	1.06015
27174	-411.178	-551.3322	140.1541	1.715025	0.9699175
27180	-401.2405	-541.4319	140.1914	1.675544	0.9722275
27186	-402.503	-542.5363	140.0333	1.629752	1.164302
27192	-408.0037	-547.8231	139.8194	2.29331	0.3812653
27198	-409.3559	-549.0954	139.7394	2.29331	0.2978953
27204	-400.5943	-540.6523	140.058	1.436753	1.305839
27210	-409.0371	-549.2318	140.1947	1.931199	0.6082914
27216	-405.8844	-546.0292	140.1447	1.931199	0.7119015
27222	-411.6392	-551.7212	140.082	1.897398	0.8470978
27228	-412.0608	-552.076	140.0152	2.129387	0.5307989
27234	-406.8997	-546.7538	139.8542	1.526	1.396765
27240	-408.9409	-549.2972	140.3563	1.51964	0.9629459
27246	-410.8324	-551.1093	140.277	1.613675	0.9474759
27252	-414.6242	-555.0348	140.4106	1.642654	0.7478435
27258	-405.8487	-546.004	140.1553	1.985269	0.5561666
27264	-409.5757	-549.7948	140.2191	1.922131	0.5526371
27270	-412.3196	-552.149	139.8293	2.284672	0.6382743
27276	-412.8079	-552.967	140.1591	1.90804	0.726302
27282	-415.7493	-555.8329	140.0837	1.90804	0.8318899
27288	-410.9032	-550.6979	139.7947	1.469954	1.485222
27294	-419.6446	-559.8732	140.2286	1.917622	0.5092703
27300	-411.0904	-551.3809	140.2906	1.839897	0.5946042
27306	-404.0847	-544.423	140.3383	1.586053	0.9109263
27312	-409.7474	-549.3453	139.5979	1.496993	1.610647
27318	-404.1892	-544.2075	140.0183	1.338844	1.41467
27324	-408.5022	-548.4851	139.9828	1.374249	1.41467
27330	-410.0529	-550.1585	140.1055	1.66249	1.069238
27336	-410.2573	-550.4899	140.2325	1.42349	1.170473
27342	-419.4248	-559.3025	139.8778	1.52102	1.382216
27348	-408.8188	-548.6907	139.872	1.528289	1.38107
27354	-413.2741	-553.5584	140.2843	1.677034	0.8687128
27360	-414.8277	-554.4145	139.5867	1.404122	1.685318
27366	-412.7729	-552.7602	139.9873	1.523812	1.292489
27372	-420.5414	-560.3042	139.7628	1.693238	1.336913
27378	-414.0167	-554.3455	140.3288	1.663903	0.8306206
27384	-420.5495	-560.562	140.0126	2.031441	0.7616179
27390	-421.5369	-561.5992	140.0623	1.883427	0.8868538
27396	-416.7024	-556.6246	139.9222	2.056711	0.8476486
27402	-416.1891	-556.2661	140.077	1.977617	0.7457703
27408	-416.5764	-556.6137	140.0373	1.82894	0.9729648
27414	-422.8061	-562.8962	140.0901	1.844411	0.8996101
27420	-415.1076	-555.1732	140.0656	1.608634	1.154471
27426	-419.1898	-558.6978	139.5079	1.411297	1.735918
27432	-429.34	-569.1595	139.8195	1.576494	1.384381
27438	-424.857	-564.5873	139.7303	1.243863	1.69717
27444	-426.1899	-566.3543	140.1643	1.420597	1.231376
27450	-421.296	-561.1077	139.8117	1.814941	1.195876
27456	-421.2688	-561.508	140.2392	1.654854	0.9438234
27462	-427.2532	-566.922	139.6688	1.49017	1.563871
27468	-431.2683	-570.9257	139.6575	1.220861	1.764556
27474	-415.1989	-553.2432	138.0443	1.247592	2.786178
27480	-405.9426	-545.5792	139.6366	1.581122	1.520383
27486	-411.4097	-551.2714	139.8617	1.371396	1.508905
27492	-412.846	-552.485	139.639	1.349748	1.686806
27498	-422.8809	-562.5618	139.6809	1.515476	1.536251
27504	-426.3391	-563.8535	137.5144	0.9207976	3.298994
27510	-421.0731	-560.7924	139.7192	2.410179	0.413459
27516	-422.5694	-562.0496	139.4802	2.601108	0.3405672
27522	-416.7755	-556.9578	140.1824	1.60031	1.055383
27528	-412.7062	-553.0163	140.3101	1.626576	0.8971696
27534	-420.3443	-560.1343	139.79	2.356215	0.5107456
27540	-411.8008	-551.9629	140.1621	1.884154	0.7582464
27546	-401.8604	-542.3352	140.4748	1.465932	0.8925476
27552	-411.8327	-551.9565	140.1239	1.924506	0.7552095
27558	-415.664	-555.84	140.176	1.837312	0.8041095
27564	-411.2998	-551.2569	139.9571	2.041175	0.8236103
27570	-415.6364	-555.7517	140.1152	1.494808	1.210112
27576	-411.5735	-551.3954	139.822	1.532012	1.417069
27582	-405.498	-545.4047	139.9067	1.488167	1.385297
27588	-407.3244	-546.6403	139.3159	1.330342	1.923785
27594	-420.8857	-561.1387	140.253	1.891754	0.5296093
27600	-409.8493	-549.9839	140.1345	1.599725	1.100557
27606	-417.5727	-557.6402	140.0675	1.44923	1.287935
27612	-413.6309	-553.7554	140.1245	1.902097	0.7862335
27618	-410.9688	-551.1306	140.1618	1.794679	0.8744624
27624	-409.8557	-549.9256	140.0699	1.566484	1.187494
27630	-409.2428	-549.1174	139.8746	1.946636	1.018163
27636	-404.2188	-544.4041	140.1853	1.679157	0.9747884
27642	-416.6894	-556.973	140.2837	1.734981	0.7969962
27648	-418.6252	-558.7195	140.0943	1.978532	0.7170726
27654	-410.1864	-550.2339	140.0475	1.792453	0.999616
27660	-415.8029	-555.5467	139.7438	1.450201	1.538033
27666	-409.5204	-549.6559	140.1355	1.978274	0.6388546
27672	-408.3042	-548.5052	140.201	1.792004	0.8302494
27678	-412.4153	-552.391	139.9757	2.017306	0.8302494
27684	-416.7324	-556.9821	140.2496	1.743365	0.8302494
27690	-408.0329	-548.2789	140.246	1.777167	0.7908998
27696	-405.0237	-545.1252	140.1015	1.768431	0.9691322
27702	-419.8294	-559.3636	139.5342	1.449623	1.690318
27708	-423.8195	-563.7833	139.9638	1.603368	1.246277
27714	-408.8476	-548.9764	140.1288	1.989779	0.627355
27720	-409.0392	-548.8612	139.822	2.271457	0.6808145
27726	-413.9878	-553.8782	139.8904	2.220899	0.644435
27732	-405.731	-545.7398	140.0087	2.003266	0.8058062
27738	-417.3612	-557.2574	139.8962	2.232789	0.5992267
27744	-411.0397	-550.9383	139.8986	2.182389	0.7033097
27750	-414.5186	-554.6297	140.1111	1.980069	0.6850348
27756	-412.0827	-552.0412	139.9585	2.145781	0.659469
27762	-410.1648	-550.0423	139.8775	2.078671	0.8748362
27768	-405.463	-545.3673	139.9043	1.690734	1.222824
27774	-395.1583	-534.9531	139.7949	1.592934	1.390813
27780	-411.7072	-551.9955	140.2883	1.575005	0.9759269
27786	-410.0856	-550.0893	140.0037	1.585757	1.227546
27792	-407.4656	-547.5041	140.0385	1.550987	1.227546
27798	-400.2	-540.4178	140.2178	1.740976	0.8718107
27804	-397.2973	-537.7054	140.4081	1.446832	0.9845358
27810	-399.5252	-539.5803	140.0551	1.458097	1.290816
27816	-402.9496	-543.0479	140.0983	1.41489	1.290816
27822	-405.4524	-545.1158	139.6634	1.415346	1.622323
27828	-408.2221	-548.3565	140.1345	1.970586	0.6578642
27834	-419.6496	-559.7008	140.0512	1.97645	0.7847479
27840	-412.385	-552.5346	140.1496	1.709801	0.9799192
27846	-404.3336	-543.9371	139.6035	1.436316	1.650336
27852	-401.0059	-541.0968	140.0909	1.445369	1.271877
27858	-407.4752	-547.5914	140.1162	1.642274	1.078162
27864	-404.1894	-544.3239	140.1345	1.624015	1.078162
27870	-419.8467	-559.9569	140.1103	1.620821	1.103449
27876	-421.8298	-561.6687	139.8389	1.552054	1.388363
27882	-417.6789	-557.773	140.0941	1.99197	0.6943825
27888	-407.3365	-547.4394	140.1029	2.042873	0.5184129
27894	-406.2112	-546.4968	140.2856	1.857762	0.5400213
27900	-403.2618	-543.3133	140.0515	2.094139	0.5196476
27906	-400.6478	-540.6968	140.049	2.096952	0.5148843
27912	-405.685	-545.7902	140.1052	2.039508	0.4714453
27918	-401.3805	-541.6188	140.2383	1.799887	0.7700244
27924	-405.4128	-545.7185	140.3057	1.615387	0.9146012
27930	-404.2123	-544.3352	140.1229	1.5059	1.194011
27936	-401.5812	-541.9325	140.3513	1.764629	0.6337628
27942	-405.7069	-545.8694	140.1625	1.983221	0.5178566
27948	-405.6503	-545.7741	140.1238	1.995314	0.6259327
27954	-406.2126	-546.1054	139.8929	2.232234	0.4038254
27960	-404.1399	-543.7595	139.6196	2.42383	0.3060372
27966	-406.1044	-545.4852	139.3808	2.590939	0.2596164
27972	-403.1048	-542.7488	139.644	2.437134	0.3404187
27978	-403.1541	-542.6852	139.5311	2.489289	0.2891413
27984	-401.8189	-541.1823	139.3634	2.613537	0.2624218
27990	-405.0478	-544.7818	139.734	2.305237	0.3027486
27996	-405.6056	-545.5872	139.9816	2.153157	0.4276579
28002	-405.178	-545.4051	140.2271	1.868696	0.6763809
28008	-403.0902	-543.1053	140.0151	2.080662	0.6763809
28014	-405.3485	-545.3634	140.0149	1.988685	0.8168078
28020	-410.2759	-550.4938	140.2179	1.852913	0.7203344
28026	-399.7058	-539.8741	140.1683	1.890873	0.7388249
28032	-405.5616	-545.6939	140.1323	2.006613	0.5638493
28038	-400.2574	-540.3842	140.1268	2.006613	0.5849034
28044	-410.3698	-550.4094	140.0396	2.09382	0.5849034
28050	-413.59	-553.6363	140.0463	2.099798	0.4871353
28056	-416.4725	-556.6321	140.1596	1.786343	0.8866145
28062	-418.5832	-558.4994	139.9162	2.019818	0.8978898
28068	-408.6835	-548.7822	140.0986	2.019818	0.6276714
28074	-413.7244	-553.7106	139.9862	2.159113	0.476625
28080	-406.3851	-546.2812	139.8961	2.249161	0.476625
28086	-410.6262	-549.9984	139.3722	2.60327	0.2616134
28092	-414.3045	-554.2737	139.9691	2.171584	0.4486647
28098	-418.4294	-558.4418	140.0125	2.130015	0.5456256
28104	-416.5105	-556.264	139.7535	2.32798	0.3408117
28110	-416.4531	-556.1378	139.6847	2.417503	0.3656982
28116	-411.4269	-551.2084	139.7815	2.320686	0.3656982
28122	-414.8218	-554.7979	139.9761	2.098276	0.7144423
28128	-416.2393	-556.4868	140.2475	1.826629	0.714886
28134	-421.0405	-561.2156	140.1751	1.968153	0.4614679
28140	-412.5602	-552.6943	140.134	1.920223	0.7463976
28146	-424.5024	-564.6466	140.1442	1.751439	0.9421914
28152	-415.3999	-555.2504	139.8505	1.611641	1.332067
28158	-410.9578	-550.6722	139.7144	1.464868	1.548916
28164	-414.419	-554.7272	140.3082	1.593707	0.9354548
28170	-413.0519	-552.5996	139.5477	1.674556	1.516986
28176	-410.5047	-550.0834	139.5786	1.305454	1.760534
28182	-404.1342	-544.0759	139.9418	1.436332	1.398385
28188	-415.4798	-555.2782	139.7983	1.46091	1.489292
28194	-420.7409	-560.7885	140.0477	1.454443	1.299843
28200	-415.1998	-555.3137	140.1139	1.768343	0.9563659
28206	-424.2374	-564.174	139.9366	2.017203	0.8775234
28212	-411.9426	-552.1625	140.2199	1.733938	0.8775234
28218	-414.7369	-554.8776	140.1407	1.827397	0.8606838
28224	-408.6095	-548.8578	140.2483	1.719834	0.8606838
28230	-412.9814	-553.1158	140.1344	1.843191	0.8493377
28236	-419.7689	-560.0309	140.262	1.763954	0.7870628
28242	-415.7198	-555.9777	140.2579	1.7525	0.8079705
28248	-417.2043	-557.1574	139.9531	1.888842	0.9976153
28254	-409.0806	-549.2198	140.1392	1.669329	1.030536
28260	-417.6376	-556.5715	138.9339	2.881885	0.1953314
28266	-415.1282	-553.9874	138.8593	2.881885	0.173556
28272	-415.5868	-555.5847	139.9979	1.762531	1.076318
28278	-409.5216	-549.5028	139.9812	2.14657	0.602891
28284	-402.8575	-542.9803	140.1228	2.004907	0.602891
28290	-404.6235	-544.7534	140.1299	1.937606	0.7257702
28296	-414.3654	-554.396	140.0306	2.038123	0.7236988
28302	-403.9915	-544.0289	140.0374	2.104693	0.5475969
28308	-409.1516	-548.8375	139.6859	2.445186	0.4174237
28314	-411.9642	-551.7569	139.7927	2.338359	0.4174237
28320	-414.3806	-553.4849	139.1043	2.774926	0.217582
28326	-414.9329	-553.8468	138.914	2.774926	0.1604524
28332	-406.945	-546.7678	139.8228	1.424452	1.498347
28338	-415.3116	-555.0642	139.7526	1.313647	1.631364
28344	-422.7502	-561.6086	138.8584	2.954811	0.1944997
28350	-415.4809	-554.582	139.1011	2.714087	0.1951336
28356	-421.8326	-560.1638	138.3312	3.05944	0.1070048
28362	-421.0261	-559.3763	138.3501	3.169056	0.1265295
28368	-412.3336	-550.4366	138.103	3.169056	0.09228077
28374	-409.1138	-547.2861	138.1723	3.169056	0.1005526
28380	-409.8602	-547.9455	138.0853	3.265498	0.1017517
28386	-405.2246	-542.9956	137.7711	3.265498	0.069697
28392	-414.3836	-552.4523	138.0687	3.187771	0.09053843
28398	-414.2974	-552.6608	138.3633	3.027349	0.1070108
28404	-412.2056	-551.6744	139.4688	2.565167	0.2988301
28410	-406.4389	-545.5236	139.0847	2.755314	0.203359
28416	-415.1492	-554.3233	139.1741	2.772299	0.246617
28422	-421.7006	-560.5555	138.855	2.75633	0.1435339
28428	-422.255	-561.4239	139.169	2.614586	0.1854116
28434	-407.6644	-547.7177	140.0533	2.085455	0.5643453
28440	-413.8545	-553.8961	140.0416	2.085455	0.6049828
28446	-414.4647	-554.6859	140.2212	1.826033	0.7568456
28452	-406.3337	-546.0898	139.7561	2.351293	0.373019
28458	-404.4439	-544.4564	140.0124	2.133951	0.5015583
28464	-400.7749	-541.0164	140.2415	1.721483	0.8667604
28470	-418.2886	-558.2973	140.0087	2.136001	0.471422
28476	-410.2708	-550.5041	140.2332	1.906592	0.5594897
28482	-411.6918	-551.7802	140.0884	1.872652	0.8690902
28488	-411.8706	-552.0708	140.2001	1.612667	1.026389
28494	-413.465	-553.7276	140.2626	1.840038	0.6628493
28500	-416.4194	-556.5126	140.0931	2.032034	0.6102283
28506	-415.2806	-555.3279	140.0473	2.097381	0.4714001
28512	-402.873	-542.9963	140.1233	2.021371	0.4714001
28518	-404.734	-544.8655	140.1315	2.009864	0.5517075
28524	-406.8099	-546.9521	140.1423	1.854386	0.8256263
28530	-399.2861	-539.5884	140.3023	1.813201	0.6348134
28536	-399.6949	-539.8179	140.123	2.011179	0.5823324
28542	-409.1036	-549.3385	140.2349	1.897188	0.5894244
28548	-413.4924	-553.1798	139.6874	2.409559	0.3587568
28554	-415.9956	-556.0926	140.097	2.03645	0.5848739
28560	-411.1057	-551.1643	140.0586	2.002763	0.7354059
28566	-412.1757	-552.1707	139.9949	2.151454	0.5014082
28572	-421.2826	-560.5982	139.3155	2.616873	0.2399986
28578	-412.4512	-552.065	139.6139	2.419982	0.2987145
28584	-418.5672	-558.6836	140.1164	2.024931	0.5520123
28590	-418.0169	-557.9852	139.9683	2.169039	0.5703986
28596	-408.3922	-548.4472	140.055	2.086892	0.5487725
28602	-410.6091	-550.8505	140.2414	1.904859	0.492981
28608	-407.2788	-547.0517	139.7729	2.347123	0.3938044
28614	-407.8952	-547.6645	139.7693	2.290763	0.3199973
28620	-403.5806	-543.6576	140.077	1.962523	0.7680903
28626	-405.4595	-545.4158	139.9563	2.185482	0.5496405
28632	-402.7896	-542.6051	139.8156	2.317137	0.4217898
28638	-416.5985	-556.7766	140.1782	1.915057	0.6812395
28644	-431.7961	-572.0138	140.2177	1.879731	0.6731371
28650	-419.2337	-559.3132	140.0794	2.017231	0.6746898
28656	-420.2875	-560.4778	140.1904	1.784663	0.8524329
28662	-412.9266	-553.0629	140.1363	1.686829	1.01627
28668	-415.5988	-555.8267	140.2279	1.911752	0.5601855
28674	-415.977	-556.1072	140.1301	1.921583	0.7502329
28680	-413.3369	-553.3826	140.0457	2.084165	0.5965741
28686	-412.2441	-552.3689	140.1248	2.014207	0.5634048
28692	-406.0102	-546.0102	140	2.004511	0.8155984
28698	-409.9538	-550.2355	140.2816	1.83813	0.6244071
28704	-418.8029	-559.1184	140.3156	1.724486	0.7673019
28710	-409.4318	-549.3483	139.9165	1.695409	1.208513
28716	-403.8931	-543.9805	140.0875	1.903625	0.8326699
28722	-403.8479	-544.03	140.1821	1.866333	0.7551323
28728	-399.9374	-540.1273	140.19	1.866333	0.7432742
28734	-402.9964	-543.1806	140.1841	1.880285	0.7306259
28740	-403.1893	-543.0837	139.8944	2.209012	0.6613596
28746	-404.5437	-544.4965	139.9528	2.158387	0.6445806
28752	-405.5686	-545.7399	140.1714	1.963576	0.5795393
28758	-412.265	-552.363	140.098	1.929106	0.7854644
28764	-420.9383	-561.0965	140.1582	1.864225	0.7919173
28770	-407.2849	-547.2425	139.9576	1.734817	1.138329
28776	-428.5304	-567.3967	138.8663	1.225522	2.287602
28782	-426.6249	-566.3635	139.7386	1.420111	1.564054
28788	-427.4604	-567.0942	139.6338	1.34567	1.693428
28794	-397.2289	-537.1213	139.8923	1.297913	1.540793
28800	-402.5414	-542.679	140.1375	1.605619	1.092372
28806	-403.6178	-543.8588	140.2411	1.743998	0.8401624
28812	-399.299	-539.3717	140.0727	1.625928	1.132798
28818	-400.8482	-541.0396	140.1914	1.61679	1.030868
28824	-407.3833	-547.631	140.2477	1.533779	1.056501
28830	-416.35	-556.7118	140.3618	1.784145	0.5145491
28836	-409.4497	-549.5186	140.069	2.077318	0.5079563
28842	-404.523	-544.4815	139.9585	2.186999	0.521064
28848	-409.8436	-549.7776	139.934	2.209183	0.4610266
28854	-411.1167	-551.1396	140.023	2.120222	0.4610266
28860	-414.7009	-553.5498	138.8489	2.801862	0.1517984
28866	-412.1605	-551.7962	139.6357	2.403367	0.3026484
28872	-412.3757	-551.8338	139.4581	2.561884	0.2888504
28878	-409.2338	-548.8125	139.5786	2.453393	0.2973845
28884	-422.0499	-561.9832	139.9332	2.205538	0.564301
28890	-417.0717	-557.1592	140.0875	2.041131	0.600121
28896	-414.3397	-554.5792	140.2395	1.869931	0.6486082
28902	-410.9503	-551.0102	140.0599	1.46116	1.284347
28908	-411.425	-551.7012	140.2762	1.295195	1.242725
28914	-407.1482	-546.6769	139.5287	1.232444	1.845609
28920	-410.9593	-549.8436	138.8843	1.150005	2.324349
28926	-406.9795	-546.1253	139.1458	1.271177	2.076671
28932	-409.6728	-548.4018	138.729	1.315073	2.318126
28938	-413.0549	-552.0148	138.9598	1.126544	2.291106
28944	-406.4076	-546.1108	139.7032	1.098849	1.817482
28950	-396.1937	-536.353	140.1592	1.565169	1.109534
28956	-406.5346	-546.8209	140.2863	1.466648	1.083291
28962	-399.9558	-540.1734	140.2176	1.393485	1.209184
28968	-403.4611	-543.2674	139.8063	1.207922	1.668701
28974	-395.4528	-535.3006	139.8478	1.503175	1.419385
28980	-406.5313	-546.553	140.0216	1.576539	1.220195
28986	-410.1897	-550.4384	140.2487	1.768454	0.7989964
28992	-404.4728	-544.6411	140.1683	1.567308	1.099321
28998	-405.197	-545.3723	140.1753	1.488331	1.163779
29004	-405.2489	-545.4184	140.1695	1.494187	1.163779
29010	-402.5006	-542.3992	139.8985	1.443953	1.425954
29016	-404.0015	-544.2287	140.2271	1.416817	1.18095
29022	-405.8163	-545.8545	140.0382	1.754181	1.046168
29028	-407.4465	-547.4808	140.0342	1.558708	1.224615
29034	-407.7321	-547.4573	139.7252	1.28431	1.672028
29040	-414.7559	-554.704	139.9481	1.502453	1.341305
29046	-412.3335	-552.5622	140.2287	1.364291	1.224562
29052	-407.7474	-547.2897	139.5423	1.514656	1.638079
29058	-403.7463	-543.7945	140.0482	1.60677	1.171371
29064	-410.2241	-549.8539	139.6297	1.523707	1.567916
29070	-418.1407	-557.8345	139.6938	1.459644	1.567916
29076	-423.4521	-563.1342	139.682	1.217748	1.749567
29082	-422.1895	-562.2571	140.0676	2.072726	0.5571544
29088	-421.2525	-561.4186	140.1661	1.886982	0.7481233
29094	-418.4577	-558.7239	140.2662	1.855088	0.6205106
29100	-418.4105	-558.2764	139.8658	2.256909	0.3989763
29106	-414.6326	-554.343	139.7104	2.351013	0.32117
29112	-412.5954	-552.665	140.0697	2.031498	0.3643406
29118	-409.4159	-548.9841	139.5682	2.48405	0.3131866
29124	-407.2022	-547.156	139.9538	2.180513	0.4262479
29130	-403.7242	-543.9506	140.2264	1.909348	0.5764583
29136	-408.1732	-548.2427	140.0695	2.075751	0.4768129
29142	-405.9367	-545.7927	139.8561	2.267557	0.4007357
29148	-413.174	-553.1694	139.9954	2.150961	0.4952041
29154	-416.7606	-556.5062	139.7456	2.346419	0.3526783
29160	-406.588	-546.0251	139.4371	2.544164	0.2648596
29166	-410.1003	-550.0358	139.9355	2.208124	0.4639136
29172	-404.9927	-545.0688	140.0761	2.067555	0.4639136
29178	-406.2374	-546.5762	140.3388	1.737512	0.7112624
29184	-409.2434	-549.4785	140.2351	1.821413	0.7430212
29190	-412.2184	-552.345	140.1266	1.620226	1.088973
29196	-408.8513	-549.2237	140.3724	1.642411	0.8020448
29202	-407.5947	-547.4613	139.8667	1.614219	1.317011
29208	-409.4431	-548.8995	139.4564	1.563026	1.664985
29214	-406.2743	-546.0426	139.7683	1.637465	1.376751
29220	-412.9549	-551.6646	138.7098	1.508505	2.206294
29226	-420.0886	-559.057	138.9684	1.535412	2.019199
29232	-416.4926	-556.6126	140.12	1.765922	0.952438
29238	-420.0235	-560.1549	140.1313	1.519304	1.175159
29244	-419.1145	-559.275	140.1605	1.474861	1.188378
29250	-411.6687	-551.7047	140.036	1.786007	1.017362
29256	-413.0884	-553.3102	140.2218	1.576993	1.039943
29262	-408.5368	-548.8273	140.2905	1.493601	1.054001
29268	-414.8793	-554.9979	140.1186	1.839032	0.8731216
29274	-420.6056	-560.1352	139.5296	1.301891	1.797107
29280	-406.1624	-546.1292	139.9668	1.443468	1.373187
29286	-423.1778	-561.9921	138.8143	1.427718	2.19094
29292	-411.0143	-550.5311	139.5168	1.505101	1.663175
29298	-406.6054	-546.5875	139.9821	1.475822	1.335452
29304	-413.8729	-552.8323	138.9595	1.225857	2.227562
29310	-401.4165	-541.1789	139.7624	1.507368	1.481389
29316	-399.9225	-540.2847	140.3622	1.583528	0.8868473
29322	-402.7595	-542.3796	139.6201	1.40595	1.660233
29328	-403.3416	-542.2914	138.9499	1.080081	2.32712
29334	-404.089	-543.1433	139.0543	1.030187	2.292316
29340	-401.9036	-540.1993	138.2957	0.9399251	2.820423
29346	-401.7126	-540.3949	138.6823	1.119527	2.471209
29352	-403.8597	-543.1445	139.2848	1.333223	1.942865
29358	-400.0127	-538.7416	138.7289	1.161221	2.415686
29364	-408.7448	-548.0969	139.3521	1.109582	2.047146
29370	-410.6576	-550.9869	140.3293	1.70204	0.7796959
29376	-406.2692	-546.7538	140.4847	1.524604	0.8094087
29382	-411.77	-551.9626	140.1926	1.375625	1.245407
29388	-409.9239	-550.0355	140.1116	1.727205	1.000767
29394	-413.2457	-553.2187	139.973	1.769613	1.092829
29400	-413.7564	-554.0769	140.3205	1.563724	0.9542693
29406	-410.5168	-550.5856	140.0688	1.608428	1.151823
29412	-407.6416	-547.5724	139.9309	2.186358	0.6306842
29418	-408.4306	-548.5934	140.1628	1.80699	0.858722
29424	-404.8565	-545.1284	140.2718	1.591392	0.9760221
29430	-398.3546	-538.251	139.8964	1.559802	1.336852
29436	-397.3383	-537.4766	140.1383	1.362778	1.300681
29442	-400.2991	-540.107	139.8079	1.120153	1.729721
29448	-400.8929	-540.5128	139.6199	1.234113	1.781489
29454	-402.0831	-541.6938	139.6107	1.611836	1.516773
29460	-421.6546	-561.8669	140.2123	1.761909	0.8534284
29466	-412.2447	-552.1511	139.9065	1.671022	1.237614
29472	-406.7096	-546.7785	140.0689	1.5811	1.175692
29478	-417.9634	-557.8663	139.903	1.705631	1.21133
29484	-408.1156	-547.465	139.3494	1.067619	2.076665
29490	-404.7994	-544.1458	139.3464	1.16184	2.01627
29496	-402.3775	-541.8439	139.4664	1.041822	2.01627
29502	-407.482	-546.7167	139.2347	1.587228	1.80372
29508	-407.505	-547.2299	139.7249	1.241399	1.702774
29514	-409.8427	-549.9528	140.1102	1.41692	1.27945
29520	-414.9163	-554.679	139.7627	1.369567	1.583432
29526	-413.8434	-553.8096	139.9662	1.488177	1.338257
29532	-405.4712	-545.3752	139.904	1.437238	1.426935
29538	-402.844	-543.0644	140.2204	1.705669	0.9090832
29544	-400.2075	-540.4698	140.2623	1.778119	0.766843
29550	-410.1461	-550.3186	140.1724	1.695506	0.9711842
29556	-409.5297	-549.3633	139.8337	1.688655	1.283357
29562	-412.8601	-552.7752	139.9151	1.433812	1.421013
29568	-398.0724	-537.9972	139.9248	1.314602	1.504205
29574	-405.5442	-545.8886	140.3443	1.555807	0.9373408
29580	-407.3006	-547.3919	140.0913	1.808895	0.9373408
29586	-408.4921	-548.8898	140.3977	1.380974	1.0592
29592	-407.0651	-546.9256	139.8606	1.224067	1.618068
29598	-406.5306	-546.1435	139.613	1.471655	1.618068
29604	-396.6925	-536.8144	140.122	1.56025	1.147432
29610	-402.1684	-542.4686	140.3001	1.639916	0.89338
29616	-406.8489	-547.0921	140.2432	1.715117	0.8722667
29622	-398.4705	-538.7269	140.2563	1.444803	1.130566
29628	-406.3566	-545.8531	139.4965	1.250048	1.855622
29634	-408.9501	-548.0887	139.1386	1.344066	2.03328
29640	-403.3688	-542.7389	139.3701	1.487338	1.779079
29646	-407.4399	-547.389	139.9491	1.424894	1.401557
29652	-413.2808	-552.8649	139.5841	1.691475	1.476994
29658	-407.7282	-547.6288	139.9005	1.656083	1.25505
29664	-409.3544	-549.6078	140.2534	1.615354	0.9703699
29670	-417.3515	-556.4487	139.0973	1.332234	2.068413
29676	-405.5021	-544.7819	139.2798	1.360151	1.928046
29682	-424.072	-563.8505	139.7785	1.631119	1.373718
29688	-421.3029	-561.371	140.0681	1.779277	0.992107
29694	-418.4847	-558.7162	140.2315	1.803325	0.7747553
29700	-418.8705	-558.5088	139.6384	1.584511	1.516559
29706	-424.465	-564.0249	139.5599	1.464033	1.661755
29712	-405.5979	-545.6293	140.0314	1.734166	1.071578
29718	-404.9645	-544.7406	139.7761	1.475883	1.494757
29724	-410.2073	-550.1331	139.9258	1.326182	1.494757
29730	-418.6622	-558.0966	139.4345	1.226112	1.914105
29736	-414.383	-554.1086	139.7256	1.345029	1.628197
29742	-407.2433	-545.8974	138.6541	1.0184	2.551949
29748	-413.7703	-553.2813	139.511	1.390506	1.748338
29754	-411.4063	-551.5375	140.1312	1.466537	1.220517
29760	-404.7216	-544.8539	140.1323	1.50022	1.190807
29766	-413.0898	-553.1409	140.0511	1.348792	1.381364
29772	-406.6193	-546.257	139.6377	1.228457	1.773042
29778	-408.048	-547.5892	139.5412	1.123938	1.911037
29784	-409.5122	-548.8416	139.3294	1.171382	2.021235
29790	-402.4542	-542.3048	139.8505	1.377018	1.513067
29796	-407.8629	-548.0842	140.2213	1.297376	1.286291
29802	-412.3888	-550.751	138.3622	1.134403	2.660763
29808	-412.7541	-552.3922	139.6381	1.333756	1.69881
29814	-416.6767	-556.492	139.8153	2.279716	0.356309
29820	-406.5658	-546.2876	139.7218	1.442415	1.560017
29826	-423.6781	-563.7333	140.0551	1.476122	1.276023
29832	-417.1611	-557.3974	140.2363	1.354232	1.226662
29838	-411.4242	-550.6208	139.1965	1.067258	2.17681
29844	-404.8538	-544.4808	139.6269	2.47644	0.3673319
29850	-415.7705	-555.5013	139.7308	2.348171	0.3381186
29856	-407.7567	-547.3235	139.5667	2.520531	0.3471938
29862	-408.9004	-549.0182	140.1178	2.027975	0.5173831
29868	-400.0155	-540.042	140.0265	2.087683	0.6378256
29874	-403.2144	-543.4647	140.2504	1.847731	0.6719001
29880	-407.7217	-547.6598	139.9381	2.207233	0.5236356
29886	-404.0294	-543.9022	139.8728	2.272499	0.5236356
29892	-417.3574	-557.2845	139.927	1.313347	1.503486
29898	-406.8037	-546.4137	139.61	1.131276	1.859217
29904	-411.4676	-551.3463	139.8786	1.314743	1.53848
29910	-402.3853	-542.3824	139.9971	1.519052	1.288416
29916	-415.307	-554.6783	139.3714	1.389575	1.845736
29922	-412.3613	-552.287	139.9257	1.623767	1.260976
29928	-402.5941	-542.61	140.0159	1.785622	1.037299
29934	-411.0616	-551.2732	140.2117	1.75314	0.8646461
29940	-402.9356	-543.0369	140.1013	1.689796	1.047347
29946	-406.2893	-546.6009	140.3116	1.719111	0.7805515
29952	-406.3599	-546.5913	140.2313	1.86251	0.680084
29958	-412.1703	-552.2221	140.0518	1.64472	1.134647
29964	-407.9485	-548.0731	140.1245	1.636152	1.076088
29970	-407.5354	-547.8345	140.299	1.718965	0.7978532
29976	-395.7124	-536.0169	140.3045	1.692048	0.8258012
29982	-398.9223	-539.1457	140.2235	1.846134	0.7223679
29988	-395.3712	-535.538	140.1668	1.834097	0.8202733
29994	-405.5722	-545.6252	140.053	1.957254	0.8080908
30000	-408.1768	-548.3693	140.1925	1.786465	0.8476295
30006	-418.19	-558.3004	140.1104	1.459664	1.243837
30012	-405.1571	-545.2505	140.0934	1.476629	1.243837
30018	-401.1765	-541.0847	139.9082	1.353144	1.4877
30024	-411.2345	-550.7697	139.5352	1.365094	1.749187
30030	-411.5949	-551.1367	139.5418	1.118459	1.914341
30036	-409.0418	-548.1011	139.0593	1.403051	2.046708
30042	-418.0365	-556.8934	138.8568	1.094312	2.377148
30048	-426.2882	-565.5809	139.2927	1.090405	2.098919
30054	-414.8478	-553.3575	138.5097	1.164824	2.550713
30060	-412.3703	-551.9268	139.5566	1.368357	1.731934
30066	-409.0576	-549.0405	139.9829	1.388668	1.403437
30072	-416.2323	-556.3674	140.1351	1.395577	1.276496
30078	-412.3448	-552.397	140.0521	1.569103	1.200529
30084	-416.0066	-555.5655	139.559	1.480561	1.650574
30090	-406.2045	-546.0826	139.8781	1.684002	1.250479
30096	-407.9206	-547.9492	140.0286	1.533482	1.250479
30102	-403.5132	-543.6189	140.1058	1.879129	0.8403298
30108	-402.6155	-542.9636	140.3481	1.763754	0.6431612
30114	-395.8777	-536.0586	140.181	1.556484	1.097606
30120	-398.081	-537.8897	139.8088	1.531262	1.427846
30126	-406.3053	-546.6674	140.3621	1.449358	1.027727
30132	-408.1778	-548.4193	140.2415	1.718821	0.8699666
30138	-407.3509	-547.5012	140.1503	1.989776	0.55822
30144	-406.2698	-546.424	140.1541	1.96272	0.6315971
30150	-406.758	-546.7239	139.9659	2.156115	0.6187365
30156	-406.7433	-546.7327	139.9894	2.156115	0.5213451
30162	-418.2493	-558.3133	140.064	2.025969	0.6872608
30168	-409.6944	-549.8045	140.1102	2.025969	0.5750568
30174	-404.1618	-544.2733	140.1115	2.010944	0.6176057
30180	-402.3732	-542.4642	140.091	2.018562	0.6482144
30186	-410.3189	-550.6186	140.2997	1.740367	0.7673305
30192	-415.3956	-555.5136	140.118	1.507262	1.197071
30198	-409.4244	-549.5054	140.081	1.579237	1.166786
30204	-412.7984	-552.553	139.7546	1.5221	1.476105
30210	-405.9071	-545.8669	139.9598	2.180644	0.4474138
30216	-395.5653	-535.5082	139.943	2.180644	0.4007048
30222	-396.7784	-536.8336	140.0552	2.084366	0.4440114
30228	-398.183	-538.2077	140.0248	2.116476	0.5524658
30234	-404.3986	-544.463	140.0644	2.068805	0.4231919
30240	-406.0056	-546.4266	140.421	1.643826	0.7300069
30246	-409.1722	-549.5698	140.3976	1.608728	0.8131999
30252	-402.943	-543.2144	140.2714	1.773206	0.7607161
30258	-399.7908	-539.9509	140.1601	1.676515	1.002961
30264	-413.306	-553.4188	140.1128	1.678161	1.047449
30270	-409.3962	-549.5665	140.1703	1.578618	1.087059
30276	-414.5867	-554.1	139.5133	1.338702	1.782863
30282	-408.0242	-547.9612	139.937	1.397411	1.432162
30288	-408.7701	-549.1504	140.3803	1.292377	1.155843
30294	-411.741	-551.7941	140.0531	1.601474	1.171696
30300	-406.5339	-546.7519	140.218	1.386132	1.215136
30306	-407.6603	-547.9381	140.2778	1.454254	1.102546
30312	-405.2032	-545.308	140.1048	1.497046	1.217074
30318	-402.8314	-542.9822	140.1508	1.514356	1.162443
30324	-401.5722	-540.8539	139.2817	1.259955	1.994026
30330	-396.0276	-535.3996	139.372	1.26054	1.933055
30336	-395.686	-535.4082	139.7222	1.57756	1.458629
30342	-402.5316	-542.798	140.2664	1.517603	1.054123
30348	-402.8321	-542.6217	139.7896	1.27652	1.631441
30354	-399.9331	-539.6958	139.7628	1.141942	1.74612
30360	-400.9101	-540.3488	139.4387	1.141942	1.967949
30366	-412.9805	-552.1267	139.1462	1.168702	2.143564
30372	-415.1112	-554.9763	139.8651	1.281215	1.573175
30378	-410.1569	-548.3661	138.2092	1.035164	2.81511
30384	-414.5946	-553.7712	139.1766	0.9626163	2.257253
30390	-419.76	-558.8872	139.1272	1.182746	2.146784
30396	-409.3352	-549.3411	140.006	1.23793	1.500835
30402	-406.4314	-546.7261	140.2947	1.637664	0.9020062
30408	-407.2039	-547.4813	140.2774	1.637664	0.921163
30414	-405.2758	-545.6297	140.3539	1.671837	0.7873537
30420	-401.8827	-542.1005	140.2178	1.803211	0.7937623
30426	-401.6889	-541.8935	140.2046	1.908471	0.6403168
30432	-407.4075	-547.6041	140.1966	1.490612	1.142989
30438	-405.5943	-545.6878	140.0935	1.572138	1.162041
30444	-404.7038	-545.0118	140.308	1.565769	0.9651686
30450	-406.7991	-547.0997	140.3005	1.659469	0.8703361
30456	-420.2832	-560.4458	140.1626	1.883044	0.7592099
30462	-415.0161	-555.3144	140.2983	1.826405	0.6115443
30468	-415.9182	-556.1653	140.2471	1.728981	0.8511271
30474	-405.1629	-545.3602	140.1974	1.877183	0.7141962
30480	-406.2404	-546.3551	140.1147	2.030494	0.5245374
30486	-410.2554	-550.4227	140.1673	1.970375	0.5687811
30492	-419.1482	-558.536	139.3879	1.473544	1.776354
30498	-409.0483	-549.0336	139.9853	1.424981	1.373224
30504	-403.1399	-543.3908	140.2509	1.841616	0.6825489
30510	-406.0435	-546.3051	140.2617	1.870128	0.5903612
30516	-408.4642	-548.6947	140.2305	1.912986	0.5392934
30522	-415.6417	-555.9772	140.3355	1.767685	0.6618025
30528	-413.6086	-553.7494	140.1408	1.618468	1.077455
30534	-416.5983	-556.6713	140.073	1.573802	1.178496
30540	-419.8543	-559.8416	139.9873	2.003261	0.8333123
30546	-411.7373	-551.9757	140.2384	1.658752	0.9405885
30552	-415.9113	-555.3869	139.4756	1.397784	1.76799
30558	-430.2652	-569.9398	139.6746	1.198786	1.76799
30564	-431.2505	-570.6801	139.4296	1.426613	1.779955
30570	-414.4817	-554.5336	140.0519	1.586231	1.186022
30576	-420.0037	-559.8583	139.8546	1.604211	1.334712
30582	-418.5386	-558.4911	139.9525	1.508066	1.333326
30588	-415.8185	-555.919	140.1005	1.659425	1.076847
30594	-411.5169	-551.3325	139.8156	1.295932	1.598537
30600	-415.5289	-555.5438	140.0149	1.350143	1.408531
30606	-412.5009	-552.53	140.0291	1.565275	1.223372
30612	-416.0524	-556.2483	140.1959	1.693072	0.9492363
30618	-410.6155	-550.7927	140.1772	1.85674	0.7760187
30624	-409.8961	-549.1013	139.2052	1.079434	2.16325
30630	-407.4342	-547.1184	139.6842	1.026999	1.879751
30636	-401.533	-540.718	139.185	1.104483	2.160122
30642	-410.0288	-549.4669	139.4381	1.117997	1.984369
30648	-413.6602	-553.046	139.3859	1.179852	1.977947
30654	-415.5421	-555.2538	139.7117	1.250518	1.705649
30660	-422.301	-559.5927	137.2917	0.8166816	3.490617
30666	-424.0045	-562.067	138.0624	0.9035832	2.983265
30672	-410.8886	-550.9597	140.0712	1.47799	1.261244
30678	-407.7349	-547.895	140.16	1.741302	0.9360619
30684	-409.7672	-549.8518	140.0846	1.888232	0.8550502
30690	-408.5138	-548.4182	139.9044	1.43184	1.430747
30696	-411.3581	-551.0043	139.6462	1.797987	1.346375
30702	-405.2741	-544.5792	139.305	1.434158	1.860627
30708	-409.0586	-548.5172	139.4586	1.247495	1.883189
30714	-417.8955	-557.8068	139.9113	1.530213	1.348478
30720	-414.2247	-554.4764	140.2516	1.570668	1.017114
30726	-410.0012	-550.2095	140.2083	1.47116	1.149873
30732	-412.9944	-552.7995	139.8051	1.8352	1.184153
30738	-415.2175	-555.3954	140.1778	1.856891	0.7748725
30744	-416.7101	-556.9582	140.2482	1.786567	0.7748725
30750	-419.6823	-559.8366	140.1543	1.86421	0.797135
30756	-412.8572	-553.0657	140.2085	1.859579	0.7247886
30762	-416.1839	-556.3411	140.1572	1.988278	0.521376
30768	-414.7421	-554.6896	139.9475	2.194159	0.4530399
30774	-416.7073	-556.4896	139.7822	2.303288	0.3452233
30780	-409.96	-549.6657	139.7056	2.374774	0.3396671
30786	-411.3119	-550.8299	139.518	2.476504	0.2725376
30792	-406.3398	-545.9613	139.6215	2.374537	0.2734439
30798	-396.8128	-536.3977	139.5849	2.399851	0.2668451
30804	-407.9427	-547.8867	139.944	2.154998	0.3614358
30810	-403.027	-543.048	140.0211	2.123706	0.5290916
30816	-402.8656	-542.635	139.7694	2.345964	0.385518
30822	-413.8619	-552.9965	139.1345	2.753618	0.2210793
30828	-420.9709	-560.1134	139.1424	2.656909	0.1901666
30834	-412.9323	-551.8624	138.9301	2.947808	0.217084
30840	-403.5889	-543.4703	139.8814	2.264972	0.4946763
30846	-406.314	-546.2746	139.9606	2.179226	0.4447141
30852	-413.6997	-553.7839	140.0842	1.917234	0.819556
30858	-413.6084	-553.1006	139.4922	1.815135	1.452908
30864	-411.2268	-551.0776	139.8508	1.482926	1.432674
30870	-411.8809	-551.4667	139.5858	1.434084	1.664604
30876	-407.3225	-547.5977	140.2753	1.67052	0.886837
30882	-405.6004	-545.7829	140.1824	1.879275	0.7349548
30888	-411.8112	-552.0596	140.2484	1.682283	0.9038681
30894	-407.2166	-547.3465	140.1299	1.636879	1.070437
30900	-408.1064	-548.4592	140.3528	1.636879	0.8344715
30906	-407.5089	-547.6694	140.1605	1.953627	0.6380853
30912	-411.8249	-552.0378	140.2129	1.833605	0.7579537
30918	-408.6983	-548.9786	140.2803	1.63044	0.9259313
30924	-405.8697	-545.9896	140.1199	1.865834	0.8392784
30930	-405.9763	-546.2478	140.2715	1.849416	0.6216107
30936	-412.9224	-553.0734	140.151	1.599784	1.085283
30942	-410.5189	-550.5806	140.0617	1.956762	0.7972214
30948	-412.0231	-552.3632	140.3401	1.6784	0.7972214
30954	-406.0365	-546.1715	140.1349	1.962543	0.6730849
30960	-415.3153	-555.6796	140.3643	1.733186	0.6730849
30966	-416.4544	-556.4874	140.033	2.093658	0.6060602
30972	-409.5898	-549.2813	139.6916	1.471431	1.560893
30978	-410.714	-550.895	140.1811	1.525384	1.125785
30984	-407.6977	-547.1968	139.4991	1.323329	1.803383
30990	-403.8021	-544.1857	140.3836	1.535556	0.9167476
30996	-410.0618	-550.4269	140.3651	1.496084	0.9780754
31002	-403.9522	-544.1778	140.2256	1.673985	0.9379168
31008	-401.3336	-541.5238	140.1901	1.61455	1.034271
31014	-400.7994	-540.8814	140.082	1.713925	1.042724
31020	-413.1732	-553.408	140.2348	1.553611	1.04989
31026	-420.8197	-561.0958	140.2761	1.764133	0.7669963
31032	-409.4129	-549.5937	140.1808	1.563986	1.090893
31038	-405.8315	-545.9586	140.1271	1.675208	1.036573
31044	-412.1511	-552.3395	140.1884	1.613932	1.036573
31050	-406.739	-546.8922	140.1533	1.678484	1.00776
31056	-408.646	-548.79	140.1439	1.986858	0.5936375
31062	-412.2425	-552.3003	140.0577	2.08864	0.4970902
31068	-412.9258	-552.9581	140.0323	1.964986	0.8248242
31074	-414.5877	-554.9519	140.3642	1.723863	0.6907421
31080	-405.4388	-545.6186	140.1798	1.835902	0.8009311
31086	-398.877	-538.9781	140.1012	1.549403	1.175201
31092	-408.1836	-548.3017	140.118	1.509086	1.195481
31098	-411.8276	-551.8827	140.0552	1.55346	1.211302
31104	-414.3332	-553.7539	139.4207	1.362631	1.830359
31110	-413.3656	-553.4647	140.0991	1.316831	1.368766
31116	-406.2254	-545.7938	139.5685	1.335412	1.746697
31122	-440.6273	-580.6633	140.036	1.715716	1.084451
31128	-431.5062	-571.4602	139.954	1.691448	1.179682
31134	-437.4072	-576.4803	139.0731	1.077557	2.249878
31140	-421.327	-561.2185	139.8915	1.442822	1.432205
31146	-420.3541	-560.4021	140.048	1.442822	1.308997
31152	-414.4497	-554.6012	140.1515	1.438213	1.227316
31158	-414.8557	-555.0553	140.1996	1.820256	0.7953428
31164	-407.4884	-547.5847	140.0962	1.817292	0.9228977
31170	-410.9559	-550.9573	140.0014	1.762652	1.072972
31176	-420.776	-560.8885	140.1125	1.552182	1.162861
31182	-415.4635	-555.6376	140.1741	1.526391	1.131103
31188	-409.4458	-549.7846	140.3388	1.734572	0.7161587
31194	-402.5091	-542.7618	140.2527	1.734572	0.837394
31200	-403.5298	-543.7463	140.2165	1.699228	0.9204912
31206	-407.559	-547.7589	140.1999	1.71696	0.9191886
31212	-398.1137	-538.4348	140.3212	1.767991	0.6887282
31218	-412.0396	-552.2732	140.2337	1.909565	0.540914
31224	-402.589	-542.8849	140.2959	1.814132	0.6472729
31230	-404.5069	-544.9516	140.4447	1.546142	0.8330076
31236	-404.6871	-545.0016	140.3145	1.558126	0.9663454
31242	-406.6927	-546.8654	140.1728	1.762986	0.8982362
31248	-408.5395	-548.9674	140.4279	1.602367	0.7810994
31254	-406.6827	-546.6387	139.956	1.360094	1.446227
31260	-409.0787	-548.901	139.8223	1.076852	1.750019
31266	-407.1502	-547.3345	140.1843	1.389107	1.241037
31272	-404.436	-544.7178	140.2818	1.639851	0.9139777
31278	-409.7615	-549.9802	140.2188	1.78773	0.8130345
31284	-416.7564	-556.9804	140.224	1.550404	1.063241
31290	-418.5066	-558.4876	139.9811	1.517799	1.302463
31296	-419.1775	-559.4148	140.2372	1.488424	1.10842
31302	-420.1195	-559.9618	139.8423	1.441801	1.470537
31308	-417.9716	-558.345	140.3734	1.563655	0.8968071
31314	-413.5151	-553.6374	140.1224	2.018271	0.5555774
31320	-417.9651	-558.2904	140.3253	1.730552	0.7440222
31326	-431.7516	-571.9698	140.2182	1.804105	0.7920279
31332	-414.8114	-554.7744	139.963	2.183031	0.4862912
31338	-413.9921	-554.0314	140.0392	2.090775	0.5961061
31344	-411.3854	-551.5345	140.1491	1.887617	0.7720675
31350	-415.5617	-555.3966	139.8349	1.994975	1.009571
31356	-417.8546	-557.8733	140.0186	1.811284	1.009571
31362	-417.1551	-557.3689	140.2138	1.847902	0.7349709
31368	-418.5715	-558.4751	139.9037	2.242642	0.493649
31374	-419.6907	-559.8877	140.197	1.918986	0.6335431
31380	-422.1694	-562.3374	140.168	1.837961	0.8137826
31386	-418.284	-558.4976	140.2136	1.834465	0.7555817
31392	-416.8332	-556.9688	140.1356	1.578344	1.119036
31398	-423.0771	-563.1854	140.1083	1.747018	0.9840743
31404	-413.6948	-553.6199	139.9252	1.721942	1.178209
31410	-407.9861	-548.0504	140.0643	2.081675	0.5145181
31416	-414.3311	-554.6004	140.2693	1.828843	0.671824
31422	-408.6649	-548.8202	140.1553	1.874226	0.7821284
31428	-415.105	-554.9512	139.8462	1.351786	1.535058
31434	-415.4184	-554.1386	138.7202	1.381443	2.281305
31440	-412.7542	-551.8985	139.1443	1.14878	2.157745
31446	-417.559	-556.7266	139.1676	1.166537	2.130991
31452	-412.0359	-550.7939	138.758	1.341676	2.282583
31458	-408.3847	-546.9839	138.5992	1.068642	2.55486
31464	-409.7662	-548.9922	139.226	1.387839	1.945655
31470	-411.2267	-551.0779	139.8512	1.203846	1.639383
31476	-412.036	-552.2528	140.2169	1.279816	1.304236
31482	-413.5309	-553.7063	140.1754	1.671307	0.9928146
31488	-408.5027	-548.817	140.3143	1.596805	0.925472
31494	-411.7786	-551.9285	140.1498	1.621384	1.066228
31500	-425.1531	-565.1975	140.0444	1.928006	0.855558
31506	-413.7405	-553.9162	140.1757	1.887709	0.7321708
31512	-410.207	-550.2781	140.0712	2.053432	0.6117834
31518	-409.7533	-549.625	139.8717	2.274662	0.5040082
31524	-400.252	-540.2787	140.0267	2.117729	0.4692452
31530	-433.3988	-573.4609	140.0621	1.787833	0.9895924
31536	-422.6218	-562.7126	140.0908	1.703877	1.043917
31542	-420.3012	-560.3314	140.0302	1.764529	1.043917
31548	-425.0601	-565.2317	140.1716	1.623046	1.043917
31554	-423.799	-564.0214	140.2224	1.55306	1.06222
31560	-427.0883	-567.2966	140.2083	1.567141	1.06222
31566	-432.3517	-570.954	138.6022	1.404355	2.341965
31572	-409.8554	-549.5326	139.6773	1.295365	1.698261
31578	-416.1968	-556.4448	140.248	1.484707	1.101947
31584	-425.6225	-565.6955	140.073	2.037007	0.647319
31590	-414.2776	-554.5055	140.2279	1.881534	0.6485477
31596	-405.8951	-546.0766	140.1815	1.608873	1.048094
31602	-404.8166	-544.9201	140.1035	1.451689	1.256232
31608	-410.6234	-550.8949	140.2715	1.696289	0.8610819
31614	-415.9728	-555.66	139.6873	2.347536	0.2994329
31620	-408.1468	-547.8597	139.7129	2.40429	0.3886123
31626	-415.762	-555.3378	139.5758	2.417244	0.2716689
31632	-416.4593	-556.4898	140.0306	2.102161	0.4218583
31638	-413.4961	-553.4137	139.9176	2.181083	0.3610185
31644	-419.7873	-559.7752	139.9879	1.737035	1.109102
31650	-404.8309	-545.0836	140.2528	1.488021	1.094533
31656	-413.3178	-553.5379	140.2202	1.520648	1.094533
31662	-415.0667	-555.5565	140.4899	1.41634	0.930833
31668	-418.5123	-558.7974	140.2851	1.646026	0.9034598
31674	-414.4276	-554.7369	140.3093	1.645824	0.8760438
31680	-412.842	-553.0125	140.1704	1.912777	0.6994083
31686	-414.9704	-555.1005	140.1301	1.914321	0.7609338
31692	-412.6766	-552.8273	140.1507	1.893775	0.7609338
31698	-409.5098	-549.7402	140.2304	1.870016	0.6672539
31704	-407.2229	-547.333	140.1101	1.421332	1.275844
31710	-406.152	-545.3827	139.2307	1.300268	2.001148
31716	-408.3442	-547.1564	138.8122	1.108535	2.396374
31722	-411.713	-550.9464	139.2334	1.297503	2.001175
31728	-410.4396	-548.9675	138.5278	1.028722	2.623796
31734	-416.0928	-556.2164	140.1236	1.518535	1.18252
31740	-406.1043	-546.121	140.0167	1.891488	0.928644
31746	-410.0007	-550.1087	140.1081	1.951253	0.7386087
31752	-407.6506	-547.6621	140.0115	1.706744	1.115162
31758	-406.8017	-547.0342	140.2325	1.576181	1.030395
31764	-396.6656	-536.865	140.1993	1.710276	0.9271361
31770	-395.0595	-535.2068	140.1474	1.555044	1.129424
31776	-406.6538	-546.6824	140.0286	1.636187	1.162768
31782	-412.4976	-552.7451	140.2475	1.881806	0.5981907
31788	-410.3357	-550.5011	140.1654	1.967616	0.586228
31794	-407.7668	-547.69	139.9232	2.205337	0.4114242
31800	-408.6204	-548.0462	139.4258	1.575745	1.677701
31806	-406.2378	-546.3131	140.0753	1.522912	1.220137
31812	-420.0132	-560.1153	140.1022	1.929559	0.7791023
31818	-406.0055	-546.1493	140.1438	1.818831	0.8672689
31824	-411.7612	-552.0251	140.2639	1.595788	0.9796676
31830	-416.2318	-555.8037	139.5719	1.760546	1.433681
31836	-415.7153	-554.6964	138.9811	1.366797	2.122005
31842	-412.6589	-552.3954	139.7365	1.419398	1.566089
31848	-398.0482	-537.9958	139.9476	1.360416	1.452352
31854	-407.3382	-547.2475	139.9093	1.286776	1.536488
31860	-404.5512	-544.119	139.5679	1.172192	1.860047
31866	-409.7625	-549.0081	139.2456	1.384183	1.934876
31872	-411.0635	-550.7784	139.7149	2.375747	0.3510857
31878	-415.0693	-554.8859	139.8165	2.220887	0.301408
31884	-409.1648	-549.3992	140.2344	1.865349	0.6686027
31890	-409.0645	-548.783	139.7185	2.425951	0.4697421
31896	-411.1488	-550.951	139.8022	2.279152	0.3406149
31902	-403.7687	-543.9179	140.1493	1.992632	0.5489107
31908	-407.0346	-547.0284	139.9938	2.064965	0.7394705
31914	-404.5996	-544.9221	140.3225	1.649188	0.8564459
31920	-403.6498	-543.745	140.0953	2.024806	0.6235895
31926	-403.2989	-543.4076	140.1087	2.011409	0.6235895
31932	-405.2533	-545.2483	139.9949	2.151366	0.5066996
31938	-412.6956	-552.8946	140.199	1.723189	0.9133522
31944	-414.1107	-554.1385	140.0278	1.831444	0.9800978
31950	-411.46	-551.6343	140.1742	1.921978	0.6755337
31956	-407.8325	-548.077	140.2445	1.7654	0.8085446
31962	-409.3951	-549.7685	140.3734	1.753537	0.6052882
31968	-408.8509	-549.1311	140.2802	1.845516	0.6086187
31974	-416.9128	-557.1592	140.2464	1.803042	0.7536366
31980	-419.9365	-559.996	140.0595	2.009866	0.7226994
31986	-414.6932	-554.9111	140.2179	1.811737	0.7820196
31992	-413.0363	-553.2966	140.2603	1.811737	0.7183374
31998	-410.1638	-550.4717	140.308	1.807208	0.6355908
32004	-405.7562	-545.8377	140.0815	1.748857	1.00912
32010	-406.3247	-546.6673	140.3427	1.541658	0.9541317
32016	-400.8099	-540.9013	140.0915	1.770509	0.9772951
32022	-401.2732	-541.3403	140.0671	1.841743	0.9280248
32028	-408.8744	-548.8972	140.0228	1.662855	1.144404
32034	-408.325	-548.477	140.152	1.381134	1.274437
32040	-405.6448	-545.506	139.8611	1.229535	1.613696
32046	-408.2159	-548.4658	140.2499	1.2895	1.269341
32052	-403.9629	-543.9851	140.0222	1.517176	1.269341
32058	-409.8208	-548.9157	139.0949	1.219236	2.144059
32064	-411.176	-550.0461	138.8701	1.252786	2.26772
32070	-416.8001	-556.9549	140.1549	1.884532	0.7682588
32076	-409.4096	-549.6422	140.2326	1.741394	0.8536649
32082	-415.6492	-555.9412	140.2921	1.780133	0.7180772
32088	-420.3363	-560.5935	140.2572	1.78922	0.7580738
32094	-418.3822	-558.4162	140.034	1.616058	1.175687
32100	-428.3932	-568.5925	140.1992	1.845692	0.7602636
32106	-422.5656	-562.7101	140.1445	1.95805	0.663057
32112	-421.6876	-561.7474	140.0598	2.086437	0.5094034
32118	-436.4341	-576.2284	139.7944	2.338814	0.5857653
32124	-419.5158	-559.5205	140.0047	2.003632	0.810683
32130	-425.9416	-565.1079	139.1662	1.44859	1.944977
32136	-419.5596	-558.7863	139.2266	1.388213	1.944977
32142	-420.9041	-560.6677	139.7636	2.3145	0.3372412
32148	-422.8282	-562.6778	139.8496	2.275877	0.4046301
32154	-417.7282	-557.9819	140.2538	1.86728	0.6211255
32160	-415.4393	-555.622	140.1828	1.807153	0.8341036
32166	-411.3395	-551.3746	140.0351	1.781359	1.022844
32172	-425.3667	-565.4531	140.0865	1.724311	1.028355
32178	-417.8173	-558.0231	140.2058	1.724311	0.9045227
32184	-410.6081	-550.7481	140.1399	1.724311	0.9749922
32190	-412.4029	-552.6015	140.1986	1.426055	1.197593
32196	-414.0097	-554.2536	140.2438	1.733434	0.8497317
32202	-406.9212	-547.0773	140.1562	1.81652	0.8552271
32208	-409.3163	-549.542	140.2257	1.761157	0.8379112
32214	-407.7808	-547.8449	140.0641	1.957671	0.7927705
32220	-403.1087	-543.2554	140.1467	1.733526	0.9583745
32226	-407.6444	-547.8071	140.1627	1.327294	1.309689
32232	-403.5866	-543.6709	140.0843	1.423278	1.295419
32238	-407.1643	-547.4929	140.3286	1.681905	0.8078305
32244	-413.4122	-553.9406	140.5284	1.495679	0.7895923
32250	-404.0533	-544.1165	140.0633	1.757882	1.018223
32256	-414.9955	-555.0778	140.0823	1.738808	1.018223
32262	-410.5126	-550.5976	140.085	1.855155	0.8932696
32268	-412.9639	-553.0032	140.0393	1.987759	0.7855514
32274	-406.8526	-546.7773	139.9247	1.432788	1.414361
32280	-405.9724	-545.6434	139.671	1.499981	1.555019
32286	-411.9432	-552.0034	140.0603	1.664587	1.109135
32292	-423.0317	-563.1608	140.129	1.880207	0.8094414
32298	-412.6049	-552.8406	140.2357	1.757243	0.8303038
32304	-414.0582	-553.459	139.4008	1.490365	1.755602
32310	-415.2459	-555.1567	139.9107	1.605265	1.288506
32316	-405.839	-545.7117	139.8728	1.311764	1.545029
32322	-422.1112	-561.5384	139.4272	2.634686	0.3216233
32328	-418.5189	-558.3035	139.7846	2.351489	0.4315636
32334	-409.0242	-548.9453	139.9211	2.173327	0.6789203
32340	-406.3592	-546.3185	139.9593	2.187084	0.5042179
32346	-407.4071	-547.2264	139.8193	2.227845	0.7569637
32352	-406.1064	-545.997	139.8906	2.221404	0.3801196
32358	-410.7567	-550.5198	139.7631	1.679708	1.347452
32364	-413.4988	-553.2487	139.7498	1.374263	1.589397
32370	-426.179	-566.2918	140.1127	1.598994	1.121026
32376	-418.4828	-557.7925	139.3097	1.193972	2.01933
32382	-412.5597	-552.5431	139.9835	1.79997	1.054646
32388	-402.0152	-542.0488	140.0335	1.825991	0.9797927
32394	-405.1183	-545.1787	140.0604	1.934744	0.8275401
32400	-402.4936	-542.6298	140.1362	1.659336	1.043083
32406	-400.2034	-540.2827	140.0792	1.661744	1.094376
32412	-403.2861	-543.3967	140.1106	1.630405	1.094376
32418	-414.7229	-554.8778	140.1549	1.911914	0.7267993
32424	-415.1226	-555.5149	140.3924	1.741924	0.5818576
32430	-408.8767	-548.9814	140.1047	2.027106	0.5904123
32436	-412.7894	-552.8588	140.0694	2.050834	0.6233085
32442	-415.6816	-553.9892	138.3076	1.167734	2.673857
32448	-426.372	-565.8501	139.4781	1.596387	1.62539
32454	-413.8324	-553.5497	139.7173	1.534255	1.495071
32460	-416.8375	-556.61	139.7725	1.312758	1.617642
32466	-402.9289	-542.8761	139.9472	1.708103	1.171069
32472	-407.6908	-547.8138	140.123	1.819874	0.8901832
32478	-421.0321	-561.1439	140.1118	1.955912	0.7254526
32484	-425.5718	-565.6934	140.1215	2.015036	0.5733333
32490	-422.896	-562.918	140.022	1.930642	0.8789096
32496	-412.3968	-552.5446	140.1477	1.804933	0.8789096
32502	-411.5043	-551.7713	140.267	1.68048	0.8848952
32508	-412.3303	-552.4461	140.1158	1.463835	1.2358
32514	-406.114	-546.0998	139.9859	1.736638	1.11126
32520	-401.6452	-541.798	140.1528	1.974319	0.6046871
32526	-402.3338	-542.4534	140.1196	1.90535	0.7884319
32532	-409.5703	-549.7668	140.1965	1.827818	0.7893069
32538	-411.9192	-552.021	140.1018	1.827818	0.9051692
32544	-411.939	-551.982	140.0429	1.701268	1.091427
32550	-403.9753	-544.0302	140.0549	2.039338	0.6792543
32556	-408.9189	-549.0116	140.0926	2.043376	0.4314008
32562	-412.774	-553.0564	140.2824	1.729328	0.8062457
32568	-409.6373	-549.6032	139.9659	1.776058	1.093427
32574	-400.178	-540.5422	140.3643	1.708616	0.7169803
32580	-420.9355	-560.7442	139.8087	2.336308	0.5266339
32586	-415.5332	-555.4664	139.9332	2.207073	0.4468672
32592	-410.0904	-550.2057	140.1153	2.030882	0.5104692
32598	-406.2442	-546.2424	139.9982	2.148154	0.4991702
32604	-415.2357	-555.2951	140.0594	2.024446	0.6983147
32610	-416.1891	-556.6012	140.4121	1.641714	0.7470565
32616	-414.9189	-555.0398	140.1208	1.892822	0.8036589
32622	-411.9297	-551.8487	139.919	2.226105	0.4746635
32628	-403.2864	-543.2698	139.9834	2.162751	0.4885627
32634	-408.8236	-548.8961	140.0726	2.064612	0.5709491
32640	-402.3519	-542.4168	140.0649	2.032683	0.6728765
32646	-407.6903	-547.7772	140.0869	1.83833	0.9100109
32652	-413.6929	-553.2672	139.5743	2.363659	0.2425596
32658	-406.3963	-545.4107	139.0144	2.766411	0.1846154
32664	-412.4891	-552.6119	140.1228	1.773991	0.9408977
32670	-414.5283	-554.6915	140.1631	1.699231	0.9768903
32676	-414.5714	-554.8676	140.2962	1.697124	0.8298374
32682	-412.8212	-551.6588	138.8376	2.883662	0.1683744
32688	-409.963	-548.6532	138.6902	2.886474	0.1367906
32694	-409.2545	-549.5109	140.2565	1.833228	0.6878039
32700	-407.5712	-546.0157	138.4445	3.012742	0.1165926
32706	-404.1135	-542.7805	138.667	2.864955	0.1287124
32712	-407.8268	-546.8904	139.0635	2.751133	0.1949579
32718	-400.5248	-539.6248	139.1	2.751133	0.2072317
32724	-404.6691	-544.0167	139.3476	2.503521	0.2072317
32730	-404.0409	-543.7585	139.7176	2.327767	0.3075711
32736	-400.2863	-540.0695	139.7832	2.327767	0.3784644
32742	-407.5755	-546.9064	139.3309	2.679218	0.2822814
32748	-399.6452	-539.1768	139.5315	2.502539	0.2988956
32754	-413.0306	-552.3194	139.2889	1.302432	1.960793
32760	-416.1403	-555.6882	139.5479	1.265552	1.809573
32766	-423.4516	-563.0371	139.5855	1.501822	1.616095
32772	-410.1619	-550.3355	140.1736	1.542071	1.117509
32778	-406.1315	-546.1466	140.0151	1.65523	1.157879
32784	-416.9683	-556.9693	140.001	1.531561	1.274938
32790	-411.4278	-551.4772	140.0494	1.416421	1.329132
32796	-418.2699	-557.5754	139.3055	1.175011	2.034712
32802	-411.9877	-551.0523	139.0646	1.12287	2.226195
32808	-419.5171	-558.2562	138.7391	1.203052	2.382836
32814	-411.062	-550.544	139.482	2.544005	0.2930315
32820	-405.0497	-544.3535	139.3038	2.555858	0.2102731
32826	-395.5675	-534.9197	139.3522	2.555858	0.2292353
32832	-401.4984	-540.8395	139.3411	2.585381	0.237294
32838	-402.8355	-542.4529	139.6174	2.367023	0.2666324
32844	-411.3602	-550.8632	139.503	2.481424	0.2666324
32850	-411.8861	-551.76	139.8739	1.218232	1.612612
32856	-409.7942	-549.8713	140.0772	1.7575	1.004872
32862	-403.2339	-543.2957	140.0618	1.397908	1.334009
32868	-405.6842	-545.929	140.2448	1.746313	0.8326763
32874	-416.3042	-556.5988	140.2946	1.828446	0.6158767
32880	-409.7763	-549.8295	140.0532	2.091697	0.4729784
32886	-403.3153	-543.37	140.0547	2.091697	0.4995821
32892	-408.435	-548.2828	139.8478	2.271298	0.3920782
32898	-407.6591	-547.5116	139.8526	2.271298	0.4012925
32904	-412.2128	-551.9926	139.7797	2.354171	0.4251135
32910	-420.2151	-560.0099	139.7948	2.263094	0.3180253
32916	-405.277	-545.1747	139.8977	2.213831	0.3792745
32922	-403.9997	-544.3301	140.3304	1.789548	0.6240751
32928	-407.6609	-547.5728	139.9119	1.80592	1.1155
32934	-402.1696	-542.38	140.2104	1.706912	0.9187496
32940	-400.2097	-540.2786	140.0688	1.766021	1.00469
32946	-407.6001	-547.6641	140.064	1.926228	0.8337625
32952	-408.1484	-548.1181	139.9698	1.789157	1.077727
32958	-410.2033	-550.4699	140.2666	1.545713	1.026878
32964	-414.8644	-554.7131	139.8486	1.963667	1.026878
32970	-404.361	-544.3368	139.9758	1.668515	1.180662
32976	-413.2003	-553.018	139.8176	1.627106	1.345939
32982	-408.2358	-548.4508	140.215	1.701834	0.9193121
32988	-414.9308	-555.1787	140.2479	1.89773	0.5198411
32994	-424.002	-562.5127	138.5107	1.021509	2.638844
33000	-424.5303	-564.6167	140.0864	1.475348	1.250753
33006	-425.8261	-565.736	139.9099	1.710853	1.200945
33012	-423.0371	-563.2459	140.2087	1.891199	0.6682815
33018	-416.1978	-556.3885	140.1907	1.950472	0.5528054
33024	-417.7443	-557.7465	140.0022	1.840389	0.9969843
33030	-409.7817	-549.9259	140.1442	1.963413	0.6524145
33036	-412.8411	-552.8387	139.9976	2.146015	0.4634587
33042	-410.712	-550.6733	139.9613	2.185	0.4940835
33048	-410.6468	-550.5763	139.9295	2.206626	0.4316301
33054	-407.7221	-547.7526	140.0305	1.453221	1.314758
33060	-408.9679	-549.0354	140.0674	1.602457	1.158308
33066	-403.6205	-543.5954	139.9749	1.211128	1.543945
33072	-403.6763	-543.56	139.8837	1.287531	1.554826
33078	-404.7159	-544.5524	139.8365	1.334766	1.554826
33084	-405.3089	-545.0758	139.7669	1.444741	1.524919
33090	-404.9294	-544.9744	140.045	1.384812	1.357762
33096	-410.7477	-550.6849	139.9372	1.390982	1.436954
33102	-408.4385	-548.5764	140.1379	1.779367	0.9187701
33108	-397.4588	-537.719	140.2601	1.850198	0.6465427
33114	-407.2418	-547.379	140.1372	1.822778	0.8703714
33120	-408.5198	-548.7236	140.2038	1.697168	0.9364577
33126	-425.1203	-565.2555	140.1352	1.368011	1.298964
33132	-415.4364	-555.5966	140.1602	1.903073	0.7324339
33138	-413.1154	-553.3843	140.2688	1.585447	0.98516
33144	-402.7663	-542.5089	139.7427	1.603948	1.422774
33150	-409.4104	-549.5959	140.1855	1.818608	0.8161014
33156	-411.5954	-551.6197	140.0244	1.933333	0.8730204
33162	-407.0358	-547.0873	140.0515	2.077655	0.4129201
33168	-411.0226	-551.0796	140.057	2.072174	0.4129201
33174	-426.3051	-566.3512	140.0461	1.969925	0.8005159
33180	-425.55	-565.5506	140.0006	2.099085	0.668683
33186	-415.085	-554.8568	139.7718	2.366983	0.5643856
33192	-413.6006	-553.4276	139.8271	2.319312	0.5029603
33198	-412.9137	-553.0002	140.0864	1.917847	0.8159234
33204	-422.1811	-561.4788	139.2978	1.363665	1.913509
33210	-415.6256	-554.7394	139.1138	1.252853	2.109748
33216	-429.7565	-569.0861	139.3296	1.302278	1.933507
33222	-421.9497	-562.0049	140.0552	1.731646	1.051463
33228	-418.3591	-558.5381	140.1789	1.60785	1.051463
33234	-425.4896	-565.5737	140.0842	2.024624	0.6499625
33240	-413.782	-553.8693	140.0873	1.946691	0.7758646
33246	-416.9225	-557.0521	140.1295	1.88405	0.8037732
33252	-408.8025	-548.7469	139.9445	1.570177	1.289637
33258	-412.9478	-553.2481	140.3004	1.450585	1.085154
33264	-410.6721	-550.3543	139.6822	1.62568	1.452448
33270	-415.6798	-555.8152	140.1355	1.466815	1.216693
33276	-410.3956	-550.5125	140.117	1.944494	0.7353274
33282	-410.3761	-550.3724	139.9963	2.148833	0.5260238
33288	-409.0122	-548.986	139.9737	2.168444	0.4554144
33294	-406.0428	-545.9503	139.9075	2.234683	0.4554144
33300	-409.8515	-549.7782	139.9267	2.210031	0.4337612
33306	-413.8063	-553.7138	139.9075	2.229306	0.4337612
33312	-421.7416	-561.7897	140.048	2.093065	0.5531736
33318	-426.6535	-566.4726	139.8191	2.281868	0.3640574
33324	-418.4716	-558.1203	139.6487	2.439735	0.3484822
33330	-413.6805	-553.5947	139.9143	2.227415	0.4529434
33336	-422.1394	-562.2442	140.1048	2.039013	0.4651598
33342	-423.4885	-563.587	140.0986	2.039013	0.5693787
33348	-419.3645	-559.3622	139.9977	1.880129	0.9609252
33354	-416.9303	-556.9471	140.0168	1.80014	1.022322
33360	-416.8384	-556.789	139.9506	1.502648	1.339192
33366	-425.7209	-565.3511	139.6302	1.687871	1.44471
33372	-417.1836	-557.3649	140.1813	1.846357	0.7847053
33378	-422.952	-562.8584	139.9064	1.833244	1.095554
33384	-415.3287	-555.3533	140.0245	1.611606	1.187725
33390	-420.8387	-560.8999	140.0612	1.574901	1.187725
33396	-417.0453	-557.1721	140.1268	1.579421	1.125995
33402	-413.4362	-552.179	138.7429	1.183678	2.392721
33408	-409.297	-549.0627	139.7657	1.216113	1.691743
33414	-405.03	-545.096	140.0661	1.760861	1.012547
33420	-407.7638	-547.8674	140.1036	1.621098	1.109307
33426	-404.1582	-544.343	140.1848	1.481139	1.161811
33432	-411.9503	-552.0918	140.1415	1.967728	0.6489103
33438	-415.5914	-555.6773	140.0859	1.972627	0.73987
33444	-415.5788	-554.666	139.0873	1.269444	2.116242
33450	-409.6075	-549.7447	140.1373	1.546025	1.146453
33456	-421.2415	-561.3171	140.0756	1.465759	1.267684
33462	-412.3109	-552.0661	139.7552	1.514006	1.481806
33468	-420.9136	-560.8707	139.9571	1.13114	1.615459
33474	-417.0011	-556.5021	139.501	1.518452	1.664915
33480	-424.2397	-564.2605	140.0208	2.119009	0.5595055
33486	-421.1794	-561.2266	140.0472	2.097949	0.4754544
33492	-420.9721	-561.086	140.114	1.999272	0.6399857
33498	-417.0186	-557.0918	140.0732	1.98541	0.7397526
33504	-414.264	-554.2308	139.9668	1.963412	0.9044453
33510	-417.5174	-557.404	139.8866	2.254469	0.5532807
33516	-413.1671	-553.304	140.1369	1.976746	0.6391218
33522	-419.9003	-559.5405	139.6402	1.288637	1.729197
33528	-421.7823	-561.1561	139.3738	1.555007	1.729197
33534	-418.9997	-559.3181	140.3184	1.685394	0.8165473
33540	-413.4798	-553.3541	139.8743	1.945779	1.019305
33546	-408.4838	-548.6484	140.1647	1.957445	0.6184316
33552	-415.4456	-555.7624	140.3167	1.766945	0.6985672
33558	-421.0442	-561.2183	140.1742	1.931637	0.6563283
33564	-422.9928	-563.3231	140.3303	1.794299	0.6116875
33570	-418.7558	-559.0333	140.2775	1.847086	0.6116875
33576	-421.2154	-561.4986	140.2832	1.683162	0.8627976
33582	-408.8073	-549.04	140.2327	1.81075	0.7624506
33588	-401.8507	-542.0639	140.2132	1.875	0.6904592
33594	-404.9209	-545.132	140.2111	1.931167	0.5465514
33600	-401.0371	-541.0252	139.9881	2.154232	0.5465514
33606	-398.7275	-538.7156	139.9881	2.154232	0.5465514
33612	-406.085	-546.0851	140.0001	2.143361	0.4627714
33618	-413.331	-553.3963	140.0653	2.074012	0.5618389
33624	-408.2003	-548.3938	140.1935	1.921193	0.6365875
33630	-407.7935	-548.008	140.2145	1.793589	0.8110056
33636	-414.9427	-554.938	139.9952	1.780235	1.062207
33642	-416.6434	-556.5819	139.9385	1.213078	1.569315
33648	-409.8603	-548.6831	138.8228	1.033959	2.436705
33654	-421.3269	-560.1677	138.8409	1.015911	2.436705
33660	-427.3904	-567.6407	140.2503	1.69465	0.8877823
33666	-416.8474	-556.9856	140.1382	1.462606	1.217983
33672	-413.5556	-553.47	139.9144	1.327453	1.502338
33678	-415.372	-555.1827	139.8108	1.369929	1.547859
33684	-419.6248	-559.7363	140.1115	1.579364	1.139694
33690	-408.8397	-549.0462	140.2065	1.803167	0.8089389
33696	-410.207	-550.4041	140.1971	1.743498	0.8927806
33702	-413.7134	-553.9329	140.2195	1.743498	0.866745
33708	-407.3355	-547.5739	140.2384	1.846501	0.6963969
33714	-405.8384	-546.0911	140.2527	1.846501	0.6698143
33720	-410.1775	-549.8454	139.6679	1.423977	1.612825
33726	-418.6335	-558.4503	139.8168	1.547918	1.408804
33732	-413.4169	-553.2635	139.8465	1.51815	1.408804
33738	-414.0506	-554.0737	140.0231	1.406328	1.35811
33744	-408.2172	-548.4841	140.2668	1.618617	0.9529513
33750	-411.4609	-551.2639	139.803	1.36979	1.553718
33756	-404.9386	-544.4502	139.5116	1.016567	2.003007
33762	-415.3324	-554.7597	139.4273	1.132211	1.98209
33768	-417.5985	-557.6272	140.0287	1.719335	1.087859
33774	-412.5811	-552.426	139.8449	1.541746	1.39172
33780	-418.4689	-558.6915	140.2227	1.541746	1.072589
33786	-417.7722	-557.9897	140.2175	1.78434	0.8190945
33792	-414.0314	-554.132	140.1005	1.73661	1.002384
33798	-408.096	-548.3847	140.2887	1.779711	0.7242396
33804	-404.8995	-545.1208	140.2213	1.771836	0.8300353
33810	-402.9639	-543.1857	140.2218	1.867157	0.6891134
33816	-408.086	-548.1961	140.1101	2.034893	0.5269027
33822	-410.7954	-551.0318	140.2364	1.855473	0.6836955
33828	-414.1411	-554.1976	140.0565	1.62776	1.145635
33834	-408.6406	-548.8673	140.2266	1.872334	0.6701812
33840	-412.3257	-552.2902	139.9645	2.178737	0.5409914
33846	-411.4653	-551.6123	140.147	1.997195	0.533897
33852	-423.2098	-563.0892	139.8794	2.266485	0.4835422
33858	-419.0329	-559.0347	140.0017	2.133613	0.5780531
33864	-414.3312	-554.2865	139.9553	2.190011	0.5232934
33870	-413.0739	-553.0293	139.9553	2.190011	0.5232934
33876	-409.4583	-549.5641	140.1058	2.02792	0.5838336
33882	-407.2526	-547.1398	139.8872	2.258126	0.4773724
33888	-412.0406	-551.7652	139.7245	2.39131	0.3863628
33894	-412.7051	-552.6461	139.941	2.202054	0.4604165
33900	-414.0757	-553.9893	139.9135	2.22955	0.4604165
33906	-410.9598	-550.7584	139.7986	2.344473	0.4604165
33912	-414.4877	-553.7831	139.2954	2.638122	0.2404899
33918	-414.5138	-553.8658	139.3519	2.650439	0.2773493
33924	-421.4301	-560.7327	139.3026	2.721876	0.2919412
33930	-421.4462	-561.5812	140.135	1.843145	0.8486828
33936	-420.8445	-560.8229	139.9784	2.114096	0.6825809
33942	-422.3706	-562.3909	140.0203	2.124485	0.4722138
33948	-413.8483	-553.8346	139.9863	2.156826	0.4607964
33954	-405.3925	-545.6951	140.3027	1.800248	0.6623006
33960	-404.0627	-544.1678	140.105	1.742173	0.99233
33966	-401.7182	-541.8835	140.1653	1.742173	0.9295059
33972	-409.6707	-549.5889	139.9182	1.76901	1.143032
33978	-404.6615	-544.5032	139.8417	1.604183	1.345016
33984	-400.4138	-540.4287	140.0149	1.566678	1.234185
33990	-402.2488	-542.453	140.2042	1.684518	0.9494573
33996	-408.8888	-548.9585	140.0697	1.7575	1.012253
34002	-421.1619	-561.1624	140.0005	1.769934	1.066932
34008	-418.0438	-557.9284	139.8846	2.150809	0.773864
34014	-414.8327	-554.9571	140.1244	1.993777	0.6283582
34020	-411.8973	-552.1365	140.2392	1.676183	0.9208245
34026	-416.3425	-556.572	140.2295	1.75596	0.8396718
34032	-416.744	-556.7992	140.0551	2.068419	0.6145965
34038	-407.5704	-547.7101	140.1397	2.006327	0.5136094
34044	-408.5564	-548.6773	140.1208	2.025448	0.4930933
34050	-413.2665	-552.9521	139.6857	2.417217	0.3666236
34056	-412.415	-552.068	139.6531	2.427336	0.339642
34062	-407.3682	-546.9741	139.6059	2.422975	0.2951126
34068	-406.5697	-546.3264	139.7567	2.3477	0.3687383
34074	-418.3663	-557.3558	138.9895	2.818546	0.1928594
34080	-411.602	-550.5915	138.9895	2.818546	0.1928594
34086	-412.7507	-551.5946	138.8439	2.827262	0.1563446
34092	-422.7131	-562.8829	140.1698	1.923951	0.6803178
34098	-425.9214	-566.033	140.1116	2.020741	0.420816
34104	-422.8317	-562.9184	140.0867	1.685439	1.06535
34110	-408.5601	-548.3848	139.8247	2.270989	0.3571504
34116	-404.9477	-544.9153	139.9676	2.15243	0.3937521
34122	-403.6119	-543.6909	140.079	2.066858	0.4836208
34128	-401.182	-541.2568	140.0747	2.066858	0.4526047
34134	-399.6965	-539.7667	140.0701	2.066858	0.4345196
34140	-423.8698	-564.0254	140.1556	1.833709	0.8348916
34146	-417.631	-557.7873	140.1563	1.853577	0.8085904
34152	-414.3341	-554.4142	140.0801	2.058136	0.566518
34158	-414.7018	-554.7878	140.0861	2.040763	0.6055572
34164	-408.9208	-548.9879	140.0671	2.079282	0.4991942
34170	-414.8402	-554.8128	139.9726	2.146958	0.3928973
34176	-414.2398	-554.1186	139.8788	2.254709	0.4240443
34182	-407.799	-547.718	139.919	2.221763	0.4487937
34188	-412.6442	-552.8115	140.1673	1.968802	0.5752205
34194	-415.0228	-555.3119	140.2891	1.852103	0.5528715
34200	-415.6631	-555.5854	139.9223	2.070861	0.8300556
34206	-409.9064	-549.8928	139.9865	2.146439	0.5866783
34212	-410.7449	-550.7943	140.0494	2.022974	0.7178519
34218	-407.078	-546.879	139.801	2.26647	0.3266936
34224	-417.7159	-557.5633	139.8474	2.281661	0.4126976
34230	-410.1436	-549.8178	139.6742	2.449616	0.4011943
34236	-423.8136	-563.2395	139.4259	2.69795	0.4011943
34242	-416.0841	-555.4091	139.325	2.640074	0.2560758
34248	-408.1467	-547.1184	138.9717	2.87777	0.206647
34254	-403.8965	-543.3241	139.4276	2.497925	0.2368406
34260	-409.1246	-548.4151	139.2905	2.586035	0.2165725
34266	-414.6206	-553.9932	139.3726	2.586035	0.2527343
34272	-409.1684	-549.0367	139.8683	2.213389	0.3409932
34278	-412.007	-551.9374	139.9304	2.213389	0.4645719
34284	-417.0121	-556.804	139.792	2.305503	0.3594677
34290	-413.0666	-552.4286	139.3619	2.600426	0.254643
34296	-418.0292	-557.6843	139.6551	2.413079	0.3274193
34302	-412.3835	-552.7475	140.364	1.505401	0.9697043
34308	-415.1907	-555.5276	140.337	1.596313	0.9010121
34314	-417.3817	-557.6167	140.235	1.801813	0.7719382
34320	-419.3003	-559.4288	140.1285	1.840721	0.8593655
34326	-411.9612	-552.1709	140.2097	1.933976	0.5381247
34332	-413.4476	-553.6118	140.1642	1.884357	0.7549327
34338	-418.1928	-558.2165	140.0236	1.980341	0.8162745
34344	-424.0074	-564.2907	140.2833	1.840577	0.6136733
34350	-414.9713	-554.841	139.8697	2.256095	0.4051922
34356	-415.4937	-555.4902	139.9965	2.12821	0.403005
34362	-417.7161	-557.767	140.0509	1.79577	0.9928737
34368	-406.2999	-546.6011	140.3012	1.608717	0.9268388
34374	-408.8813	-549.1286	140.2473	1.882836	0.5956489
34380	-418.8575	-559.0738	140.2163	1.882836	0.6697676
34386	-410.8857	-551.1039	140.2182	1.852716	0.7201355
34392	-404.0532	-544.29	140.2368	1.868564	0.6571445
34398	-404.7581	-544.6848	139.9267	2.216898	0.5381788
34404	-401.0435	-541.2822	140.2387	1.870782	0.6483876
34410	-413.6773	-553.7925	140.1152	1.959249	0.7142941
34416	-409.8498	-549.9544	140.1046	2.000913	0.6568685
34422	-410.4511	-550.4006	139.9494	1.593946	1.266014
34428	-405.3689	-545.711	140.342	1.619993	0.8679608
34434	-400.793	-540.9426	140.1496	1.822708	0.8557137
34440	-407.8082	-547.9395	140.1313	1.952106	0.6990249
34446	-404.3554	-544.5681	140.2127	1.923944	0.5731848
34452	-406.6372	-546.5356	139.8984	2.204925	0.3672492
34458	-395.9934	-536.0912	140.0978	2.044624	0.5459398
34464	-406.8081	-546.721	139.9128	2.232102	0.5274615
34470	-401.5198	-541.2119	139.6921	2.385756	0.3370139
34476	-396.7811	-536.4243	139.6433	2.3811	0.2918789
34482	-400.5514	-540.4004	139.8489	2.227798	0.3358395
34488	-397.3077	-537.0724	139.7646	2.336106	0.3637136
34494	-405.1854	-544.9325	139.7471	2.336106	0.3426188
34500	-409.5037	-549.206	139.7023	2.374557	0.3359939
34506	-418.9542	-558.8205	139.8663	2.267429	0.424705
34512	-409.9716	-549.7959	139.8243	2.308588	0.4222718
34518	-408.0703	-547.7566	139.6863	2.419266	0.3704138
34524	-408.2026	-548.3101	140.1075	2.037573	0.4747733
34530	-424.4943	-563.7172	139.2229	1.415985	1.928778
34536	-410.6382	-549.8752	139.237	1.291899	2.002523
34542	-419.5268	-559.856	140.3292	1.746484	0.712253
34548	-417.651	-557.8158	140.1648	1.865819	0.7806686
34554	-420.24	-560.3522	140.1122	2.026008	0.5668252
34560	-416.34	-556.3357	139.9957	1.499789	1.305174
34566	-417.0613	-557.2773	140.2161	1.430016	1.17909
34572	-423.117	-562.8224	139.7054	1.261629	1.702228
34578	-416.1648	-555.1925	139.0277	1.307372	2.13038
34584	-424.6027	-563.1893	138.5866	1.22885	2.462675
34590	-424.6624	-564.248	139.5856	2.443653	0.2953792
34596	-415.2259	-554.705	139.479	2.518404	0.2743118
34602	-410.6368	-550.4326	139.7958	2.281073	0.3359522
34608	-407.9	-547.711	139.8109	2.29808	0.3754606
34614	-410.6541	-550.5686	139.9145	2.229724	0.5332787
34620	-411.7343	-551.8458	140.1114	2.033096	0.5311301
34626	-420.6558	-560.5368	139.8809	2.236494	0.3890944
34632	-410.921	-550.9197	139.9987	2.143455	0.5476508
34638	-405.1265	-545.2956	140.1691	1.972996	0.5476508
34644	-406.3457	-546.4727	140.1271	1.977555	0.6587383
34650	-411.8288	-551.9661	140.1373	1.919484	0.7425372
34656	-413.3215	-553.4357	140.1142	1.951786	0.7281641
34662	-422.1184	-562.2064	140.0879	1.976335	0.7309108
34668	-427.3696	-567.3065	139.9369	2.201735	0.5648323
34674	-422.3163	-562.0986	139.7823	1.551642	1.432524
34680	-411.8504	-551.9777	140.1273	1.800813	0.9067727
34686	-412.6435	-552.6702	140.0267	1.799247	1.013485
34692	-418.741	-558.8059	140.0649	1.947641	0.8050949
34698	-424.7369	-565.0346	140.2977	1.692368	0.8339345
34704	-412.1047	-552.1815	140.0769	1.649638	1.107639
34710	-412.847	-553.0509	140.2038	1.702002	0.9312468
34716	-414.5626	-554.7035	140.1409	1.64805	1.049421
34722	-411.8186	-551.9297	140.111	1.708198	1.020119
34728	-409.3169	-549.3438	140.0269	2.036099	0.7328483
34734	-418.6348	-558.849	140.2142	1.800132	0.8027686
34740	-413.2889	-553.2527	139.9638	2.078398	0.7642091
34746	-409.0662	-549.3663	140.3001	1.810603	0.6457048
34752	-411.0601	-551.1146	140.0544	2.030824	0.6957669
34758	-410.3955	-550.5323	140.1368	1.710681	0.9920689
34764	-414.9509	-555.0141	140.0632	1.985249	0.7550556
34770	-413.4695	-553.6672	140.1978	1.518928	1.116532
34776	-415.5527	-555.6727	140.1199	1.596763	1.116532
34782	-417.401	-557.427	140.026	1.750596	1.061129
34788	-420.709	-560.8813	140.1723	1.834865	0.8121611
34794	-411.6791	-551.846	140.167	1.811031	0.8488052
34800	-420.0597	-560.1541	140.0945	1.903318	0.8242348
34806	-426.9563	-567.0365	140.0802	2.064173	0.5323509
34812	-424.8881	-565.0229	140.1348	1.995417	0.5954408
34818	-417.1497	-557.4279	140.2782	1.840345	0.6274295
34824	-409.3893	-549.823	140.4337	1.684863	0.6274295
34830	-414.3565	-554.4512	140.0947	1.928221	0.7912056
34836	-411.5447	-551.9589	140.4142	1.713923	0.6017644
34842	-402.934	-542.697	139.763	2.307132	0.3292543
34848	-402.5038	-542.3524	139.8486	2.221515	0.3292543
34854	-403.4783	-543.62	140.1417	1.991042	0.5873216
34860	-416.0647	-556.3185	140.2538	1.879803	0.584153
34866	-412.7568	-552.8777	140.1208	1.969984	0.6856996
34872	-408.563	-548.6795	140.1164	1.974413	0.6856996
34878	-406.5182	-546.5478	140.0295	2.116397	0.5155903
34884	-413.6382	-553.9663	140.3281	1.735486	0.7319702
34890	-417.2312	-557.6327	140.4015	1.632156	0.7763569
34896	-411.9421	-552.0335	140.0915	2.046937	0.5659328
34902	-416.56	-556.5027	139.9427	2.20214	0.5286432
34908	-418.4077	-558.5981	140.1904	1.954436	0.5286432
34914	-424.2074	-564.429	140.2216	1.902377	0.6134938
34920	-413.3089	-552.8489	139.54	1.51278	1.641043
34926	-414.1329	-554.1263	139.9934	1.638354	1.191515
34932	-417.1861	-557.3004	140.1143	1.632013	1.089455
34938	-421.7349	-561.9496	140.2147	1.580587	1.04336
34944	-407.7184	-547.9031	140.1847	1.55785	1.092952
34950	-413.8674	-552.9495	139.0821	0.9775623	2.308156
34956	-415.4437	-555.0964	139.6526	1.391176	1.647503
34962	-413.0418	-553.1868	140.145	1.920026	0.7297009
34968	-418.716	-558.8524	140.1365	1.879364	0.8007723
34974	-416.988	-557.2863	140.2984	1.836731	0.5789593
34980	-424.4427	-564.4627	140.02	1.93527	0.8758605
34986	-408.694	-548.8533	140.1593	1.861421	0.7941548
34992	-410.9962	-551.0208	140.0246	1.383311	1.375095
34998	-409.0173	-548.7834	139.766	1.393287	1.563606
35004	-407.3625	-545.8843	138.5218	1.32747	2.44142
35010	-408.2446	-547.0209	138.7762	1.144643	2.396298
35016	-413.0277	-552.919	139.8913	1.173226	1.632567
35022	-415.5296	-555.2411	139.7114	1.206588	1.736769
35028	-416.3591	-555.9633	139.6042	1.495945	1.606824
35034	-424.1111	-563.4311	139.32	1.417583	1.861742
35040	-414.9671	-554.7491	139.782	1.391348	1.553307
35046	-421.7438	-561.9469	140.2031	1.466687	1.158427
35052	-430.6159	-570.0372	139.4213	1.444422	1.773312
35058	-421.7131	-561.4603	139.7472	1.459821	1.528353
35064	-417.9242	-557.1318	139.2076	1.218696	2.070503
35070	-413.4751	-552.8058	139.3307	1.415537	1.855833
35076	-414.8499	-554.4473	139.5975	1.266907	1.774278
35082	-421.1985	-559.9845	138.786	1.423778	2.211794
35088	-424.7801	-563.542	138.7619	0.993781	2.500106
35094	-433.6046	-573.6732	140.0686	2.046736	0.6351133
35100	-426.8304	-566.8571	140.0267	2.094117	0.6218724
35106	-423.4562	-563.2706	139.8144	2.281104	0.676909
35112	-424.3418	-564.2443	139.9025	2.24126	0.4648544
35118	-407.6821	-547.9389	140.2568	1.864847	0.6195463
35124	-407.0576	-547.1037	140.0461	2.081986	0.6018547
35130	-408.7078	-548.7128	140.005	2.085539	0.6863097
35136	-404.537	-544.5989	140.0619	2.046942	0.6498374
35142	-402.6672	-543.0147	140.3476	1.75632	0.6602812
35148	-400.2553	-540.2278	139.9725	2.046949	0.7958849
35154	-411.0169	-551.0403	140.0234	1.823064	0.993044
35160	-420.4946	-560.5809	140.0863	2.035185	0.6200648
35166	-421.7741	-561.8832	140.1091	2.035185	0.5335236
35172	-404.3997	-544.5264	140.1266	1.537612	1.163263
35178	-408.6416	-548.884	140.2424	1.633452	0.9629875
35184	-408.5842	-548.6462	140.062	1.593523	1.170928
35190	-409.3081	-549.2766	139.9685	1.790302	1.077832
35196	-412.7631	-552.9861	140.223	1.718519	0.8917167
35202	-408.5354	-548.4533	139.9179	1.637352	1.256166
35208	-403.7443	-543.5922	139.8479	1.462667	1.450406
35214	-408.468	-548.2364	139.7684	1.420397	1.541854
35220	-411.9144	-551.244	139.3296	2.643415	0.2602914
35226	-421.3963	-560.208	138.8117	2.942093	0.1769707
35232	-407.4877	-546.4324	138.9447	2.82479	0.181332
35238	-406.9134	-545.8107	138.8973	2.839099	0.1722986
35244	-404.1934	-543.0858	138.8924	2.849894	0.1738579
35250	-409.0964	-547.706	138.6097	2.960114	0.1355036
35256	-408.8643	-547.4739	138.6097	2.960114	0.1355036
35262	-411.7396	-550.2769	138.5373	2.960114	0.1229134
35268	-408.9776	-547.9965	139.0189	2.706752	0.1695084
35274	-414.9117	-554.2808	139.3691	2.63493	0.2783788
35280	-414.6844	-554.208	139.5236	2.5269	0.3117878
35286	-410.7438	-550.3575	139.6137	2.420133	0.2987167
35292	-423.2442	-562.0026	138.7584	1.501677	2.179187
35298	-425.4591	-564.999	139.5399	1.531156	1.627882
35304	-419.6229	-559.2266	139.6037	2.488195	0.3525872
35310	-411.4266	-551.6524	140.2258	1.623254	0.9903999
35316	-410.9471	-551.0391	140.092	1.783685	0.9631647
35322	-408.9964	-549.2184	140.222	1.684381	0.9306256
35328	-406.9205	-547.1298	140.2093	1.933373	0.5442902
35334	-412.0439	-552.3919	140.348	1.794651	0.5442902
35340	-410.7344	-550.3247	139.5903	2.38268	0.2602732
35346	-411.5431	-550.9252	139.3822	2.542112	0.2362957
35352	-404.044	-543.4262	139.3822	2.542112	0.2362957
35358	-411.8668	-551.6964	139.8296	2.231869	0.3212369
35364	-404.6751	-544.4967	139.8215	2.291402	0.3815885
35370	-407.3659	-547.3679	140.002	2.095363	0.359324
35376	-416.3854	-556.4075	140.0221	2.12225	0.4690829
35382	-408.1831	-548.4198	140.2367	1.797432	0.7756615
35388	-408.0785	-548.1689	140.0904	1.998081	0.6899637
35394	-405.1598	-545.3861	140.2262	1.86362	0.6874589
35400	-403.075	-543.3556	140.2806	1.809263	0.6874589
35406	-406.2303	-546.4878	140.2575	1.794154	0.750322
35412	-404.5795	-544.9039	140.3244	1.794154	0.6274602
35418	-402.2204	-542.4887	140.2682	1.836777	0.6579759
35424	-410.8196	-551.0005	140.1809	1.830681	0.8063863
35430	-411.5272	-551.74	140.2128	1.858928	0.7189154
35436	-420.193	-560.4365	140.2435	1.687267	0.9038315
35442	-411.4796	-551.6982	140.2186	1.851057	0.7223034
35448	-411.5323	-551.6292	140.0969	1.972746	0.7223034
35454	-411.4582	-551.6214	140.1632	1.925601	0.6894285
35460	-416.5232	-556.6598	140.1366	1.90059	0.771373
35466	-409.275	-549.4553	140.1803	1.964523	0.5285807
35472	-413.6534	-553.7743	140.1209	1.911313	0.7784276
35478	-409.4143	-549.5243	140.11	1.687245	1.041434
35484	-411.9765	-552.3505	140.3739	1.608792	0.843047
35490	-410.1272	-550.475	140.3479	1.671398	0.7961422
35496	-418.0857	-558.084	139.9984	1.126197	1.58907
35502	-421.9069	-560.1631	138.2562	1.211245	2.678719
35508	-409.3053	-549.3267	140.0214	1.406211	1.359561
35514	-413.3876	-552.7657	139.378	1.176326	1.985526
35520	-400.8213	-539.6092	138.7879	1.007376	2.475315
35526	-403.369	-542.7514	139.3824	1.263008	1.924381
35532	-407.2855	-546.8637	139.5781	1.305447	1.760894
35538	-411.4888	-551.6718	140.183	1.309611	1.307541
35544	-403.8632	-544.0493	140.1861	1.66053	0.9928572
35550	-401.0793	-540.8843	139.805	1.832059	1.186906
35556	-409.2194	-549.2075	139.9881	2.156378	0.4694927
35562	-406.1117	-545.4483	139.3367	1.457369	1.822994
35568	-409.1494	-548.4587	139.3093	1.348712	1.915812
35574	-404.6558	-544.9461	140.2903	1.544077	1.005198
35580	-409.2696	-549.2589	139.9893	1.645546	1.188845
35586	-414.492	-554.5489	140.0568	1.967073	0.7898733
35592	-419.6579	-559.9821	140.3241	1.525411	0.9899557
35598	-421.605	-561.2738	139.6688	1.493137	1.561682
35604	-416.8658	-557.1788	140.313	1.763636	0.7106356
35610	-413.3967	-553.6158	140.2191	1.857582	0.7106356
35616	-403.1637	-543.4073	140.2436	1.706155	0.8823091
35622	-412.9544	-552.7055	139.7511	1.640992	1.387452
35628	-409.3324	-548.6888	139.3564	1.669314	1.660472
35634	-420.3455	-560.0985	139.753	1.654991	1.374997
35640	-429.7103	-569.237	139.5267	1.59484	1.591238
35646	-432.1408	-571.8513	139.7105	1.538896	1.496704
35652	-431.8296	-571.5119	139.6823	1.991519	1.154837
35658	-422.1	-562.0657	139.9657	1.996841	0.867371
35664	-413.5878	-553.7911	140.2033	1.728975	0.9021446
35670	-431.1357	-570.7831	139.6474	1.562233	1.526381
35676	-435.1687	-575.4493	140.2806	1.615047	0.9421723
35682	-407.5002	-547.3992	139.8991	1.515771	1.369618
35688	-413.6323	-553.5215	139.8891	1.625195	1.28987
35694	-419.1243	-558.512	139.3877	1.495846	1.760902
35700	-411.2653	-551.1395	139.8742	1.565134	1.350253
35706	-405.7537	-546.0446	140.2909	1.753794	0.7606525
35712	-408.9246	-549.1645	140.2399	1.590885	1.008732
35718	-407.2105	-547.1947	139.9843	1.367724	1.418605
35724	-406.0401	-545.9951	139.955	1.577154	1.275309
35730	-412.8822	-552.7347	139.8525	1.674175	1.279768
35736	-410.3991	-550.5168	140.1176	1.855782	0.8543672
35742	-406.7278	-546.7177	139.9899	1.600299	1.226892
35748	-403.3989	-543.3277	139.9288	1.444431	1.402181
35754	-409.6279	-548.4643	138.8364	1.179368	2.33612
35760	-421.0954	-560.4181	139.3227	1.085406	2.0825
35766	-421.1362	-560.0201	138.884	1.226448	2.275714
35772	-417.6539	-557.4578	139.8039	1.423602	1.513074
35778	-416.2281	-556.2246	139.9965	1.425755	1.363804
35784	-417.9414	-557.8376	139.8962	1.646816	1.26629
35790	-414.1273	-554.259	140.1318	1.637754	1.067831
35796	-418.5072	-558.5419	140.0347	1.937274	0.8560863
35802	-431.681	-571.5177	139.8367	2.295484	0.4203893
35808	-427.0476	-566.66	139.6124	2.461222	0.3326828
35814	-417.3055	-557.1009	139.7954	1.725359	1.284632
35820	-412.0409	-551.7738	139.733	1.606318	1.428415
35826	-403.3622	-543.1598	139.7976	1.564396	1.410887
35832	-416.9338	-556.6991	139.7654	1.487197	1.494327
35838	-417.5628	-557.0785	139.5157	1.355491	1.769543
35844	-414.2934	-553.7675	139.4741	1.320079	1.822883
35850	-418.0073	-557.686	139.6787	1.556741	1.507188
35856	-418.0079	-557.7185	139.7107	1.394615	1.603088
35862	-416.6173	-557.0302	140.4129	1.643078	0.7438224
35868	-419.1334	-559.1975	140.0641	1.58244	1.178668
35874	-425.8842	-565.8799	139.9956	1.880901	0.9622694
35880	-414.3803	-554.2832	139.9029	1.272147	1.552053
35886	-412.5605	-552.6518	140.0913	1.562626	1.172249
35892	-416.611	-556.3773	139.7664	1.618945	1.392741
35898	-423.0171	-562.6103	139.5932	1.618945	1.524554
35904	-414.7772	-555.0221	140.2449	1.863105	0.651531
35910	-416.4978	-556.5507	140.0529	2.064371	0.6306168
35916	-412.0863	-552.2141	140.1278	1.943269	0.7199302
35922	-402.6036	-542.7605	140.1569	1.988217	0.5251897
35928	-401.0655	-541.2549	140.1894	1.941798	0.5922882
35934	-411.4285	-551.1781	139.7496	1.520939	1.480799
35940	-410.449	-550.2978	139.8489	2.288542	0.4360023
35946	-413.3468	-553.3685	140.0217	2.072044	0.6803321
35952	-413.3375	-553.3867	140.0492	2.037134	0.6939441
35958	-416.1622	-556.2943	140.1321	1.781942	0.9223395
35964	-420.8784	-560.8477	139.9693	1.679809	1.17648
35970	-426.5761	-566.1552	139.5791	2.54274	0.3972524
35976	-429.6843	-569.1229	139.4386	2.655954	0.3558216
35982	-422.6249	-562.4784	139.8536	1.761816	1.205543
35988	-416.5763	-556.5113	139.9351	1.693092	1.194583
35994	-421.9489	-561.9571	140.0082	1.136257	1.574543
36000	-419.2582	-559.4066	140.1484	1.580533	1.105447
36006	-412.197	-552.3041	140.1071	1.410636	1.287061
36012	-408.8671	-548.334	139.4669	1.349377	1.807622
36018	-417.9399	-557.6089	139.669	1.129921	1.819624
36024	-416.2548	-554.3433	138.0885	0.9320641	2.950478
36030	-410.1341	-550.1637	140.0296	1.185508	1.522334
36036	-410.8029	-549.9256	139.1227	1.055269	2.232292
36042	-407.9981	-547.0558	139.0577	1.168044	2.20147
36048	-416.7913	-555.8147	139.0234	1.038595	2.306658
36054	-408.9137	-547.3293	138.4156	1.151681	2.617175
36060	-400.483	-540.5996	140.1167	1.338246	1.337819
36066	-392.5866	-532.5855	139.9989	1.248848	1.497938
36072	-399.831	-539.7941	139.9631	1.380857	1.424807
36078	-401.7008	-541.9236	140.2228	1.709636	0.9019543
36084	-405.4051	-545.1579	139.7528	1.389716	1.575927
36090	-417.5304	-556.9316	139.4012	1.507762	1.743105
36096	-415.1776	-554.9164	139.7388	1.424394	1.560752
36102	-414.6537	-554.6109	139.9572	1.350719	1.452468
36108	-408.6357	-547.8055	139.1699	1.152834	2.138446
36114	-412.1143	-551.1381	139.0237	1.435296	2.048903
36120	-414.7098	-554.8775	140.1676	1.93641	0.6599505
36126	-416.1248	-556.3896	140.2648	1.769502	0.7754273
36132	-406.4976	-546.6542	140.1566	1.448064	1.214642
36138	-396.7958	-536.7671	139.9713	1.552488	1.282173
36144	-406.1597	-546.0326	139.8728	1.307515	1.548109
36150	-412.0186	-551.8733	139.8547	1.325615	1.548109
36156	-417.6365	-557.1232	139.4867	1.467925	1.710992
36162	-412.4061	-551.9475	139.5414	1.461684	1.676593
36168	-416.6005	-556.7047	140.1042	1.285572	1.38929
36174	-406.1102	-546.1102	140	1.382901	1.394639
36180	-406.3829	-546.5207	140.1378	1.512371	1.175543
36186	-411.0945	-550.4248	139.3303	1.489279	1.80535
36192	-400.8477	-541.0498	140.202	1.632524	1.004968
36198	-397.8633	-538.0896	140.2263	1.608252	1.004968
36204	-404.9409	-544.841	139.9002	1.585139	1.31343
36210	-405.4052	-545.0651	139.66	1.339138	1.679451
36216	-413.2608	-553.2161	139.9553	1.634506	1.227288
36222	-409.5585	-549.6555	140.097	1.792063	0.9491299
36228	-416.9379	-556.7964	139.8585	2.231999	0.3509676
36234	-410.8186	-550.5246	139.7059	1.34761	1.640514
36240	-407.54	-547.5707	140.0307	1.51035	1.267955
36246	-412.2747	-552.0656	139.7909	1.750104	1.267955
36252	-416.5285	-555.1517	138.6233	1.529467	2.248538
36258	-402.8146	-542.4004	139.5858	1.412956	1.679677
36264	-408.0481	-547.468	139.4199	1.57891	1.679677
36270	-406.2123	-546.1101	139.8977	1.64512	1.266456
36276	-411.3124	-551.1356	139.8233	2.012883	1.003385
36282	-410.7368	-550.8927	140.1559	1.917023	0.7169102
36288	-418.8886	-558.9339	140.0453	2.082534	0.6027504
36294	-406.2762	-546.4528	140.1766	1.804312	0.8452417
36300	-411.2531	-551.3696	140.1165	1.989699	0.6555158
36306	-406.0278	-546.1686	140.1408	1.99471	0.5772795
36312	-412.3051	-552.7286	140.4234	1.537449	0.8692907
36318	-420.8291	-560.833	140.004	1.563489	1.246021
36324	-420.6617	-560.7216	140.0599	1.537404	1.220918
36330	-419.275	-559.1443	139.8694	1.727956	1.220918
36336	-425.7337	-564.9993	139.2655	1.200495	2.044287
36342	-417.0943	-557.3083	140.214	1.875078	0.6889653
36348	-414.4892	-554.7092	140.22	1.908075	0.6020513
36354	-405.785	-546.0407	140.2557	1.875753	0.5915859
36360	-406.5705	-546.7906	140.2201	1.907523	0.6033779
36366	-403.8949	-544.1187	140.2238	1.907523	0.5920594
36372	-409.3719	-549.5426	140.1708	1.960511	0.5920594
36378	-404.731	-544.9353	140.2043	1.927006	0.5920594
36384	-411.1325	-551.3211	140.1886	1.948433	0.5714777
36390	-405.4762	-545.4482	139.972	2.174385	0.4985706
36396	-404.7361	-544.7049	139.9688	2.174385	0.4610996
36402	-419.1735	-559.3694	140.196	1.821896	0.7980291
36408	-408.4412	-548.4486	140.0074	1.947598	0.8761304
36414	-409.3185	-549.3735	140.0551	1.743364	1.040309
36420	-407.8582	-547.9859	140.1276	1.584536	1.12062
36426	-412.5872	-552.8862	140.299	1.570474	0.969607
36432	-415.8258	-555.6071	139.7813	1.411359	1.539002
36438	-414.6188	-554.9015	140.2828	1.507524	1.048132
36444	-406.45	-546.5884	140.1384	1.610725	1.086853
36450	-419.2727	-559.4121	140.1394	1.538861	1.150942
36456	-424.7004	-564.8696	140.1692	1.465075	1.189332
36462	-415.5551	-555.5348	139.9796	1.391026	1.404158
36468	-417.4665	-557.4512	139.9846	1.627208	1.208592
36474	-424.3452	-564.5968	140.2515	1.613714	0.9739386
36480	-423.9549	-563.153	139.1981	1.363498	1.98067
36486	-411.8287	-551.7384	139.9097	1.426418	1.430831
36492	-421.9947	-561.7685	139.7738	1.423557	1.535494
36498	-424.0931	-563.4374	139.3443	0.996544	2.126628
36504	-426.4911	-565.4064	138.9152	1.248617	2.241385
36510	-418.3686	-557.6695	139.3008	2.592234	0.2230421
36516	-419.9413	-559.3809	139.4396	2.516743	0.2515595
36522	-421.4474	-561.5753	140.1279	1.583267	1.121527
36528	-417.7014	-557.7547	140.0532	1.875603	0.9060111
36534	-411.9904	-552.2179	140.2275	1.811372	0.7689433
36540	-409.0714	-548.2537	139.1823	2.601655	0.1855243
36546	-414.0946	-552.7729	138.6782	2.968225	0.1508687
36552	-408.4852	-546.6618	138.1766	3.127245	0.0959678
36558	-406.8178	-545.0899	138.2721	3.032721	0.09608274
36564	-409.3162	-547.4729	138.1567	3.14811	0.09608274
36570	-408.4829	-546.6542	138.1714	3.102522	0.09248644
36576	-418.207	-556.3977	138.1906	3.2263	0.1106623
36582	-414.9628	-553.152	138.1892	3.227708	0.1106623
36588	-417.725	-555.869	138.144	3.198098	0.1006461
36594	-417.9613	-558.1618	140.2005	1.753745	0.8770709
36600	-413.4459	-551.51	138.0641	3.309076	0.104663
36606	-411.7805	-549.283	137.5025	3.449008	0.06318722
36612	-411.7452	-549.3181	137.5728	3.37867	0.06318722
36618	-407.3359	-545.0525	137.7167	3.37867	0.07465214
36624	-419.8774	-559.8517	139.9743	2.151132	0.6093742
36630	-421.9488	-562.1166	140.1677	1.957734	0.6093742
36636	-415.9737	-556.0357	140.062	1.58134	1.181493
36642	-407.9638	-548.1774	140.2136	1.391388	1.214435
36648	-410.7987	-550.6079	139.8092	1.619463	1.358704
36654	-419.8479	-560.112	140.2641	1.516524	1.057345
36660	-419.0983	-559.3519	140.2535	1.750483	0.8162215
36666	-418.0488	-558.2207	140.1719	1.723579	0.9423597
36672	-410.5597	-550.5758	140.0161	1.541335	1.254347
36678	-418.3379	-558.1856	139.8478	1.861729	1.12302
36684	-428.352	-568.4779	140.1258	1.742968	0.9703164
36690	-421.531	-561.7549	140.2239	1.837199	0.7358246
36696	-418.6689	-558.7985	140.1297	1.857505	0.8375319
36702	-407.999	-548.1124	140.1133	1.857505	0.8574471
36708	-415.7497	-555.6507	139.901	2.015423	0.9197088
36714	-412.586	-552.7809	140.1949	1.915548	0.6463368
36720	-417.6174	-557.3859	139.7684	2.067976	1.003114
36726	-415.7295	-555.8337	140.1041	1.933618	0.7706093
36732	-409.2417	-549.5641	140.3224	1.592155	0.9217615
36738	-418.0558	-558.1341	140.0784	1.49702	1.239397
36744	-414.9308	-554.5711	139.6403	2.443197	0.3429538
36750	-421.355	-561.1281	139.7731	1.045095	1.806323
36756	-426.216	-564.7094	138.4935	0.9684641	2.682111
36762	-417.1638	-557.5313	140.3675	1.729962	0.6731752
36768	-417.3282	-557.5444	140.2162	1.881289	0.6731752
36774	-411.4387	-550.9723	139.5336	1.319722	1.782001
36780	-415.2298	-554.5402	139.3104	1.480064	1.825427
36786	-418.7327	-558.9231	140.1905	1.390994	1.234293
36792	-415.1272	-555.2329	140.1058	2.040211	0.5143856
36798	-407.0275	-547.0529	140.0254	2.120574	0.4861864
36804	-420.2758	-560.2094	139.9336	2.182849	0.6325063
36810	-417.8661	-556.6781	138.8121	1.219926	2.325808
36816	-414.7594	-553.5803	138.8209	1.219926	2.320156
36822	-412.2445	-551.9965	139.752	2.326848	0.3380154
36828	-402.8832	-542.6356	139.7524	2.345281	0.3597721
36834	-404.0218	-543.6674	139.6456	2.395026	0.3038654
36840	-411.5161	-551.4062	139.8901	2.182715	0.3318875
36846	-416.4455	-556.3195	139.874	2.198819	0.3318875
36852	-415.1184	-555.314	140.1956	1.727731	0.9121018
36858	-414.9437	-555.0568	140.1131	1.992703	0.6563131
36864	-413.7794	-553.5474	139.768	2.295664	0.3232298
36870	-403.8543	-543.6223	139.768	2.295664	0.3232298
36876	-401.8108	-541.6494	139.8386	2.295664	0.4260963
36882	-404.0466	-543.9125	139.8659	2.255643	0.3966857
36888	-405.9025	-545.5748	139.6723	2.438204	0.3777717
36894	-405.439	-544.693	139.254	2.576429	0.2000945
36900	-403.9108	-543.0224	139.1116	2.718777	0.2000945
36906	-407.989	-547.079	139.0901	2.740315	0.2000945
36912	-413.8692	-553.0044	139.1351	2.740315	0.216147
36918	-406.3059	-545.3536	139.0476	2.798438	0.2054455
36924	-406.1631	-544.6759	138.5128	3.006697	0.1265864
36930	-408.7443	-547.4457	138.7014	2.875375	0.1368188
36936	-402.2473	-540.892	138.6447	2.940886	0.1384773
36942	-414.4463	-553.1844	138.7381	2.885691	0.1460894
36948	-407.8079	-546.546	138.7381	2.885691	0.1460894
36954	-413.3369	-552.1289	138.7919	2.999622	0.1877972
36960	-411.5025	-550.961	139.4585	2.522744	0.2648242
36966	-416.8186	-556.4472	139.6286	2.448934	0.3366917
36972	-419.3414	-558.7701	139.4287	2.555081	0.2662712
36978	-410.8667	-550.3333	139.4666	2.555081	0.2900085
36984	-413.2475	-552.7286	139.4811	2.526183	0.280445
36990	-407.7083	-547.2894	139.5811	2.426157	0.280445
36996	-413.2228	-552.8857	139.6629	2.446787	0.3764315
37002	-402.9558	-542.9277	139.9719	2.163388	0.4292197
37008	-404.5528	-544.5239	139.9711	2.163388	0.4267809
37014	-403.3341	-543.3918	140.0577	2.024389	0.7013274
37020	-416.0578	-556.2144	140.1566	1.985554	0.547641
37026	-409.8609	-549.9819	140.121	2.021088	0.547641
37032	-410.7049	-550.9391	140.2342	1.816951	0.7510381
37038	-409.8801	-550.0359	140.1559	1.990217	0.5123673
37044	-414.9879	-555.1449	140.1569	1.979195	0.5750589
37050	-407.6364	-547.8731	140.2367	1.840894	0.7090894
37056	-416.7046	-556.784	140.0794	1.796498	0.9629072
37062	-412.2054	-552.4648	140.2594	1.740447	0.8215951
37068	-419.6369	-559.7575	140.1206	1.954819	0.7127423
37074	-428.8959	-568.9576	140.0617	2.064791	0.6064778
37080	-409.2495	-549.574	140.3245	1.808516	0.5861812
37086	-417.9199	-557.7818	139.8619	1.952095	1.025225
37092	-409.4409	-549.5867	140.1458	1.614996	1.075957
37098	-406.2648	-546.3938	140.129	1.955476	0.6971715
37104	-410.4812	-550.8331	140.3519	1.688969	0.7661111
37110	-412.4391	-552.5479	140.1089	1.808562	0.9186245
37116	-415.1844	-555.327	140.1426	1.894029	0.7722125
37122	-417.6226	-557.7702	140.1476	1.881246	0.7831008
37128	-414.6284	-554.8069	140.1784	1.881246	0.7380725
37134	-413.9749	-554.2429	140.268	1.846318	0.6374448
37140	-411.3319	-551.4132	140.0813	2.063315	0.4709693
37146	-416.1641	-556.289	140.1249	1.961256	0.6942359
37152	-413.8967	-554.1438	140.2471	1.602529	0.9898698
37158	-412.2797	-552.1325	139.8528	1.514495	1.406743
37164	-405.1891	-544.7784	139.5894	1.356364	1.717278
37170	-409.8042	-550.0661	140.2618	1.517661	1.058394
37176	-409.7318	-549.9166	140.1848	1.50661	1.139227
37182	-405.404	-545.3883	139.9842	1.39479	1.397673
37188	-410.12	-549.6661	139.5461	1.340559	1.758728
37194	-417.0866	-556.8688	139.7822	1.492668	1.477511
37200	-419.4095	-559.5303	140.1207	1.582382	1.128794
37206	-416.5534	-556.541	139.9876	1.824679	1.026889
37212	-419.5799	-559.0677	139.4878	1.343208	1.797464
37218	-420.3267	-558.7708	138.4441	1.307492	2.502665
37224	-407.339	-546.819	139.4801	1.620621	1.606426
37230	-411.9999	-551.5603	139.5604	1.365856	1.730975
37236	-406.8283	-545.9621	139.1338	1.426112	1.981815
37242	-415.2276	-555.1489	139.9213	1.991239	0.923974
37248	-412.745	-552.9295	140.1845	1.728046	0.923974
37254	-414.8974	-554.5717	139.6743	1.062005	1.862615
37260	-413.7268	-553.36	139.6331	1.103152	1.862615
37266	-409.678	-549.4226	139.7446	1.336634	1.620551
37272	-402.9581	-543.0811	140.123	2.020893	0.5364563
37278	-408.8887	-548.8708	139.9821	2.163757	0.5157749
37284	-407.5068	-547.4889	139.982	2.163757	0.4826499
37290	-414.354	-554.4525	140.0985	1.922109	0.7943083
37296	-419.7598	-559.9204	140.1607	1.952664	0.6397846
37302	-401.9221	-541.9333	140.0112	2.106272	0.3891279
37308	-419.9491	-559.6675	139.7184	2.357879	0.3353903
37314	-411.1668	-550.9109	139.7441	2.323754	0.3270927
37320	-411.8341	-551.7863	139.9522	2.162652	0.3847078
37326	-416.2192	-555.972	139.7528	2.321836	0.3337086
37332	-416.0382	-555.7043	139.666	2.347165	0.2842948
37338	-414.3984	-554.1027	139.7043	2.347165	0.3126042
37344	-411.4805	-551.279	139.7985	2.268823	0.3266072
37350	-406.2844	-545.7714	139.487	2.532985	0.2888163
37356	-415.4212	-554.8569	139.4357	2.532985	0.2579758
37362	-420.3417	-559.8388	139.497	2.404385	0.2264469
37368	-417.3224	-556.9476	139.6252	2.401901	0.2938235
37374	-414.82	-555.0438	140.2238	1.420733	1.180466
37380	-417.1632	-557.1327	139.9695	1.849774	1.020061
37386	-416.7532	-556.3385	139.5853	1.514723	1.606916
37392	-413.7744	-553.8025	140.0281	1.381455	1.373787
37398	-411.6707	-551.2038	139.5331	1.452349	1.689168
37404	-415.9903	-555.7947	139.8043	1.689487	1.306556
37410	-417.3798	-557.4048	140.025	1.877958	0.9342749
37416	-409.6301	-549.7458	140.1158	1.967308	0.6996399
37422	-415.66	-555.7733	140.1133	1.967308	0.7039574
37428	-416.2638	-556.3701	140.1063	1.645203	1.084641
37434	-416.2123	-556.3803	140.1681	1.651857	1.019443
37440	-424.5909	-564.71	140.1191	1.682063	1.037698
37446	-418.8481	-558.9196	140.0714	1.61428	1.144315
37452	-421.2087	-559.8258	138.617	1.197304	2.463367
37458	-419.0929	-559.4609	140.3681	1.451593	1.0197
37464	-418.6581	-558.4752	139.8172	1.16325	1.692741
37470	-419.7284	-558.5763	138.8479	1.3845	2.197157
37476	-416.8761	-554.0241	137.1481	1.125109	3.394227
37482	-419.5367	-559.682	140.1453	1.415124	1.251866
37488	-416.2046	-556.1707	139.9661	1.594343	1.251866
37494	-422.1258	-562.2076	140.0818	1.977938	0.7380636
37500	-415.9439	-556.3741	140.4303	1.441	0.9677592
37506	-417.4841	-557.8499	140.3658	1.645021	0.8074137
37512	-419.7572	-559.8532	140.096	1.516498	1.207998
37518	-414.6003	-554.1841	139.5839	1.444328	1.658673
37524	-415.2001	-555.2484	140.0483	1.381773	1.357569
37530	-422.9749	-563.0586	140.0837	1.496662	1.235195
37536	-415.8388	-555.2943	139.4555	1.351287	1.814197
37542	-418.3395	-557.7798	139.4402	1.366542	1.814197
37548	-414.0374	-553.9386	139.9012	1.188808	1.614191
37554	-419.7467	-559.1297	139.383	1.211902	1.958355
37560	-414.3149	-554.1615	139.8466	1.352535	1.534244
37566	-411.622	-550.8919	139.2699	1.14284	2.079466
37572	-406.3897	-546.2063	139.8166	1.352715	1.556246
37578	-411.8393	-552.0738	140.2345	1.362909	1.220806
37584	-412.1413	-551.9973	139.856	1.446462	1.456572
37590	-411.3743	-551.5621	140.1877	1.488104	1.153062
37596	-412.5691	-552.5259	139.9569	1.655609	1.208037
37602	-409.3921	-549.2496	139.8575	1.603053	1.333359
37608	-398.7216	-538.8494	140.1278	1.642898	1.066668
37614	-400.1324	-540.0515	139.9191	1.312356	1.510133
37620	-405.6548	-545.148	139.4932	1.578465	1.627461
37626	-409.0925	-549.0781	139.9857	1.619884	1.213935
37632	-415.5516	-553.3001	137.7486	0.9954434	3.116036
37638	-418.4464	-558.2341	139.7876	1.308456	1.609761
37644	-420.1935	-559.4064	139.2129	1.170918	2.098479
37650	-408.5563	-548.3362	139.78	2.348036	0.4101111
37656	-406.609	-546.2944	139.6854	2.400283	0.345391
37662	-413.8838	-553.8346	139.9507	1.954422	0.9319754
37668	-404.7573	-544.7753	140.018	2.1273	0.5236266
37674	-411.1573	-551.2688	140.1115	1.912266	0.790038
37680	-409.8852	-549.6815	139.7963	1.439451	1.506908
37686	-412.5409	-552.7305	140.1895	1.773663	0.8665508
37692	-400.9355	-540.9429	140.0074	1.713749	1.112466
37698	-404.559	-544.7475	140.1885	1.687945	0.962391
37704	-405.3346	-545.515	140.1804	1.696053	0.962391
37710	-400.6755	-540.9716	140.2961	1.731966	0.7841169
37716	-414.467	-554.5471	140.0801	1.948003	0.7841169
37722	-402.734	-542.7915	140.0575	2.085471	0.5424438
37728	-410.8123	-550.6188	139.8066	2.213826	0.7946393
37734	-400.976	-541.1049	140.1289	1.988226	0.6309279
37740	-404.581	-544.6556	140.0745	1.703289	1.059981
37746	-402.3855	-542.3494	139.9639	1.925956	0.9482755
37752	-409.7495	-549.7517	140.0022	1.775728	1.05989
37758	-404.4208	-544.3649	139.9441	1.501716	1.345058
37764	-402.3788	-542.4295	140.0507	1.70101	1.084441
37770	-401.1598	-541.5933	140.4335	1.560031	0.8295983
37776	-402.2595	-542.6156	140.3561	1.586698	0.8902581
37782	-408.1322	-548.2996	140.1674	1.756105	0.9119041
37788	-407.0926	-547.1865	140.094	1.762204	0.9832185
37794	-405.29	-545.3198	140.0298	1.826427	0.9832185
37800	-399.3819	-539.6933	140.3114	1.592516	0.9333061
37806	-398.0842	-537.8152	139.731	1.590081	1.442354
37812	-396.5553	-536.7617	140.2064	1.536704	1.092429
37818	-398.3975	-538.5483	140.1507	1.667377	1.021193
37824	-401.1791	-541.4	140.2208	1.597313	1.021193
37830	-409.9263	-549.3271	139.4007	2.563811	0.255785
37836	-418.0665	-557.5156	139.449	2.563811	0.2840568
37842	-411.9515	-552.0543	140.1027	1.599159	1.129873
37848	-410.1865	-550.1228	139.9363	1.583677	1.285285
37854	-401.3236	-541.4054	140.0818	1.580285	1.165194
37860	-399.7142	-539.8637	140.1495	1.551222	1.130928
37866	-405.8652	-546.0689	140.2037	1.786974	0.8331553
37872	-411.0019	-550.1141	139.1123	2.738333	0.2070322
37878	-410.5703	-549.5313	138.961	2.738333	0.1629556
37884	-410.4248	-550.5176	140.0929	1.700864	1.044814
37890	-405.4919	-545.4131	139.9212	1.744746	1.161792
37896	-409.7195	-549.8362	140.1168	1.519696	1.187433
37902	-412.5948	-552.3096	139.7148	1.337547	1.641368
37908	-416.1884	-555.7341	139.5457	1.049268	1.958353
37914	-412.4043	-552.1909	139.7866	2.353404	0.4455214
37920	-404.5364	-544.5244	139.9881	2.110677	0.670657
37926	-408.012	-548.1573	140.1453	1.953385	0.670657
37932	-405.602	-545.6512	140.0492	2.066592	0.6341089
37938	-407.4	-547.4234	140.0234	2.0924	0.6341089
37944	-415.7028	-555.6382	139.9354	2.145814	0.7028131
37950	-417.5996	-557.8326	140.233	1.90026	0.5853573
37956	-413.4194	-553.5086	140.0893	2.053208	0.5454768
37962	-407.1599	-547.2785	140.1186	2.01827	0.5722007
37968	-409.2372	-549.1976	139.9604	2.179397	0.5595861
37974	-417.0002	-557.221	140.2208	1.879926	0.6667227
37980	-410.5345	-550.7272	140.1927	1.838946	0.7792051
37986	-408.3888	-548.6189	140.2301	1.801567	0.7792051
37992	-409.9499	-550.2189	140.269	1.79244	0.7354114
37998	-402.607	-542.7423	140.1354	1.575557	1.121764
38004	-411.8625	-552.1447	140.2822	1.742313	0.7889987
38010	-409.6069	-549.9584	140.3515	1.735789	0.6921581
38016	-410.5309	-550.695	140.1641	1.831548	0.826932
38022	-418.0289	-558.1885	140.1597	1.955717	0.6350894
38028	-407.6226	-547.6333	140.0107	2.085139	0.6762867
38034	-411.9042	-552.0759	140.1717	1.96184	0.5843983
38040	-412.4211	-552.5048	140.0837	2.062607	0.5076006
38046	-409.5496	-549.4441	139.8945	2.151894	0.308415
38052	-414.0563	-554.0155	139.9592	2.185929	0.5257495
38058	-419.5025	-559.0596	139.557	2.532808	0.3501518
38064	-403.18	-542.0161	138.8361	2.843855	0.1583731
38070	-401.2916	-540.272	138.9804	2.697008	0.1577726
38076	-407.2545	-546.3909	139.1364	2.722354	0.2099659
38082	-404.5337	-543.9078	139.3741	2.615019	0.2693707
38088	-402.0884	-541.6451	139.5567	2.485379	0.304977
38094	-419.3724	-558.1658	138.7934	1.330129	2.267287
38100	-403.226	-542.8112	139.5852	2.393925	0.2636679
38106	-401.0345	-540.1199	139.0854	2.751647	0.2023463
38112	-407.6368	-546.568	138.9313	2.844705	0.1832054
38118	-409.7954	-549.1159	139.3204	2.618269	0.2429363
38124	-407.0223	-546.5722	139.5498	2.554264	0.3683251
38130	-412.2623	-552.3398	140.0775	2.062608	0.5580542
38136	-422.7468	-562.3397	139.5929	2.501412	0.3555033
38142	-410.3563	-550.0626	139.7063	2.378324	0.344203
38148	-413.519	-553.4343	139.9153	2.223344	0.4401251
38154	-406.9179	-547.2029	140.285	1.78814	0.7165225
38160	-408.9429	-549.0879	140.145	1.991669	0.572944
38166	-405.4242	-545.6079	140.1838	1.902604	0.6938088
38172	-403.7842	-543.921	140.1368	1.986033	0.6165987
38178	-400.601	-540.7813	140.1803	1.894995	0.7129783
38184	-401.2676	-541.4664	140.1988	1.83998	0.7691504
38190	-400.294	-540.5221	140.228	1.83998	0.7248964
38196	-405.6556	-545.921	140.2655	1.849375	0.6363357
38202	-408.4423	-548.7196	140.2774	1.814882	0.6830255
38208	-408.4804	-548.5702	140.0898	2.038477	0.6011812
38214	-409.5531	-549.9067	140.3536	1.646852	0.8208373
38220	-409.2511	-549.5459	140.2948	1.575628	0.9686226
38226	-412.1691	-552.4282	140.2591	1.688872	0.8843666
38232	-405.9152	-546.0937	140.1785	1.557777	1.098667
38238	-411.2144	-551.1101	139.8958	1.930539	1.013154
38244	-404.1795	-544.2403	140.0608	2.07868	0.5611509
38250	-406.1167	-546.162	140.0454	1.917397	0.8670469
38256	-405.0474	-545.1663	140.1189	1.871898	0.8329732
38262	-409.9754	-549.9141	139.9387	2.207464	0.490177
38268	-409.9625	-549.8152	139.8527	2.042763	0.9423415
38274	-405.4455	-545.7248	140.2793	1.682736	0.8679
38280	-407.4446	-547.6551	140.2106	1.63163	0.9973529
38286	-410.3615	-550.3233	139.9618	1.998358	0.8701651
38292	-416.0155	-556.2219	140.2065	1.808432	0.8020024
38298	-411.2401	-551.544	140.3039	1.710986	0.8020024
38304	-416.9481	-556.9705	140.0224	1.814896	1.002246
38310	-405.7744	-545.5196	139.7452	1.727608	1.32351
38316	-404.2002	-544.1164	139.9162	1.55658	1.32351
38322	-405.5541	-545.7956	140.2416	1.60584	0.9921007
38328	-405.6122	-545.3793	139.7671	1.687178	1.33839
38334	-404.3897	-544.4792	140.0895	2.053068	0.5452526
38340	-408.8231	-548.1764	139.3533	2.563173	0.2328447
38346	-411.435	-550.8264	139.3914	2.563173	0.2506646
38352	-416.6855	-555.9884	139.3029	2.623799	0.2373845
38358	-413.251	-553.1525	139.9015	2.234911	0.5738978
38364	-419.2587	-558.8553	139.5967	2.469726	0.3257276
38370	-408.888	-548.5511	139.6631	2.359807	0.2908337
38376	-400.7055	-540.7884	140.0829	2.054987	0.4375345
38382	-402.0145	-542.0322	140.0177	2.096543	0.3837211
38388	-407.7	-547.8767	140.1767	1.966038	0.5438782
38394	-402.324	-542.4984	140.1744	1.958975	0.5851799
38400	-403.0774	-543.2083	140.1309	2.004718	0.5771136
38406	-407.4663	-547.3443	139.8779	2.208286	0.3459752
38412	-416.183	-556.1002	139.9173	2.229009	0.4918868
38418	-415.3564	-555.4215	140.0651	1.691736	1.079708
38424	-415.5227	-555.3998	139.8771	1.338002	1.522367
38430	-421.5783	-561.3816	139.8033	2.330508	0.5836338
38436	-415.9993	-555.8603	139.8611	2.243322	0.3687063
38442	-416.7895	-556.4605	139.671	2.414844	0.3456263
38448	-411.633	-551.2114	139.5784	2.414844	0.2717778
38454	-417.4827	-557.3557	139.8731	2.272798	0.5165149
38460	-417.0928	-556.7582	139.6654	2.449978	0.3856474
38466	-417.6991	-557.4768	139.7777	2.342008	0.3931752
38472	-419.2526	-559.2315	139.9789	2.001786	0.8455617
38478	-419.0523	-559.202	140.1497	1.90296	0.7488506
38484	-417.9769	-557.8695	139.8926	1.466407	1.413201
38490	-419.2655	-559.1972	139.9316	1.33563	1.483255
38496	-418.9223	-558.5154	139.5932	1.247503	1.790761
38502	-417.9901	-557.7991	139.809	1.608717	1.367368
38508	-418.1595	-558.321	140.1615	1.815253	0.8503339
38514	-414.8451	-554.5986	139.7535	1.527149	1.473163
38520	-421.1817	-561.0353	139.8535	1.605227	1.334771
38526	-425.5265	-565.4374	139.9109	1.547887	1.334771
38532	-406.4658	-545.7158	139.25	1.335414	1.964746
38538	-414.8667	-555.1606	140.2939	1.308285	1.216768
38544	-421.3974	-561.7032	140.3057	1.628743	0.8996867
38550	-403.9608	-544.2106	140.2499	1.785195	0.7744211
38556	-417.5727	-557.5294	139.9566	2.136263	0.6818684
38562	-408.0178	-548.0305	140.0127	2.132209	0.4731175
38568	-410.9777	-550.9894	140.0117	2.132209	0.5363519
38574	-410.8397	-550.5746	139.7349	2.397408	0.4206874
38580	-418.9661	-557.9926	139.0264	1.384349	2.080756
38586	-413.2368	-552.6928	139.456	1.621219	1.623454
38592	-410.7915	-550.7089	139.9174	1.641344	1.253302
38598	-401.9339	-542.2122	140.2783	1.681029	0.8711143
38604	-402.4139	-542.4374	140.0235	1.784958	1.030589
38610	-403.7979	-543.9459	140.148	1.84958	0.8244534
38616	-404.5488	-544.7895	140.2407	1.756863	0.8244534
38622	-407.0443	-547.3794	140.3351	1.670339	0.8143776
38628	-413.0409	-553.204	140.1631	1.842361	0.8143776
38634	-409.2908	-548.4933	139.2024	2.708304	0.2303674
38640	-407.2332	-547.3401	140.1068	2.036687	0.5388188
38646	-409.7538	-549.8349	140.0811	2.038606	0.6245206
38652	-411.087	-551.1945	140.1074	2.025733	0.4230326
38658	-400.076	-540.1673	140.0912	2.054044	0.4766058
38664	-404.7468	-544.8302	140.0834	2.059572	0.5428143
38670	-415.3642	-555.6771	140.3129	1.730035	0.763126
38676	-407.7944	-547.7774	139.983	2.162966	0.4862722
38682	-404.761	-544.8338	140.0728	2.018966	0.6839383
38688	-407.6864	-547.6669	139.9805	2.165876	0.5032278
38694	-402.8016	-542.8353	140.0338	2.074461	0.6511407
38700	-411.3283	-551.558	140.2297	1.865565	0.6773722
38706	-408.1028	-548.0905	139.9876	1.79462	1.055774
38712	-417.1342	-557.3027	140.1685	1.560843	1.105008
38718	-415.998	-556.0294	140.0313	1.552931	1.231928
38724	-415.265	-555.597	140.332	1.687182	0.7962205
38730	-423.3958	-563.4682	140.0724	1.716102	1.049874
38736	-413.2119	-553.4752	140.2633	1.551921	1.024068
38742	-412.2412	-552.3682	140.127	1.519676	1.178586
38748	-421.8898	-561.9036	140.0137	1.61064	1.197857
38754	-420.71	-560.8634	140.1534	1.81175	0.8642895
38760	-411.745	-551.8242	140.0792	1.760719	0.9996283
38766	-416.5866	-556.5383	139.9517	1.615425	1.246289
38772	-414.3335	-554.4756	140.142	1.980172	0.6182356
38778	-426.4779	-566.3421	139.8642	2.249432	0.6390811
38784	-426.0955	-566.1556	140.06	1.922086	0.8438081
38790	-424.24	-564.3547	140.1147	1.943776	0.7398892
38796	-426.4786	-566.3461	139.8675	2.146544	0.8031797
38802	-427.7097	-567.9752	140.2655	1.722356	0.8367258
38808	-421.595	-561.3564	139.7613	1.53543	1.460929
38814	-417.4662	-556.4685	139.0023	1.2631	2.175781
38820	-425.7386	-564.7826	139.044	1.31192	2.116727
38826	-418.7647	-558.4826	139.7179	1.115491	1.795772
38832	-418.1076	-558.303	140.1955	1.734608	0.9046093
38838	-419.8483	-559.9725	140.1242	1.805877	0.9046093
38844	-433.7822	-572.0564	138.2741	1.10032	2.735736
38850	-422.2181	-559.5173	137.2992	1.060026	3.343672
38856	-420.5954	-558.6502	138.0547	1.383088	2.696913
38862	-423.8922	-563.7418	139.8497	1.408233	1.490318
38868	-422.3079	-561.9215	139.6137	1.593525	1.528235
38874	-421.493	-561.6958	140.2028	1.894478	0.6734901
38880	-416.3875	-555.6582	139.2707	1.54231	1.809902
38886	-413.1645	-553.4264	140.2619	1.377568	1.184833
38892	-416.3379	-556.2249	139.887	1.752502	1.184833
38898	-413.3903	-553.4836	140.0933	1.756041	0.9901467
38904	-411.541	-550.8358	139.2948	1.534884	1.798372
38910	-412.2177	-550.8151	138.5974	1.34345	2.38366
38916	-412.9152	-552.239	139.3238	1.296183	1.941516
38922	-413.427	-552.9558	139.5288	1.300443	1.798666
38928	-413.9804	-553.5531	139.5726	1.536766	1.600104
38934	-420.7906	-560.7228	139.9322	1.616649	1.2615
38940	-420.8462	-561.0685	140.2222	1.811415	0.7763931
38946	-424.8567	-565.0263	140.1696	1.93808	0.6523374
38952	-418.8402	-558.8607	140.0205	1.711167	1.102895
38958	-411.1699	-551.3608	140.1909	1.696825	0.9505636
38964	-409.9898	-549.5752	139.5854	1.288672	1.767549
38970	-417.9543	-557.9023	139.948	1.789264	1.097818
38976	-412.5926	-552.8044	140.2118	1.758742	0.8578205
38982	-408.5262	-548.6015	140.0753	1.627968	1.128614
38988	-411.8451	-551.6071	139.762	1.418291	1.548127
38994	-413.7057	-553.2928	139.5871	1.398834	1.688832
39000	-414.4223	-553.5168	139.0945	1.533103	1.936374
39006	-416.2184	-554.0597	137.8414	1.299386	2.877935
39012	-410.4562	-549.8687	139.4125	1.379603	1.824334
39018	-412.8591	-552.8166	139.9574	1.362268	1.443442
39024	-408.6418	-548.6758	140.034	1.26858	1.45653
39030	-410.9136	-550.1684	139.2549	1.286902	1.99394
39036	-402.2159	-541.9024	139.6864	1.169706	1.78001
39042	-397.8636	-537.9154	140.0518	1.605045	1.169731
39048	-411.4822	-551.1289	139.6467	1.279266	1.731193
39054	-412.8832	-552.7861	139.903	1.412177	1.446917
39060	-423.0912	-563.1474	140.0562	1.944457	0.8205496
39066	-414.5351	-554.8257	140.2906	1.73398	0.7889252
39072	-407.1844	-547.0125	139.8282	2.288071	0.3870273
39078	-406.8541	-546.7017	139.8476	2.208648	0.3166231
39084	-414.8044	-554.5762	139.7718	2.275117	0.3088242
39090	-420.7451	-560.7979	140.0528	1.83015	0.955612
39096	-418.1509	-558.4469	140.296	1.72804	0.7896733
39102	-414.72	-554.9661	140.2462	1.888422	0.5807834
39108	-411.1514	-551.0768	139.9254	2.202112	0.4090372
39114	-412.1627	-552.5597	140.397	1.500518	0.9401147
39120	-409.3762	-549.6127	140.2365	1.594461	1.008578
39126	-405.8319	-545.854	140.0221	1.708669	1.103711
39132	-414.5597	-554.6833	140.1236	1.426098	1.260767
39138	-410.2969	-550.4614	140.1645	1.485034	1.176134
39144	-415.2352	-555.3984	140.1632	1.976825	0.5583659
39150	-413.4308	-553.4414	140.0106	2.12212	0.4216959
39156	-414.9219	-554.7447	139.8228	2.287494	0.3774472
39162	-403.0476	-542.6328	139.5851	2.446961	0.2974331
39168	-406.2276	-545.7906	139.563	2.455128	0.2875605
39174	-409.8833	-549.4641	139.5808	2.37561	0.2515914
39180	-411.0891	-550.9665	139.8773	2.224312	0.3649682
39186	-408.4567	-548.223	139.7663	2.333989	0.3631494
39192	-412.7916	-552.6681	139.8766	2.257659	0.5820094
39198	-409.7672	-549.557	139.7898	2.356594	0.4973239
39204	-411.3085	-551.1371	139.8286	2.272821	0.3646719
39210	-411.2635	-551.1438	139.8802	2.26514	0.4776247
39216	-412.7452	-552.6307	139.8856	2.245052	0.416373
39222	-413.108	-552.8479	139.7399	2.393914	0.4248218
39228	-410.9216	-550.8345	139.9129	2.220941	0.4248218
39234	-416.845	-556.7344	139.8893	2.252096	0.4517594
39240	-404.871	-544.7563	139.8854	2.253495	0.4410898
39246	-410.8285	-550.675	139.8465	2.245011	0.3521347
39252	-403.8201	-543.4905	139.6704	2.335801	0.2797583
39258	-410.6593	-550.4022	139.7429	2.335801	0.3378675
39264	-400.6281	-540.0977	139.4696	2.528455	0.2746875
39270	-409.5494	-549.418	139.8686	2.214093	0.3421176
39276	-412.745	-552.6958	139.9508	2.195194	0.5140252
39282	-405.1041	-545.1811	140.0771	2.022417	0.6691524
39288	-410.7341	-550.7928	140.0587	2.000912	0.7381782
39294	-412.073	-551.8367	139.7637	2.287159	0.3120772
39300	-423.4892	-563.0913	139.6021	2.481267	0.3428661
39306	-412.283	-552.2135	139.9306	2.209407	0.445438
39312	-418.0442	-557.7382	139.694	2.328053	0.290295
39318	-421.5844	-561.499	139.9146	2.203954	0.6273665
39324	-419.5298	-559.5397	140.0098	2.130711	0.5560873
39330	-403.7332	-543.8271	140.0939	2.046611	0.5560873
39336	-407.6697	-547.7604	140.0907	2.02655	0.6307269
39342	-402.6023	-542.669	140.0667	1.946712	0.8039693
39348	-403.6225	-543.5612	139.9387	1.718737	1.169204
39354	-409.2245	-548.9122	139.6877	1.573189	1.488069
39360	-411.8477	-551.8127	139.965	1.745872	1.121802
39366	-409.8894	-549.7725	139.8831	1.488838	1.403151
39372	-411.8417	-551.7393	139.8975	1.435426	1.433263
39378	-423.0849	-563.2928	140.208	1.618756	1.012721
39384	-419.6295	-559.7374	140.1079	1.884926	0.830481
39390	-414.9766	-555.2417	140.265	1.750233	0.8015086
39396	-415.1864	-555.1622	139.9758	2.170496	0.5082336
39402	-413.7592	-553.9835	140.2243	1.921981	0.4922032
39408	-415.7521	-555.7636	140.0115	2.075606	0.6924413
39414	-417.2087	-557.2971	140.0885	1.794742	0.955314
39420	-420.596	-560.1517	139.5557	1.331255	1.758509
39426	-421.2307	-560.3697	139.139	1.204276	2.125019
39432	-416.0669	-555.8405	139.7736	1.427959	1.532418
39438	-414.6064	-554.6194	140.013	1.235546	1.497366
39444	-414.5492	-554.4939	139.9448	1.824254	1.06829
39450	-416.3796	-556.4316	140.0521	1.925966	0.8487678
39456	-404.6289	-544.8012	140.1723	1.925966	0.6715015
39462	-412.835	-553.0834	140.2484	1.752121	0.8207047
39468	-411.8104	-551.9365	140.1261	2.017854	0.5355831
39474	-420.5323	-560.5673	140.035	2.092516	0.6035102
39480	-419.6316	-559.6072	139.9756	2.067626	0.7627622
39486	-416.1479	-556.2226	140.0747	1.645706	1.113179
39492	-411.8531	-552.0408	140.1876	1.568709	1.080136
39498	-417.3727	-557.3905	140.0179	1.46406	1.316181
39504	-417.5364	-557.6531	140.1167	1.830471	0.8852188
39510	-411.4831	-551.6012	140.1181	1.644423	1.074341
39516	-408.8696	-548.8442	139.9746	1.479269	1.338678
39522	-416.5476	-556.4104	139.8629	1.579678	1.347682
39528	-412.0236	-551.8449	139.8214	1.408278	1.511488
39534	-404.9837	-544.6086	139.6249	1.083915	1.881373
39540	-410.7038	-550.4023	139.6985	1.302787	1.677915
39546	-408.9307	-548.9211	139.9904	1.423457	1.370404
39552	-402.4416	-542.4959	140.0542	1.421066	1.321508
39558	-405.3204	-545.3251	140.0047	1.740689	1.090307
39564	-403.5642	-543.7122	140.148	1.478557	1.196002
39570	-415.818	-554.8337	139.0157	1.100417	2.272031
39576	-409.193	-548.9011	139.7082	1.100417	1.812964
39582	-421.5342	-561.2113	139.6771	1.118016	1.822229
39588	-416.2433	-554.1801	137.9367	0.9998098	3.000965
39594	-404.9691	-543.4946	138.5255	1.09724	2.582858
39600	-407.1806	-546.0518	138.8712	1.141404	2.338142
39606	-403.7351	-543.9873	140.2523	1.403872	1.170359
39612	-409.2152	-548.9059	139.6907	1.340562	1.656459
39618	-409.6467	-549.5533	139.9066	1.478233	1.393143
39624	-413.1565	-553.2188	140.0623	1.842071	0.9327675
39630	-405.0067	-545.2649	140.2582	1.883195	0.5516765
39636	-403.38	-543.5979	140.2179	1.889029	0.6538597
39642	-408.0693	-548.2966	140.2273	1.870295	0.6728826
39648	-406.8962	-546.7016	139.8054	2.301658	0.3725386
39654	-403.019	-542.5829	139.5639	2.483544	0.3092656
39660	-405.4426	-544.9822	139.5397	2.451942	0.2708249
39666	-405.5051	-545.1352	139.6301	2.451942	0.3413953
39672	-405.844	-545.3409	139.4969	2.535429	0.2975682
39678	-408.1014	-547.5983	139.4969	2.535429	0.2975682
39684	-410.2536	-550.1926	139.939	2.20664	0.4809822
39690	-417.7523	-557.3252	139.5728	1.42456	1.680664
39696	-404.8742	-545.0845	140.2103	1.464645	1.153813
39702	-407.4704	-547.0577	139.5873	1.403451	1.685414
39708	-406.7088	-546.2599	139.5511	1.439672	1.685414
39714	-411.9533	-551.8976	139.9443	1.526767	1.324917
39720	-410.0581	-550.0967	140.0387	1.519557	1.253723
39726	-411.8536	-551.8647	140.0111	1.677942	1.141323
39732	-403.6558	-543.3351	139.6793	1.166348	1.787292
39738	-412.393	-552.2028	139.8098	1.483362	1.463662
39744	-416.4524	-556.471	140.0186	1.933884	0.879158
39750	-420.7158	-560.9607	140.2449	1.872252	0.6308616
39756	-416.72	-557.0209	140.3009	1.827133	0.602021
39762	-414.4478	-554.6532	140.2054	1.624317	1.009821
39768	-413.151	-552.9583	139.8073	1.425526	1.50912
39774	-417.7012	-557.4562	139.755	1.220642	1.696099
39780	-419.6528	-559.7074	140.0545	1.959624	0.8029602
39786	-422.9859	-563.2827	140.2968	1.717338	0.8029602
39792	-416.8898	-556.5077	139.6179	1.440128	1.637286
39798	-420.8067	-560.8122	140.0055	1.572691	1.237014
39804	-415.5861	-555.4925	139.9064	1.629673	1.272049
39810	-412.2478	-552.1716	139.9239	1.79069	1.118487
39816	-413.1722	-553.0722	139.9	1.746905	1.178378
39822	-421.0841	-561.1326	140.0485	1.593681	1.182495
39828	-420.5697	-560.7129	140.1432	1.650949	1.044434
39834	-419.9035	-559.6561	139.7525	1.616416	1.405498
39840	-416.9478	-557.0542	140.1064	1.629854	1.098731
39846	-429.6377	-569.9422	140.3045	1.480661	1.052989
39852	-419.8873	-559.5561	139.6688	1.327684	1.681308
39858	-416.8669	-556.5148	139.6479	1.319209	1.702196
39864	-424.0921	-563.7783	139.6862	1.280845	1.702196
39870	-419.0931	-558.5018	139.4087	1.350485	1.846921
39876	-421.4054	-561.3512	139.9458	1.32437	1.481051
39882	-418.5227	-558.0606	139.5379	2.510162	0.3097713
39888	-422.287	-561.9016	139.6146	2.476324	0.3514614
39894	-426.5963	-566.2103	139.614	1.577494	1.539878
39900	-423.9129	-563.8528	139.9399	1.676148	1.204979
39906	-427.5463	-567.5404	139.994	1.622005	1.204979
39912	-410.9561	-550.4574	139.5014	2.460588	0.2544279
39918	-416.5011	-555.9405	139.4394	2.598467	0.3017487
39924	-406.9537	-546.5248	139.5711	2.449422	0.2891866
39930	-412.3876	-552.1701	139.7825	2.341946	0.4023607
39936	-404.8864	-544.9584	140.072	2.074033	0.4864314
39942	-410.8553	-551.0215	140.1661	1.979161	0.5239939
39948	-412.0645	-552.1362	140.0717	2.064016	0.576667
39954	-415.3882	-555.7772	140.3889	1.711306	0.6676642
39960	-414.0882	-554.2192	140.131	1.969242	0.6676642
39966	-422.2347	-562.2901	140.0554	2.084523	0.4451072
39972	-424.8573	-565.0047	140.1474	1.995156	0.5450847
39978	-422.6843	-562.77	140.0857	1.998247	0.6981667
39984	-418.3779	-558.4611	140.0831	2.031801	0.6360837
39990	-419.7202	-558.1761	138.4559	3.059579	0.125893
39996	-418.1997	-556.5892	138.3895	3.01731	0.1092302
40002	-434.9665	-574.9826	140.0161	2.071147	0.6921701
40008	-424.879	-564.7732	139.8943	2.248687	0.54254
40014	-410.3675	-548.6089	138.2414	3.133523	0.1048933
40020	-403.2338	-541.255	138.0212	3.248801	0.09205107
40026	-404.7348	-542.8384	138.1036	3.181149	0.09373365
40032	-406.4147	-544.5183	138.1036	3.181149	0.09373365
40038	-415.0957	-553.4627	138.3671	3.181149	0.1315727
40044	-413.6002	-552.0019	138.4017	3.093213	0.1225021
40050	-425.2303	-564.9528	139.7225	1.806368	1.277959
40056	-426.3945	-565.4579	139.0633	1.556695	1.941501
40062	-416.3704	-555.7861	139.4157	1.431385	1.786335
40068	-408.0312	-547.5324	139.5013	1.388559	1.756536
40074	-408.3985	-548.069	139.6704	1.381242	1.641841
40080	-406.1467	-545.0873	138.9405	2.735995	0.1575723
40086	-403.4382	-542.9379	139.4997	2.407899	0.229053
40092	-403.973	-543.667	139.6939	2.390955	0.3444804
40098	-401.9436	-541.4718	139.5281	2.481797	0.2821642
40104	-413.5506	-553.2764	139.7258	2.390309	0.3867655
40110	-408.2969	-547.9972	139.7003	2.315419	0.2859631
40116	-412.3843	-551.9969	139.6126	2.445039	0.3178465
40122	-420.2931	-560.1547	139.8616	1.615374	1.320136
40128	-423.261	-562.6114	139.3504	1.532157	1.761622
40134	-419.5305	-559.4696	139.9391	2.203132	0.5472877
40140	-404.781	-544.7442	139.9632	2.166913	0.4150985
40146	-404.7499	-544.7127	139.9629	2.166913	0.4143142
40152	-402.3861	-542.2367	139.8505	2.279347	0.4145243
40158	-407.0629	-547.0972	140.0342	2.11215	0.5014142
40164	-421.8748	-561.9897	140.1149	1.82312	0.8957155
40170	-419.1922	-559.4045	140.2124	1.875044	0.6919231
40176	-408.8255	-548.9923	140.1668	1.860153	0.7856886
40182	-408.2934	-548.3705	140.077	2.069202	0.4915803
40188	-409.1771	-549.2878	140.1107	2.004884	0.6346303
40194	-412.2799	-552.4175	140.1376	1.969428	0.6536841
40200	-430.19	-569.9854	139.7954	2.241258	0.3008098
40206	-407.9958	-547.8636	139.8678	2.267144	0.4281514
40212	-406.7738	-546.7474	139.9737	2.16607	0.5599926
40218	-415.9216	-555.8538	139.9322	2.179907	0.6425279
40224	-416.5664	-556.4361	139.8697	2.017141	0.9515095
40230	-417.3913	-557.7632	140.3718	1.507927	0.9589028
40236	-406.6428	-546.621	139.9782	1.50899	1.311916
40242	-409.873	-549.7794	139.9064	1.580776	1.311916
40248	-412.8853	-551.8828	138.9975	1.576095	1.972669
40254	-411.1026	-551.1424	140.0398	1.517786	1.254222
40260	-422.331	-562.2125	139.8815	1.590165	1.324388
40266	-415.9083	-555.9383	140.03	1.364182	1.385846
40272	-412.1905	-551.9578	139.7673	1.626842	1.385846
40278	-417.2526	-556.7784	139.5258	1.723848	1.496523
40284	-419.9593	-559.3915	139.4322	1.634391	1.6311
40290	-419.5397	-558.9723	139.4325	1.604221	1.652559
40296	-405.1009	-545.3196	140.2188	1.740085	0.8716922
40302	-408.5395	-548.7144	140.1749	1.770925	0.8868245
40308	-412.968	-553.1653	140.1973	1.876235	0.7158577
40314	-416.8967	-557.0145	140.1178	1.658353	1.06159
40320	-415.7144	-555.418	139.7036	1.578747	1.471867
40326	-418.8791	-558.8809	140.0019	1.777355	1.058654
40332	-424.5445	-563.6696	139.125	0.9358443	2.307383
40338	-419.6133	-558.9096	139.2963	0.9788301	2.169424
40344	-415.6667	-555.9792	140.3125	1.544303	0.9826256
40350	-416.3874	-555.7159	139.3285	1.201232	2.00196
40356	-422.2304	-561.9648	139.7345	1.338374	1.626606
40362	-408.6123	-547.4243	138.812	1.019614	2.452515
40368	-418.3049	-557.9547	139.6498	1.296808	1.716662
40374	-413.0115	-552.7662	139.7548	1.294415	1.643639
40380	-419.105	-559.0064	139.9013	1.487182	1.390258
40386	-414.7608	-554.5523	139.7915	1.639127	1.357145
40392	-414.399	-554.4047	140.0057	1.570548	1.238633
40398	-416.4343	-556.4238	139.9895	1.570548	1.252185
40404	-413.1874	-553.5567	140.3694	1.648356	0.7982343
40410	-410.7655	-550.7528	139.9873	1.418324	1.376831
40416	-413.7438	-553.8233	140.0794	1.326245	1.376831
40422	-409.7676	-549.9318	140.1642	1.356554	1.284614
40428	-413.6613	-553.8736	140.2123	1.650571	0.9764057
40434	-406.6113	-546.2478	139.6365	1.57061	1.528314
40440	-403.5949	-543.7132	140.1184	1.745194	0.9756957
40446	-406.8162	-546.969	140.1528	1.544936	1.133588
40452	-408.7689	-548.5601	139.7912	1.590827	1.395319
40458	-409.6361	-548.7975	139.1614	1.183358	2.124061
40464	-412.6597	-551.5153	138.8556	1.371478	2.200605
40470	-414.1288	-552.7934	138.6646	1.226838	2.414862
40476	-422.7855	-561.9231	139.1376	1.304067	2.06035
40482	-412.2215	-552.1863	139.9647	2.143678	0.3745585
40488	-413.3022	-553.208	139.9058	2.223054	0.4120843
40494	-418.3269	-558.6899	140.3629	1.524946	0.9503755
40500	-411.6911	-551.9843	140.2932	1.828872	0.6186005
40506	-422.3673	-562.5587	140.1915	1.946557	0.5674018
40512	-420.2369	-560.3401	140.1031	2.040866	0.5352784
40518	-421.254	-561.2146	139.9606	2.163094	0.6142305
40524	-424.6184	-564.6058	139.9874	2.158844	0.507882
40530	-424.0442	-563.9654	139.9213	2.195516	0.3880371
40536	-421.3934	-561.2773	139.8839	2.238747	0.3987855
40542	-413.1751	-553.0175	139.8424	1.723345	1.247434
40548	-422.3157	-562.3183	140.0027	1.563102	1.247434
40554	-422.6978	-562.5178	139.82	2.293097	0.3818274
40560	-418.415	-558.521	140.1061	1.412309	1.286586
40566	-421.4181	-561.6377	140.2196	1.351401	1.24309
40572	-413.1959	-553.246	140.0501	2.071774	0.6189862
40578	-410.6347	-550.6326	139.9978	2.136582	0.5814733
40584	-416.1967	-556.2642	140.0675	2.066946	0.5814733
40590	-422.7919	-562.7382	139.9463	2.107524	0.7470559
40596	-412.434	-552.4125	139.9784	2.075397	0.7470559
40602	-423.765	-563.7747	140.0097	2.093298	0.6621063
40608	-420.5933	-560.7212	140.1279	1.972186	0.66788
40614	-416.904	-557.0622	140.1582	1.849731	0.8111274
40620	-415.68	-555.6963	140.0163	1.872731	0.9491367
40626	-416.9441	-557.0234	140.0793	2.056068	0.4292335
40632	-417.0893	-557.0763	139.987	2.039924	0.7857632
40638	-413.8659	-553.8463	139.9804	2.155682	0.5753407
40644	-420.8632	-560.9348	140.0716	1.820901	0.9455386
40650	-413.0233	-553.0793	140.0559	2.004189	0.7373879
40656	-413.4868	-553.6836	140.1968	1.777677	0.853063
40662	-417.6874	-557.8434	140.1559	1.818562	0.853063
40668	-420.1512	-560.0745	139.9233	1.540555	1.33071
40674	-424.3088	-563.7989	139.4902	1.973681	1.33071
40680	-422.3787	-562.3917	140.0131	1.844649	0.9816387
40686	-414.6192	-554.6465	140.0273	2.118946	0.4923628
40692	-416.2948	-556.468	140.1732	1.75525	0.9063844
40698	-415.313	-555.6158	140.3029	1.793338	0.6755163
40704	-417.4392	-557.7104	140.2712	1.482643	1.082481
40710	-415.6372	-555.7818	140.1446	1.640922	1.052683
40716	-419.6804	-558.6907	139.0103	1.265248	2.169146
40722	-422.5753	-561.9662	139.3909	0.9736907	2.111106
40728	-418.144	-557.9968	139.8529	1.484546	1.429856
40734	-415.5038	-555.0875	139.5837	1.488141	1.627346
40740	-402.595	-542.56	139.965	1.664698	1.193252
40746	-406.4168	-546.4955	140.0787	1.675184	1.082435
40752	-411.428	-551.7299	140.3019	1.452008	1.082435
40758	-405.1649	-545.1647	139.9998	1.510471	1.293207
40764	-407.3804	-546.9508	139.5703	1.570405	1.577247
40770	-412.5972	-552.8273	140.2301	1.660388	0.9476036
40776	-408.0487	-548.2849	140.2362	1.654274	0.9476036
40782	-412.2642	-552.2121	139.9479	1.352701	1.45797
40788	-408.4278	-548.4948	140.0671	1.304812	1.403221
40794	-400.8995	-541.1134	140.2139	1.67962	0.9443868
40800	-422.1625	-562.2822	140.1197	1.974671	0.6790706
40806	-430.4261	-570.6806	140.2544	1.850225	0.6586627
40812	-425.339	-565.5741	140.2351	1.869574	0.6586627
40818	-420.4798	-560.6619	140.1821	1.964289	0.5045989
40824	-416.2031	-556.1667	139.9636	1.61963	1.232778
40830	-409.8799	-549.7876	139.9077	1.675527	1.232778
40836	-409.1732	-548.305	139.1318	1.46452	1.957413
40842	-420.0192	-560.0734	140.0543	2.034776	0.6889808
40848	-413.8774	-554.119	140.2416	1.780401	0.7924897
40854	-414.5406	-554.5457	140.0051	1.823013	1.011399
40860	-417.2569	-557.5604	140.3035	1.561672	0.9740201
40866	-411.6016	-551.6111	140.0095	1.780504	1.048429
40872	-401.5952	-541.8402	140.245	1.46559	1.122091
40878	-415.5829	-555.5784	139.9954	1.761104	1.079958
40884	-420.8009	-560.8375	140.0366	1.62008	1.169862
40890	-439.1297	-578.8463	139.7167	2.428652	0.4770665
40896	-421.4548	-561.2825	139.8277	2.302738	0.4158267
40902	-427.9712	-567.4171	139.446	1.568949	1.668184
40908	-429.1558	-568.6923	139.5365	1.286682	1.802877
40914	-412.0124	-552.0438	140.0314	2.057699	0.6889498
40920	-413.2063	-553.1406	139.9343	2.189662	0.6136023
40926	-411.0752	-551.1392	140.064	2.081015	0.5266049
40932	-408.1929	-548.3734	140.1806	1.964527	0.5256744
40938	-413.184	-553.3171	140.1331	1.875203	0.8106401
40944	-413.5598	-553.571	140.0113	1.751236	1.074413
40950	-415.6017	-555.8085	140.2068	1.597991	1.034215
40956	-420.5481	-559.9155	139.3674	1.564926	1.726704
40962	-420.3871	-560.6509	140.2639	1.564705	1.010912
40968	-408.4174	-548.4132	139.9958	1.854131	0.9895387
40974	-406.7597	-546.6426	139.883	2.263419	0.502644
40980	-412.9861	-552.659	139.6729	2.429199	0.3655679
40986	-414.2602	-553.9709	139.7107	2.422049	0.421828
40992	-424.2493	-563.9021	139.6528	2.473452	0.6072078
40998	-409.8654	-549.8235	139.958	1.802721	1.076031
41004	-406.1298	-546.1233	139.9935	1.767212	1.076031
41010	-404.1891	-544.1739	139.9849	1.797222	1.055958
41016	-413.2282	-552.9484	139.7203	1.669598	1.389211
41022	-410.8875	-549.7526	138.8651	1.56117	2.070538
41028	-417.4167	-555.7418	138.3251	1.284345	2.591113
41034	-407.0522	-547.0037	139.9515	1.343393	1.462342
41040	-411.4677	-551.2548	139.7871	1.507784	1.462342
41046	-405.3162	-545.3261	140.0099	1.63559	1.179622
41052	-412.1259	-552.3252	140.1994	1.45993	1.167599
41058	-419.588	-559.5494	139.9614	1.124696	1.617044
41064	-409.5243	-549.5834	140.0591	2.058992	0.6285023
41070	-414.2665	-554.4841	140.2176	1.927142	0.5293976
41076	-415.9177	-556.1936	140.2759	1.800917	0.7103977
41082	-411.4854	-551.7347	140.2493	1.800312	0.7533662
41088	-408.4715	-548.715	140.2435	1.665221	0.928062
41094	-412.3539	-552.5492	140.1953	1.887885	0.699446
41100	-414.9233	-554.9688	140.0456	2.064006	0.6482529
41106	-410.0511	-550.1028	140.0517	1.861474	0.9233048
41112	-415.2068	-555.3993	140.1925	1.953738	0.5078047
41118	-417.7097	-557.8744	140.1647	1.957375	0.6184899
41124	-401.9701	-542.0507	140.0806	1.526756	1.212354
41130	-405.4626	-545.4318	139.9692	1.49477	1.330563
41136	-397.957	-538.1598	140.2028	1.73276	0.8984744
41142	-402.6152	-542.766	140.1508	1.747314	0.9395132
41148	-402.0383	-542.2003	140.1619	1.645109	1.031994
41154	-409.7827	-550.2184	140.4357	1.440248	0.9628584
41160	-402.9807	-543.2889	140.3082	1.393964	1.129622
41166	-414.1887	-554.1651	139.9764	1.561205	1.270806
41172	-411.039	-551.5301	140.4911	1.441145	0.9021964
41178	-404.3237	-544.5511	140.2274	1.676253	0.9335427
41184	-407.2062	-547.364	140.1578	1.90548	0.7324656
41190	-427.1084	-567.0683	139.9599	2.086928	0.7574004
41196	-425.6081	-565.8241	140.216	1.846224	0.7341132
41202	-421.0555	-561.1961	140.1406	1.868854	0.8091415
41208	-420.115	-560.3019	140.1868	1.816336	0.8173176
41214	-420.1012	-560.1004	139.9992	1.477839	1.32012
41220	-419.3613	-559.2933	139.932	1.466041	1.382811
41226	-414.8556	-554.241	139.3853	1.281586	1.909806
41232	-411.1912	-549.8375	138.6463	1.331556	2.360218
41238	-411.1985	-550.9385	139.74	1.303017	1.648056
41244	-412.1841	-552.1311	139.947	1.928998	0.9627884
41250	-417.7396	-557.801	140.0614	1.922766	0.8412227
41256	-417.0565	-557.0691	140.0126	1.971575	0.8412227
41262	-412.4153	-552.5126	140.0973	1.391503	1.310626
41268	-418.322	-558.0065	139.6845	1.324216	1.672588
41274	-416.5444	-556.3022	139.7578	1.373373	1.584267
41280	-432.4038	-572.4965	140.0927	1.679081	1.065735
41286	-430.7456	-571.026	140.2805	1.698693	0.8474066
41292	-423.6981	-563.6846	139.9865	1.944552	0.9035279
41298	-419.742	-559.8014	140.0593	1.927196	0.8383223
41304	-413.9997	-554.2452	140.2455	1.836775	0.7010558
41310	-412.2274	-552.338	140.1106	1.635429	1.089699
41316	-413.4092	-553.5938	140.1846	1.465463	1.175638
41322	-405.7082	-545.681	139.9728	1.680127	1.173178
41328	-412.0629	-550.4713	138.4084	1.399496	2.467404
41334	-406.363	-545.9077	139.5447	1.330974	1.766426
41340	-412.1311	-551.3671	139.236	1.565304	1.817985
41346	-413.3108	-553.0082	139.6974	1.639456	1.430273
41352	-409.9632	-550.2534	140.2901	1.786958	0.7099302
41358	-405.617	-545.93	140.313	1.824886	0.5681276
41364	-407.0516	-547.1097	140.058	2.07984	0.5681276
41370	-404.0609	-544.2191	140.1582	1.983099	0.5522982
41376	-409.8296	-550.0079	140.1783	1.943919	0.61803
41382	-402.3763	-542.6904	140.3141	1.821973	0.5753748
41388	-411.9286	-551.9591	140.0305	1.818523	0.99043
41394	-417.5014	-557.4825	139.9811	2.163974	0.5265686
41400	-404.1376	-544.3065	140.1688	1.712063	0.9577162
41406	-396.4891	-536.5762	140.0871	1.554041	1.183354
41412	-395.46	-534.9054	139.4454	1.606677	1.641542
41418	-399.8216	-539.6778	139.8562	1.383681	1.50383
41424	-398.2074	-537.7037	139.4963	1.308221	1.815758
41430	-410.2798	-549.0473	138.7675	1.139433	2.405073
41436	-411.1761	-549.5815	138.4055	0.9991033	2.717299
41442	-410.7055	-549.0884	138.3829	0.9329322	2.771547
41448	-401.6469	-541.729	140.0821	1.412734	1.30577
41454	-403.7423	-543.0783	139.3359	1.517793	1.781691
41460	-404.1027	-544.3384	140.2357	1.543009	1.05915
41466	-403.1259	-543.3199	140.194	1.594562	1.049786
41472	-401.9087	-541.4379	139.5292	1.334612	1.774658
41478	-401.844	-542.0436	140.1997	1.763299	0.8668184
41484	-409.4933	-549.44	139.9467	2.023926	0.8577344
41490	-404.2304	-544.3589	140.1285	1.977882	0.6551255
41496	-414.0168	-553.9789	139.9621	1.948381	0.9261757
41502	-413.1781	-553.2953	140.1172	1.971422	0.6898006
41508	-411.4029	-551.3503	139.9474	2.176762	0.6130753
41514	-412.6718	-552.5062	139.8344	2.310042	0.469761
41520	-407.6766	-547.5268	139.8502	2.211398	0.7350301
41526	-409.5331	-549.5567	140.0236	2.061517	0.6960003
41532	-400.3678	-540.2593	139.8915	2.25338	0.4730902
41538	-412.6814	-552.6552	139.9738	2.146935	0.3951024
41544	-406.6464	-547.0325	140.3861	1.574364	0.8697487
41550	-406.1544	-546.3641	140.2097	1.752994	0.8671739
41556	-399.0013	-539.0706	140.0693	1.856257	0.9096169
41562	-398.2739	-538.398	140.1241	1.985486	0.6482051
41568	-407.0027	-547.2326	140.2299	1.836813	0.7269208
41574	-414.8055	-554.8683	140.0629	2.082592	0.4787121
41580	-411.3525	-551.4572	140.1047	2.006242	0.6452127
41586	-409.3882	-549.2685	139.8803	2.222765	0.3668905
41592	-421.1638	-560.547	139.3832	2.51265	0.2241667
41598	-417.2601	-556.9686	139.7086	2.354458	0.322614
41604	-432.0567	-572.1244	140.0677	2.017839	0.6953166
41610	-424.5897	-564.0056	139.4159	2.606797	0.2906923
41616	-417.9656	-557.4446	139.479	2.478331	0.2520369
41622	-415.1816	-554.6402	139.4585	2.540591	0.2753514
41628	-419.0205	-558.4992	139.4787	2.554044	0.2979062
41634	-417.6683	-557.5729	139.9046	2.178522	0.3425249
41640	-415.8079	-555.8129	140.005	2.136698	0.5501336
41646	-414.6245	-554.7372	140.1127	1.902957	0.80093
41652	-407.8537	-547.9625	140.1089	1.952249	0.7358284
41658	-410.3102	-550.552	140.2417	1.627499	0.9698495
41664	-410.7743	-550.8487	140.0744	1.840523	0.9213398
41670	-410.0685	-550.2891	140.2205	1.71413	0.8994489
41676	-409.4393	-549.3988	139.9595	1.721459	1.148508
41682	-417.9634	-557.7843	139.8208	2.321761	0.4577645
41688	-420.7756	-560.4516	139.676	2.413165	0.3493027
41694	-413.3137	-552.8121	139.4985	2.53469	0.2982065
41700	-422.3724	-561.6518	139.2793	2.710944	0.2700408
41706	-428.5776	-567.9035	139.3259	2.534075	0.2103903
41712	-425.4222	-564.9962	139.574	2.409963	0.2663695
41718	-417.2072	-557.0583	139.8511	2.286508	0.4364622
41724	-423.4631	-563.227	139.764	2.343756	0.3735223
41730	-425.1471	-564.9168	139.7697	2.37672	0.4984494
41736	-417.8223	-557.6106	139.7883	2.347291	0.4301779
41742	-418.1279	-557.8917	139.7638	2.382502	0.5058332
41748	-409.3404	-549.461	140.1206	2.012482	0.5861511
41754	-416.5919	-556.6234	140.0314	2.10162	0.5861511
41760	-412.0482	-552.1255	140.0774	1.46205	1.269277
41766	-422.7023	-562.9575	140.2552	1.611038	0.9729
41772	-405.9501	-546.022	140.0718	2.074403	0.4909738
41778	-414.3697	-554.4153	140.0456	2.074403	0.6238775
41784	-404.4008	-544.4419	140.0411	2.074403	0.6347508
41790	-407.9362	-548.0205	140.0842	1.924662	0.8099031
41796	-415.7156	-555.4203	139.7047	1.87477	1.23592
41802	-411.01	-551.066	140.056	1.893498	0.8825234
41808	-408.9557	-548.8767	139.921	1.893498	1.024742
41814	-409.3168	-549.0733	139.7565	1.72045	1.320174
41820	-410.1642	-550.1197	139.9555	1.539668	1.305462
41826	-409.04	-549.2161	140.1761	1.539668	1.117336
41832	-410.5913	-550.6248	140.0336	1.538931	1.241792
41838	-416.3171	-556.5598	140.2427	1.734146	0.850211
41844	-424.563	-563.7202	139.1572	1.418863	1.970992
41850	-413.994	-553.8883	139.8943	2.150871	0.7598625
41856	-406.8847	-547.0245	140.1398	2.00276	0.5448669
41862	-408.4943	-548.7601	140.2657	1.807482	0.7164179
41868	-413.791	-553.8114	140.0204	1.940624	0.8691289
41874	-412.3991	-552.4366	140.0374	2.108607	0.5135118
41880	-403.3627	-543.176	139.8133	2.314835	0.4104586
41886	-401.592	-541.4811	139.8891	2.253524	0.4579949
41892	-409.4467	-549.4625	140.0158	2.129755	0.4800612
41898	-413.0145	-553.2483	140.2338	1.801165	0.7745072
41904	-414.2678	-553.1413	138.8735	1.536822	2.081011
41910	-405.3714	-544.9566	139.5853	1.35632	1.720184
41916	-414.9981	-554.7719	139.7738	1.311223	1.617799
41922	-415.8354	-555.1839	139.3485	1.165215	2.012647
41928	-404.6125	-544.413	139.8005	1.608723	1.374035
41934	-407.0841	-547.1165	140.0325	1.918763	0.8805527
41940	-412.3294	-552.4543	140.1249	1.621178	1.089701
41946	-418.5644	-558.1816	139.6171	1.349647	1.702406
41952	-414.0583	-554.1269	140.0686	1.310054	1.397953
41958	-410.464	-549.4345	138.9705	1.229034	2.218385
41964	-407.4	-546.1439	138.7439	1.115764	2.434899
41970	-407.5305	-546.1789	138.6484	1.157242	2.468818
41976	-409.3681	-548.741	139.3729	1.462046	1.794754
41982	-415.3249	-554.0198	138.6949	0.9304398	2.581248
41988	-407.5443	-547.0628	139.5185	1.042643	1.981025
41994	-411.8372	-551.8745	140.0373	1.41072	1.343367
42000	-404.2821	-544.3374	140.0553	1.392691	1.343367
42006	-408.3868	-548.5668	140.18	1.446937	1.195652
42012	-413.8393	-553.2276	139.3883	1.498632	1.758521
42018	-412.7036	-552.6163	139.9126	1.602907	1.288907
42024	-435.5113	-575.418	139.9067	2.233154	0.5594834
42030	-424.8738	-564.5061	139.6323	1.662839	1.462188
42036	-425.8119	-565.912	140.1001	1.585808	1.144163
42042	-425.1483	-564.693	139.5447	1.370003	1.739127
42048	-412.4193	-551.6037	139.1844	1.164686	2.121221
42054	-414.4276	-553.5381	139.1105	1.28168	2.092962
42060	-411.0779	-550.9186	139.8406	1.211157	1.641768
42066	-413.0141	-553.2567	140.2426	1.793331	0.7731519
42072	-416.569	-556.545	139.976	1.718385	1.136609
42078	-411.4749	-551.3571	139.8822	1.714023	1.221831
42084	-410.2152	-550.5017	140.2865	1.655826	0.8908073
42090	-403.4644	-543.6904	140.226	1.694681	0.9150765
42096	-414.0341	-554.4534	140.4193	1.694681	0.6384126
42102	-414.4909	-554.5727	140.0818	1.406327	1.311197
42108	-411.0517	-551.1487	140.097	1.476604	1.240896
42114	-416.0921	-556.3167	140.2246	1.756491	0.8450232
42120	-417.3126	-556.8317	139.5191	1.369709	1.757263
42126	-419.3871	-559.4625	140.0755	1.665883	1.094023
42132	-404.277	-544.6224	140.3454	1.696607	0.764513
42138	-399.5612	-539.8695	140.3084	1.766117	0.7142717
42144	-399.2566	-539.3718	140.1152	1.711399	1.012828
42150	-403.8599	-543.863	140.003	1.988882	0.8316248
42156	-418.2056	-558.2504	140.0448	1.9284	0.8545633
42162	-418.858	-558.9073	140.0493	1.923971	0.8545633
42168	-419.4173	-559.5002	140.0829	1.962217	0.7599593
42174	-422.6845	-562.6443	139.9598	2.17223	0.4199359
42180	-420.1981	-560.4144	140.2163	1.523097	1.095813
42186	-421.0351	-561.1885	140.1534	1.499334	1.17334
42192	-414.3687	-553.4035	139.0348	1.180181	2.208433
42198	-424.3369	-563.8772	139.5404	1.105622	1.923955
42204	-414.8572	-554.7236	139.8664	2.279974	0.5025632
42210	-413.2243	-553.1836	139.9593	2.161767	0.621157
42216	-413.0798	-553.0555	139.9758	2.166418	0.5472884
42222	-415.4797	-555.8111	140.3314	1.665504	0.8253354
42228	-413.2775	-553.4912	140.2136	1.516278	1.10454
42234	-406.8002	-546.7698	139.9695	1.841411	1.028191
42240	-413.1485	-553.0843	139.9357	2.047891	0.8419382
42246	-411.3574	-551.2411	139.8837	1.348278	1.509757
42252	-410.2926	-548.4933	138.2007	1.174725	2.735143
42258	-413.454	-552.0115	138.5575	1.255769	2.464038
42264	-410.6827	-549.849	139.1663	1.309538	2.037759
42270	-413.6363	-552.6787	139.0424	1.480046	2.006843
42276	-415.023	-553.3426	138.3196	1.287395	2.592613
42282	-412.1002	-551.9436	139.8434	1.29853	1.576333
42288	-410.1777	-550.188	140.0103	1.396687	1.375767
42294	-417.4932	-557.0529	139.5598	1.671494	1.510295
42300	-410.0625	-550.072	140.0094	1.769862	1.058582
42306	-409.6008	-549.5793	139.9786	1.53374	1.291522
42312	-423.4518	-563.2491	139.7974	1.738239	1.272417
42318	-420.5689	-560.6614	140.0925	1.531554	1.198154
42324	-412.9037	-553.1576	140.254	1.744521	0.8233426
42330	-412.1774	-552.4748	140.2974	1.644617	0.8911535
42336	-412.839	-552.9388	140.0998	2.025924	0.6087329
42342	-420.9438	-560.6341	139.6903	2.424687	0.3849347
42348	-413.2685	-552.9489	139.6804	2.424687	0.3697101
42354	-412.5144	-552.3457	139.8312	2.309005	0.4464719
42360	-412.8995	-552.7307	139.8312	2.309005	0.4464719
42366	-413.542	-553.3219	139.7799	2.360302	0.4464719
42372	-417.0206	-556.6671	139.6464	1.550178	1.536092
42378	-411.7904	-551.1365	139.3461	1.380553	1.869203
42384	-415.1177	-553.7936	138.6759	1.413871	2.288948
42390	-413.8565	-554.0769	140.2204	1.878776	0.6697173
42396	-412.9331	-552.9991	140.0661	1.957635	0.7901792
42402	-404.0464	-544.1765	140.1301	1.893594	0.7901792
42408	-422.3831	-562.2564	139.8733	2.064444	0.8959422
42414	-421.5233	-561.2108	139.6875	1.455764	1.575419
42420	-413.566	-553.6455	140.0796	2.066791	0.5032118
42426	-408.056	-548.1109	140.0549	2.086991	0.5489111
42432	-404.4461	-544.6093	140.1632	1.981264	0.5312955
42438	-404.7439	-545.0809	140.3369	1.699693	0.7721849
42444	-414.1434	-553.9491	139.8058	1.722933	1.278117
42450	-415.4611	-555.412	139.9509	1.577785	1.278117
42456	-411.9949	-552.2289	140.2341	1.682783	0.9192562
42462	-406.4677	-546.6557	140.188	1.622009	1.029149
42468	-406.0765	-546.056	139.9795	1.627528	1.21263
42474	-407.4355	-547.6562	140.2206	1.480205	1.130838
42480	-411.6661	-551.5348	139.8687	1.490827	1.41278
42486	-415.8905	-554.455	138.5645	1.160824	2.519042
42492	-418.6254	-558.8389	140.2135	1.332627	1.263777
42498	-422.7247	-562.1465	139.4218	1.507478	1.728873
42504	-422.7169	-562.8908	140.1739	1.395991	1.243983
42510	-411.6949	-552.0243	140.3294	1.466512	1.042738
42516	-419.0511	-558.3518	139.3007	1.516589	1.806946
42522	-435.9153	-575.8045	139.8891	1.212539	1.605716
42528	-425.1902	-565.2114	140.0212	1.535447	1.255047
42534	-418.2675	-557.9462	139.6787	1.791925	1.32525
42540	-418.6999	-558.6269	139.927	1.666902	1.223798
42546	-418.8292	-559.1637	140.3344	1.490546	1.014443
42552	-420.9304	-561.2409	140.3104	1.497579	1.031055
42558	-416.3543	-556.3495	139.9953	1.797075	1.046166
42564	-415.9785	-556.1591	140.1806	1.508254	1.141503
42570	-417.2701	-557.0824	139.8123	1.836348	1.176838
42576	-417.4167	-557.3127	139.896	1.837923	1.100806
42582	-413.7798	-553.7052	139.9254	2.187609	0.6405348
42588	-406.9896	-546.9634	139.9737	1.884597	0.9810407
42594	-408.8939	-548.7943	139.9004	1.458187	1.413517
42600	-408.4627	-547.843	139.3803	1.090353	2.041243
42606	-405.7147	-545.0372	139.3225	1.229358	1.98718
42612	-398.3388	-538.4875	140.1487	1.53272	1.148117
42618	-405.3299	-545.0517	139.7218	1.344286	1.631438
42624	-408.2761	-548.6206	140.3445	1.596191	0.8926451
42630	-404.7021	-544.9766	140.2745	1.56799	0.9969996
42636	-418.7958	-558.9553	140.1595	1.73654	0.9417825
42642	-425.6743	-566.0652	140.3909	1.704688	0.6767779
42648	-426.2218	-566.3173	140.0956	1.659134	1.081686
42654	-407.1997	-546.5224	139.3227	1.274602	1.956743
42660	-410.0665	-549.9347	139.8682	1.502792	1.403886
42666	-411.47	-551.2217	139.7517	1.619348	1.403886
42672	-406.2611	-545.8421	139.581	1.619348	1.533292
42678	-405.4626	-545.6967	140.2342	1.342784	1.238055
42684	-414.8973	-554.8272	139.9299	1.782183	1.120718
42690	-421.1276	-561.5628	140.4352	1.704261	0.5613502
42696	-416.5509	-556.9861	140.4352	1.704261	0.5613502
42702	-409.8422	-550.0531	140.2109	1.792477	0.8170583
42708	-417.4064	-557.4257	140.0192	1.823949	0.9963596
42714	-405.9373	-546.21	140.2727	1.584061	0.9826648
42720	-408.0482	-548.1256	140.0774	2.005969	0.6990798
42726	-407.5569	-547.6814	140.1246	1.958827	0.6990798
42732	-405.0224	-545.4039	140.3815	1.630182	0.8062361
42738	-411.4742	-551.503	140.0288	1.989971	0.7968065
42744	-411.706	-551.8577	140.1517	1.934459	0.6941561
42750	-414.3196	-554.1571	139.8374	2.253994	0.6846348
42756	-408.8268	-548.567	139.7402	2.400424	0.4481842
42762	-403.0147	-543.1473	140.1327	2.013349	0.5139605
42768	-413.2425	-553.1493	139.9068	2.219897	0.4071806
42774	-422.2489	-562.1202	139.8713	2.263592	0.4278928
42780	-417.3096	-557.3415	140.0319	2.079988	0.3799138
42786	-424.9666	-564.8851	139.9184	2.221544	0.4455269
42792	-416.2433	-556.1128	139.8695	2.275129	0.4711177
42798	-417.0414	-556.4752	139.4338	2.552106	0.2675203
42804	-411.495	-550.8933	139.3984	2.545854	0.2455591
42810	-428.0698	-567.9638	139.894	2.232541	0.6064418
42816	-421.2323	-561.1552	139.9229	2.209833	0.4217668
42822	-419.9121	-560.1346	140.2224	1.878617	0.6660454
42828	-426.3781	-566.5388	140.1607	1.849538	0.8081593
42834	-435.1294	-574.8961	139.7667	2.313732	0.3397152
42840	-429.1799	-569.3744	140.1946	1.911599	0.6555723
42846	-419.8345	-560	140.1655	1.979729	0.5241686
42852	-416.2635	-556.5327	140.2691	1.81398	0.6996005
42858	-415.3616	-555.7932	140.4316	1.638286	0.7219581
42864	-414.3911	-554.5219	140.1308	1.906418	0.7712954
42870	-412.302	-552.6597	140.3577	1.721228	0.7067249
42876	-419.7103	-559.9823	140.272	1.845698	0.6294225
42882	-422.4415	-562.5722	140.1306	1.853741	0.8410054
42888	-417.4811	-557.6625	140.1813	1.803028	0.8410054
42894	-417.2362	-557.0905	139.8543	1.732586	1.229714
42900	-414.3046	-554.3583	140.0536	2.08707	0.5552629
42906	-417.4229	-557.3644	139.9415	2.204124	0.4809092
42912	-408.5049	-548.6704	140.1655	1.980604	0.4878784
42918	-414.9076	-555.0019	140.0942	2.045464	0.4443745
42924	-397.6997	-538.0111	140.3114	1.783203	0.6787053
42930	-405.0755	-544.7347	139.6592	1.68872	1.421749
42936	-409.3918	-549.4879	140.0962	1.650547	1.089072
42942	-416.8579	-557.1362	140.2782	1.296149	1.240221
42948	-407.9516	-547.9212	139.9695	1.444539	1.370222
42954	-420.562	-560.4244	139.8623	2.240649	0.3667917
42960	-412.1154	-552.3345	140.2192	1.85376	0.7168839
42966	-409.9065	-549.9804	140.0739	2.06131	0.5783999
42972	-412.0677	-552.1306	140.0629	2.041454	0.6593641
42978	-408.5882	-548.792	140.2038	1.939954	0.5371034
42984	-409.8376	-549.9659	140.1283	1.982064	0.6464156
42990	-417.4162	-557.0353	139.6192	2.385972	0.2790855
42996	-416.6865	-556.414	139.7275	2.363275	0.3512384
43002	-424.0186	-563.9882	139.9696	2.170378	0.5588739
43008	-415.9298	-555.979	140.0492	1.9181	0.8617445
43014	-416.2197	-556.2871	140.0673	2.073481	0.4490425
43020	-414.8127	-555.0304	140.2178	1.882426	0.6677918
43026	-410.3493	-550.5748	140.2254	1.874728	0.6677918
43032	-406.1449	-546.3499	140.205	1.699252	0.9329684
43038	-403.3512	-543.4809	140.1297	1.731206	0.9783663
43044	-416.7769	-557.1781	140.4012	1.5517	0.8786481
43050	-416.055	-556.1936	140.1386	2.0024	0.5538598
43056	-411.3404	-551.4517	140.1113	2.026435	0.4371057
43062	-409.8277	-549.8518	140.0241	2.116692	0.5547156
43068	-414.469	-554.2904	139.8214	2.323608	0.5263801
43074	-412.9087	-552.7821	139.8733	2.244768	0.3903105
43080	-413.45	-553.5068	140.0569	2.088719	0.4802846
43086	-425.481	-565.3474	139.8663	2.20582	0.7181493
43092	-424.5266	-564.4894	139.9629	2.179874	0.5440078
43098	-421.7208	-561.738	140.0172	2.128918	0.5117996
43104	-425.0413	-564.7837	139.7424	1.701011	1.34699
43110	-429.7347	-569.7858	140.0511	2.056795	0.6518571
43116	-412.0438	-551.97	139.9262	2.217924	0.4671459
43122	-417.5588	-557.7406	140.1817	1.908505	0.6868149
43128	-415.2966	-555.4527	140.1561	1.971007	0.6046211
43134	-413.7651	-553.8212	140.056	1.318955	1.400798
43140	-407.416	-547.4325	140.0166	2.081774	0.6713941
43146	-409.2224	-549.2699	140.0475	2.097854	0.5231513
43152	-402.5678	-542.6926	140.1248	1.978027	0.6625115
43158	-407.1314	-547.3243	140.1929	1.781405	0.8533024
43164	-404.3718	-544.55	140.1782	1.741769	0.9158628
43170	-406.9838	-547	140.0162	1.903703	0.9158628
43176	-414.0754	-554.3381	140.2627	1.523479	1.052071
43182	-412.7414	-552.5921	139.8507	1.599309	1.34179
43188	-415.0919	-553.9556	138.8637	1.424732	2.1608
43194	-420.4817	-560.2083	139.7266	1.05059	1.834582
43200	-419.0132	-558.1021	139.0889	1.219301	2.147925
43206	-408.3304	-547.81	139.4795	1.427771	1.744282
43212	-420.2818	-559.7742	139.4924	1.511685	1.675902
43218	-422.3282	-562.3101	139.9819	1.623252	1.214223
43224	-406.0218	-545.2764	139.2546	1.373056	1.936366
43230	-422.3485	-561.9723	139.6239	1.726958	1.419503
43236	-419.7937	-560.0725	140.2788	1.666347	0.8875718
43242	-411.6353	-551.8448	140.2095	1.739747	0.882818
43248	-414.5849	-554.6615	140.0765	1.975166	0.750246
43254	-410.9722	-548.9234	137.9512	1.1453	2.904675
43260	-414.8846	-553.5519	138.6673	1.148305	2.462563
43266	-419.1937	-557.6955	138.5017	1.06397	2.618149
43272	-429.326	-569.474	140.148	1.96486	0.6408978
43278	-421.373	-561.555	140.1821	1.934038	0.6333912
43284	-406.5523	-546.0108	139.4586	1.359714	1.806239
43290	-412.6046	-553.0335	140.429	1.449024	0.9607706
43296	-410.8565	-551.1934	140.337	1.541024	0.9607706
43302	-409.9249	-550.2245	140.2995	1.646496	0.8865563
43308	-407.2216	-547.4845	140.2629	1.88314	0.5134721
43314	-411.5871	-551.5025	139.9154	2.188831	0.3684772
43320	-403.974	-543.7655	139.7915	2.269686	0.3209859
43326	-401.0388	-540.7609	139.722	2.362611	0.3442421
43332	-403.996	-543.6982	139.7021	2.30216	0.2785587
43338	-405.24	-544.8357	139.5957	2.412558	0.2810858
43344	-401.9441	-541.5242	139.5801	2.469225	0.3107935
43350	-401.9906	-541.6044	139.6139	2.450928	0.3242444
43356	-399.4309	-539.4905	140.0596	2.070344	0.414737
43362	-408.0524	-548.0692	140.0169	1.618681	1.188233
43368	-409.7364	-549.7909	140.0545	1.686481	1.094381
43374	-401.0396	-541.3238	140.2842	1.8133	0.6730725
43380	-406.929	-547.032	140.1031	1.976253	0.7061506
43386	-404.8254	-544.9054	140.08	2.065403	0.4784272
43392	-399.0045	-539.2124	140.2078	1.937663	0.5215286
43398	-401.9004	-541.7076	139.8073	2.287573	0.3561696
43404	-410.9838	-551.1005	140.1167	2.012449	0.5986025
43410	-412.7039	-552.618	139.9141	2.103921	0.2875277
43416	-409.7921	-549.669	139.8769	2.242484	0.3926767
43422	-403.1468	-543.0832	139.9364	2.184917	0.3961668
43428	-407.3307	-546.6738	139.3432	2.489347	0.2008033
43434	-404.8916	-544.3521	139.4605	2.511086	0.2595422
43440	-411.2678	-550.8548	139.587	2.425042	0.2835349
43446	-412.1393	-551.9063	139.7671	2.32918	0.3579309
43452	-410.9703	-550.6996	139.7293	2.32918	0.3185864
43458	-410.9458	-550.5491	139.6033	2.425563	0.2950813
43464	-408.7275	-548.2178	139.4903	2.457897	0.2474844
43470	-399.0221	-538.2776	139.2555	2.656816	0.2310538
43476	-402.6447	-542.0932	139.4485	2.450603	0.2255132
43482	-403.2479	-542.6829	139.435	2.469408	0.2276977
43488	-402.4929	-542.1582	139.6653	2.41256	0.3369699
43494	-401.2366	-541.1411	139.9045	2.211517	0.3867241
43500	-413.6405	-553.7013	140.0608	1.984385	0.7598995
43506	-410.5041	-550.4446	139.9405	2.205759	0.5068656
43512	-417.0634	-557.1851	140.1217	1.967179	0.6892463
43518	-408.3126	-548.3383	140.0257	2.099322	0.4036297
43524	-410.3714	-550.4163	140.0449	2.099322	0.533723
43530	-408.8531	-548.8676	140.0145	2.131122	0.5197449
43536	-402.7348	-542.6228	139.8881	2.238082	0.4060243
43542	-408.5586	-548.3647	139.8061	2.325593	0.4190384
43548	-402.5934	-542.761	140.1676	1.975227	0.5432866
43554	-404.2361	-544.4427	140.2066	1.790293	0.8254044
43560	-407.8727	-548.1584	140.2857	1.711193	0.8254044
43566	-415.0348	-555.4303	140.3956	1.659816	0.744682
43572	-410.5184	-550.7059	140.1875	1.624659	1.027041
43578	-410.4369	-550.8677	140.4309	1.539049	0.8585853
43584	-420.2986	-560.7011	140.4025	1.560634	0.8666402
43590	-412.2537	-552.4909	140.2372	1.651447	0.9495964
43596	-411.8638	-551.768	139.9042	1.698454	1.216406
43602	-406.6033	-546.4856	139.8823	1.758927	1.183315
43608	-408.4038	-548.7002	140.2964	1.758927	0.744766
43614	-400.4805	-540.6936	140.2132	1.658094	0.9677597
43620	-413.76	-553.8116	140.0516	1.493831	1.264315
43626	-422.8861	-562.8167	139.9307	1.282233	1.523987
43632	-416.9462	-556.9322	139.9861	1.505918	1.308037
43638	-410.4798	-550.4801	140.0004	1.432833	1.355101
43644	-412.2132	-551.9562	139.743	1.176462	1.735759
43650	-421.9046	-561.067	139.1624	1.237167	2.088092
43656	-419.3612	-558.0298	138.6686	1.237167	2.405833
43662	-426.0434	-564.4984	138.455	1.146762	2.595845
43668	-408.9147	-547.8156	138.9009	1.020131	2.396214
43674	-415.6575	-553.2865	137.629	0.8371015	3.280739
43680	-413.06	-551.7445	138.6845	1.221975	2.405378
43686	-405.9023	-545.0885	139.1862	1.361869	1.989769
43692	-410.3474	-550.0339	139.6866	1.350659	1.652222
43698	-405.6094	-545.2915	139.6822	1.593383	1.477008
43704	-412.8683	-552.6718	139.8036	1.835275	1.185392
43710	-411.8386	-551.8078	139.9692	2.026819	0.8264226
43716	-412.6298	-553.0245	140.3947	1.601296	0.8264226
43722	-409.2254	-549.2331	140.0078	1.613066	1.200894
43728	-415.3694	-555.0444	139.675	1.467284	1.576125
43734	-412.7181	-552.7779	140.0597	1.222968	1.471583
43740	-422.1953	-561.27	139.0747	1.164571	2.192698
43746	-418.5049	-558.0696	139.5647	1.354798	1.735736
43752	-427.3283	-567.4979	140.1696	1.468558	1.186011
43758	-421.902	-560.8331	138.9311	1.377472	2.147683
43764	-428.2478	-568.2125	139.9647	2.167729	0.5883921
43770	-424.4692	-564.3781	139.9089	2.215984	0.611002
43776	-425.1698	-565.176	140.0062	2.135339	0.4524232
43782	-416.7879	-556.9461	140.1581	1.980714	0.5639768
43788	-412.5822	-552.6078	140.0256	1.978391	0.8162874
43794	-408.7558	-548.8763	140.1205	1.978391	0.6703851
43800	-411.0103	-551.1702	140.1599	1.978391	0.5663813
43806	-416.8411	-557.0055	140.1644	1.978391	0.5437405
43812	-431.736	-571.4897	139.7537	1.368603	1.590672
43818	-416.8352	-555.9476	139.1124	1.364221	2.037247
43824	-418.4286	-558.1197	139.6912	1.348437	1.650507
43830	-407.4091	-546.9751	139.5659	1.245859	1.810741
43836	-411.7725	-551.9476	140.1751	1.56841	1.092042
43842	-416.9178	-556.9	139.9822	1.644761	1.195659
43848	-406.4182	-546.3692	139.951	1.644761	1.222242
43854	-411.5783	-551.5949	140.0166	1.825102	0.9978367
43860	-408.8017	-548.9162	140.1145	1.799876	0.9219913
43866	-416.4713	-556.791	140.3198	1.74261	0.7338663
43872	-416.6787	-556.9578	140.2791	1.802801	0.7017158
43878	-412.31	-552.3904	140.0804	2.005392	0.6947968
43884	-416.2589	-556.2156	139.9567	1.661635	1.203013
43890	-411.6589	-551.3985	139.7397	2.374308	0.3832483
43896	-411.9276	-551.6339	139.7063	2.392101	0.3606154
43902	-412.2581	-552.184	139.9259	2.218337	0.4679959
43908	-406.2519	-546.374	140.1221	2.022151	0.4679959
43914	-402.7954	-542.8187	140.0233	2.107695	0.4174298
43920	-404.0309	-544.1461	140.1152	2.030038	0.5240348
43926	-402.2374	-542.2317	139.9942	2.076193	0.7210239
43932	-410.3327	-550.5411	140.2083	1.928184	0.5736064
43938	-409.8235	-549.9796	140.1561	1.960325	0.6325941
43944	-406.027	-546.3597	140.3327	1.569453	0.9351625
43950	-413.6735	-553.6969	140.0234	1.773283	1.041981
43956	-402.661	-542.5385	139.8775	1.241313	1.593258
43962	-400.8369	-541.0037	140.1669	1.296454	1.331129
43968	-409.1718	-549.2192	140.0474	1.343696	1.388251
43974	-409.9071	-549.9573	140.0502	1.615698	1.161796
43980	-410.7768	-550.5475	139.7706	1.47581	1.498911
43986	-406.5696	-546.7697	140.2001	1.910535	0.645834
43992	-410.7109	-550.8626	140.1517	1.849434	0.8199171
43998	-415.6032	-555.8401	140.2369	1.612034	0.9905518
44004	-423.5917	-563.7848	140.1931	1.690867	0.9544754
44010	-416.3022	-556.5341	140.2319	1.652121	0.9544754
44016	-411.6008	-551.7525	140.1517	1.565441	1.11613
44022	-407.871	-547.7018	139.8308	1.543307	1.401518
44028	-408.436	-548.7011	140.2651	1.556454	1.017795
44034	-420.0697	-560.1768	140.1071	1.978417	0.6952973
44040	-416.049	-555.6016	139.5526	2.467728	0.2890478
44046	-407.7529	-547.3329	139.58	2.453771	0.2986798
44052	-400.9385	-540.8322	139.8937	2.228761	0.3984332
44058	-410.1977	-550.3117	140.1139	2.01641	0.5949738
44064	-418.1364	-558.2809	140.1445	2.001147	0.4803877
44070	-402.3002	-542.6526	140.3524	1.38478	1.097836
44076	-402.1539	-541.8864	139.7325	1.511791	1.500529
44082	-401.5882	-541.9209	140.3326	1.543683	0.9625273
44088	-396.9576	-537.1546	140.1969	1.679362	0.9625273
44094	-404.4283	-544.6832	140.2549	1.783447	0.7696937
44100	-402.4345	-542.5347	140.1001	2.042744	0.5430413
44106	-408.5065	-548.7915	140.285	1.857937	0.5430413
44112	-400.308	-540.4108	140.1028	2.042317	0.475435
44118	-406.1421	-546.2305	140.0884	1.97981	0.7245905
44124	-390.9063	-530.8153	139.9091	2.222336	0.4183318
44130	-401.2693	-541.007	139.7377	2.335341	0.3321167
44136	-408.2686	-547.5314	139.2627	2.659351	0.2353083
44142	-412.6108	-552.6727	140.0619	1.612011	1.154769
44148	-413.4869	-553.603	140.1161	1.557802	1.154769
44154	-414.2452	-553.4284	139.1833	2.612871	0.1891838
44160	-414.3636	-553.7069	139.3433	2.599584	0.2449179
44166	-413.0829	-552.6304	139.5475	2.455185	0.2775399
44172	-406.3385	-545.4559	139.1174	2.695546	0.1944143
44178	-408.5847	-547.8247	139.2401	2.716954	0.2519052
44184	-417.113	-556.2337	139.1207	2.769901	0.2220688
44190	-409.3262	-549.4639	140.1376	1.965406	0.6620433
44196	-410.5174	-550.6683	140.1509	1.99173	0.5445251
44202	-404.4337	-544.5744	140.1407	2.005193	0.5166153
44208	-414.6297	-554.6266	139.9969	2.148961	0.5166153
44214	-408.3921	-547.9213	139.5291	2.492131	0.289733
44220	-403.1049	-542.5512	139.4463	2.492131	0.2428061
44226	-404.8425	-544.3351	139.4927	2.460784	0.2500969
44232	-404.9324	-544.742	139.8096	2.273289	0.3423037
44238	-411.3829	-551.1011	139.7182	2.34367	0.3215829
44244	-409.1173	-549.0427	139.9254	2.168599	0.3551245
44250	-407.3056	-547.24	139.9344	2.185789	0.3940403
44256	-411.9343	-551.8913	139.957	2.186807	0.4647313
44262	-401.4017	-541.6325	140.2309	1.898912	0.5967854
44268	-393.1607	-533.3599	140.1991	1.946912	0.4864877
44274	-404.3491	-544.5517	140.2026	1.94038	0.5421994
44280	-402.3523	-542.447	140.0947	2.031929	0.6060537
44286	-409.9762	-550.073	140.0968	2.030511	0.6042356
44292	-408.9334	-548.8519	139.9185	2.211001	0.4135466
44298	-407.9897	-548.0291	140.0394	2.10698	0.5019374
44304	-419.7013	-559.7944	140.0931	1.895576	0.8357183
44310	-417.7059	-557.7851	140.0792	1.871003	0.881683
44316	-416.078	-556.0866	140.0085	1.806123	1.024599
44322	-408.3913	-548.7191	140.3278	1.545897	0.9651952
44328	-410.5798	-550.4282	139.8485	1.554252	1.37914
44334	-416.5952	-556.6548	140.0596	1.640136	1.131795
44340	-415.8631	-556.0207	140.1576	1.648454	1.032944
44346	-415.9461	-555.8992	139.9531	1.736703	1.140681
44352	-411.265	-551.0975	139.8326	1.394177	1.51367
44358	-414.4684	-553.7483	139.2798	1.60486	1.760105
44364	-414.0859	-553.2181	139.1322	1.349581	2.033829
44370	-419.8714	-560.0184	140.147	1.783405	0.9042523
44376	-416.4541	-556.5957	140.1416	1.826339	0.8608901
44382	-412.2306	-552.396	140.1654	1.890336	0.7441146
44388	-404.3	-544.4108	140.1108	1.712418	1.01623
44394	-408.4679	-548.5602	140.0923	2.04993	0.5469163
44400	-403.5955	-543.8362	140.2406	1.827917	0.7240525
44406	-413.0239	-553.0352	140.0113	1.435251	1.344517
44412	-407.2246	-547.4578	140.2332	1.519398	1.083622
44418	-411.6721	-551.7379	140.0658	1.613321	1.150133
44424	-408.9944	-549.143	140.1486	1.680922	1.009953
44430	-415.6717	-555.7377	140.066	1.494697	1.251664
44436	-416.3174	-556.2675	139.9501	1.778065	1.106075
44442	-408.9371	-548.6209	139.6838	1.33713	1.663852
44448	-407.0514	-547.1593	140.1078	1.434929	1.266518
44454	-407.7207	-548.0102	140.2895	1.60648	0.9417926
44460	-412.5607	-552.7719	140.2113	1.643369	0.9848002
44466	-413.0989	-553.3495	140.2506	1.493197	1.091752
44472	-416.5189	-556.4815	139.9626	1.493197	1.337101
44478	-408.6345	-548.5214	139.8869	1.329907	1.521069
44484	-407.07	-546.343	139.273	1.532634	1.814971
44490	-409.8981	-548.7614	138.8633	1.129772	2.350566
44496	-413.8512	-553.3496	139.4984	1.384752	1.761198
44502	-424.2135	-564.3013	140.0878	2.013497	0.6654717
44508	-421.5587	-561.4022	139.8435	2.257852	0.6654717
44514	-411.3177	-551.2048	139.8871	2.257844	0.473578
44520	-412.0298	-552.1143	140.0845	2.056441	0.554019
44526	-418.0227	-557.8519	139.8292	2.258739	0.3479498
44532	-412.6905	-552.4814	139.7909	2.344147	0.4284193
44538	-429.0991	-569.1344	140.0353	2.097352	0.4216208
44544	-408.3723	-548.5075	140.1351	1.658236	1.045206
44550	-405.449	-545.4115	139.9625	1.830859	1.045206
44556	-409.3523	-549.7006	140.3483	1.623979	0.8557228
44562	-398.4677	-538.5929	140.1252	1.968614	0.6801039
44568	-404.487	-544.6542	140.1672	1.977376	0.4706301
44574	-401.6189	-541.6144	139.9955	2.147207	0.4580729
44580	-399.7555	-539.8322	140.0767	2.069009	0.5192037
44586	-401.6417	-541.6791	140.0375	2.107849	0.4772691
44592	-407.1139	-547.4033	140.2894	1.856178	0.4795037
44598	-404.515	-544.4472	139.9322	2.205612	0.4373312
44604	-406.8376	-546.7698	139.9322	2.205612	0.4373312
44610	-406.7837	-546.6814	139.8977	2.185659	0.3428732
44616	-407.8075	-547.0229	139.2155	2.630436	0.2053796
44622	-411.8553	-550.6334	138.7782	2.873163	0.1519238
44628	-407.2174	-546.007	138.7896	2.873163	0.1544543
44634	-406.6248	-545.4666	138.8418	2.842399	0.1593442
44640	-406.0554	-544.8509	138.7955	2.842399	0.1490296
44646	-410.0564	-549.1165	139.0601	2.630616	0.1608982
44652	-413.2844	-551.9948	138.7103	2.980412	0.1608982
44658	-406.7629	-545.5727	138.8098	2.880924	0.1608982
44664	-405.5012	-544.3439	138.8428	2.880924	0.1690055
44670	-400.6892	-539.8491	139.1599	2.625413	0.1859375
44676	-403.1134	-542.0798	138.9664	2.810706	0.1835188
44682	-403.9001	-542.7539	138.8539	2.821668	0.1573469
44688	-409.5757	-548.6036	139.0279	2.821668	0.2066754
44694	-410.6708	-549.4842	138.8134	2.821668	0.148434
44700	-403.2152	-542.0129	138.7977	2.821668	0.1451686
44706	-402.5877	-542.1692	139.5814	2.418936	0.27612
44712	-408.1058	-547.5438	139.438	2.418936	0.209297
44718	-406.9806	-546.8291	139.8485	2.287462	0.4310909
44724	-402.8645	-542.9503	140.0858	2.060297	0.5130813
44730	-403.2397	-543.4053	140.1655	1.932283	0.6724324
44736	-407.9013	-547.9623	140.061	2.002008	0.7328858
44742	-395.0493	-535.278	140.2287	1.866285	0.6778623
44748	-403.4613	-543.5268	140.0655	2.079104	0.5307266
44754	-405.2936	-545.571	140.2774	1.832467	0.6474852
44760	-410.5141	-550.769	140.2548	1.865362	0.6233922
44766	-406.5592	-546.459	139.8998	2.219286	0.3920823
44772	-404.6733	-544.3744	139.7011	2.384639	0.3455062
44778	-404.538	-544.1625	139.6245	2.41599	0.3037882
44784	-404.4604	-543.9743	139.5139	2.514234	0.2945402
44790	-412.2106	-551.7308	139.5202	2.445469	0.256392
44796	-417.8814	-557.4186	139.5371	2.531863	0.3281866
44802	-418.0666	-556.9293	138.8626	2.749474	0.1436992
44808	-401.5797	-540.361	138.7814	2.882652	0.1547293
44814	-402.5528	-541.9709	139.418	2.499093	0.2331231
44820	-407.3006	-546.2507	138.9501	2.758202	0.1651345
44826	-410.8689	-549.8088	138.9399	2.768387	0.1651345
44832	-404.6242	-543.4874	138.8632	2.845086	0.1651345
44838	-409.529	-548.559	139.03	2.768153	0.1898014
44844	-427.1195	-565.5538	138.4343	3.068804	0.1238349
44850	-425.3676	-563.6705	138.3029	3.161494	0.1176827
44856	-419.0273	-557.2981	138.2708	3.136884	0.1093568
44862	-409.8096	-548.0956	138.286	3.129633	0.1104748
44868	-422.8433	-561.0371	138.1939	3.142906	0.09997915
44874	-411.0009	-550.3677	139.3669	2.481724	0.2063271
44880	-410.4785	-550.1922	139.7137	2.35726	0.3300737
44886	-409.3638	-549.4952	140.1314	2.005954	0.4356704
44892	-420.5661	-560.3983	139.8322	2.217752	0.3113295
44898	-413.5519	-553.2111	139.6592	2.390732	0.3113295
44904	-414.0416	-553.6437	139.6022	2.403288	0.2792977
44910	-410.7421	-550.4567	139.7146	2.290902	0.2792977
44916	-408.9019	-548.9825	140.0806	2.036432	0.3884062
44922	-404.2284	-544.4794	140.251	1.886721	0.5689457
44928	-404.815	-545.0342	140.2191	1.926815	0.4854302
44934	-400.559	-540.5626	140.0036	2.142405	0.5135325
44940	-407.4922	-547.6578	140.1656	1.980217	0.4825193
44946	-405.3409	-545.4096	140.0687	2.077338	0.5136225
44952	-403.3918	-543.6035	140.2118	1.860249	0.7184176
44958	-409.7424	-549.8651	140.1226	1.995337	0.6288511
44964	-401.3544	-541.5011	140.1467	1.927576	0.7146284
44970	-398.9269	-539.0531	140.1262	1.944628	0.7203866
44976	-404.5263	-544.6702	140.1439	1.944628	0.6899804
44982	-404.3711	-544.4256	140.0545	1.981264	0.7734306
44988	-408.7796	-548.9636	140.184	1.910917	0.6780016
44994	-404.9164	-545.0464	140.13	1.997864	0.6025684
45000	-407.0654	-546.9954	139.93	2.182045	0.3801191
45006	-413.072	-553.1344	140.0624	2.083898	0.4935819
45012	-414.7374	-554.6452	139.9078	2.238506	0.4935819
45018	-411.5346	-551.5922	140.0575	2.047032	0.6588789
45024	-412.1233	-552.3499	140.2266	1.914029	0.5555907
45030	-416.0132	-556.2189	140.2057	1.564329	1.067318
45036	-414.2637	-554.2967	140.033	1.744927	1.059863
45042	-420.9629	-561.0495	140.0866	2.025686	0.6422582
45048	-408.4454	-548.5317	140.0863	1.72844	1.024518
45054	-410.4131	-550.6919	140.2787	1.674496	0.8782486
45060	-405.0259	-545.2502	140.2243	1.614902	1.000343
45066	-409.6069	-549.8	140.1931	1.646145	1.000343
45072	-408.4826	-548.6245	140.1419	1.678768	1.018675
45078	-412.0214	-551.9415	139.9201	1.377982	1.459902
45084	-405.6173	-545.9266	140.3093	1.573146	0.9561475
45090	-395.9537	-536.1692	140.2155	1.782473	0.8239702
45096	-401.5082	-541.7705	140.2623	1.86795	0.5952156
45102	-413.0979	-553.2175	140.1196	1.962509	0.7013126
45108	-423.1293	-563.165	140.0358	2.110451	0.5092384
45114	-406.2433	-546.5666	140.3232	1.342853	1.161664
45120	-402.1204	-541.2312	139.1108	1.300847	2.080158
45126	-406.6733	-545.9442	139.2709	1.170089	2.060842
45132	-408.3667	-547.7404	139.3737	1.314869	1.89512
45138	-398.0571	-537.2496	139.1925	1.454819	1.923077
45144	-408.9291	-547.1015	138.1724	1.372057	2.631292
45150	-409.8269	-548.5819	138.755	1.204271	2.37199
45156	-400.1883	-538.8039	138.6156	1.343657	2.37199
45162	-406.5843	-544.3662	137.782	1.082616	3.044086
45168	-400.6592	-539.8156	139.1564	1.00779	2.241182
45174	-402.5338	-542.5495	140.0157	1.158843	1.552398
45180	-411.3488	-550.4068	139.058	1.071864	2.263236
45186	-406.5026	-545.5256	139.0231	1.032397	2.310843
45192	-411.9297	-552.1174	140.1877	1.896482	0.6977605
45198	-407.483	-547.6541	140.1711	1.896482	0.7256341
45204	-416.5032	-555.9354	139.4322	1.070433	2.020001
45210	-417.7668	-557.1428	139.376	1.095621	2.040574
45216	-419.9475	-559.1671	139.2196	1.290734	2.014852
45222	-420.895	-561.1517	140.2567	1.433194	1.140599
45228	-406.7398	-547.0748	140.3349	1.420163	1.081293
45234	-409.1009	-549.5104	140.4095	1.587579	0.8250595
45240	-415.9188	-556.1201	140.2013	1.849188	0.7520238
45246	-423.5754	-563.6131	140.0377	1.376289	1.370248
45252	-423.7655	-563.9375	140.172	1.578735	1.085363
45258	-426.8296	-565.7197	138.8901	1.485713	2.10374
45264	-424.4608	-564.0132	139.5524	1.462473	1.668234
45270	-430.6633	-570.5498	139.8865	2.233629	0.3939623
45276	-426.2054	-565.9876	139.7822	2.335658	0.389905
45282	-415.8029	-555.6953	139.8924	1.785241	1.151477
45288	-416.8834	-556.7971	139.9137	1.762045	1.15314
45294	-427.3717	-567.4085	140.0368	2.10958	0.5021798
45300	-426.6271	-566.7159	140.0888	2.057355	0.5110474
45306	-424.6027	-564.7568	140.1541	1.682619	1.002821
45312	-430.6379	-570.9216	140.2837	1.574003	0.9816182
45318	-425.1271	-565.4358	140.3087	1.785437	0.6794796
45324	-414.796	-554.5401	139.7441	2.365858	0.3769303
45330	-421.4978	-561.8001	140.3023	1.837773	0.5585508
45336	-412.9233	-553.2219	140.2986	1.837773	0.5740114
45342	-423.2059	-563.1691	139.9632	2.172765	0.5755479
45348	-424.3046	-564.305	140.0003	2.135671	0.5755479
45354	-404.3927	-544.6609	140.2681	1.481791	1.086101
45360	-412.7554	-552.4521	139.6967	1.4864	1.546077
45366	-411.3104	-551.2772	139.9668	1.538437	1.297274
45372	-411.9895	-552.2332	140.2438	1.718906	0.8671849
45378	-411.0329	-551.2437	140.2107	1.728073	0.8947823
45384	-422.255	-562.2789	140.0239	1.721461	1.090324
45390	-405.9507	-546.2836	140.3329	1.672601	0.8142805
45396	-411.0087	-551.2107	140.202	1.803491	0.8142805
45402	-411.2959	-551.4794	140.1836	1.955663	0.5623322
45408	-407.2366	-547.23	139.9934	2.153016	0.5017249
45414	-412.9877	-552.0545	139.0668	2.729663	0.1892803
45420	-414.0348	-553.0532	139.0184	2.866249	0.2196985
45426	-418.6182	-557.7578	139.1396	2.744997	0.2196985
45432	-416.2032	-556.0834	139.8802	2.225242	0.3701914
45438	-414.2359	-553.9477	139.7117	2.328608	0.3036248
45444	-419.5268	-559.2453	139.7185	2.333271	0.3128332
45450	-401.6068	-541.1096	139.5028	2.531946	0.2994186
45456	-405.7325	-544.9526	139.2201	2.709299	0.2386292
45462	-407.1339	-546.6697	139.5358	2.486104	0.2901694
45468	-405.7363	-545.2721	139.5358	2.486104	0.2901694
45474	-409.695	-549.5152	139.8202	2.303153	0.4002349
45480	-405.639	-545.4432	139.8042	2.254411	0.3186671
45486	-409.0221	-549.0514	140.0292	2.117119	0.496124
45492	-412.7685	-552.6468	139.8783	2.232602	0.3783327
45498	-406.543	-546.2028	139.6598	2.439566	0.3618659
45504	-401.9639	-541.7925	139.8286	2.270708	0.3618659
45510	-404.5277	-543.8171	139.2894	2.614623	0.227531
45516	-401.2171	-540.5391	139.322	2.557123	0.2175419
45522	-403.331	-542.7315	139.4005	2.533585	0.2407764
45528	-413.3154	-552.7361	139.4207	2.506337	0.2375385
45534	-413.4753	-553.6768	140.2016	1.944779	0.5043975
45540	-404.4358	-544.8112	140.3754	1.708038	0.6989745
45546	-403.9635	-544.2043	140.2408	1.714374	0.8759914
45552	-405.2016	-545.4944	140.2928	1.433358	1.107946
45558	-405.0576	-545.0446	139.987	1.47928	1.328727
45564	-406.9661	-546.5226	139.5565	1.258254	1.808713
45570	-413.9188	-554.28	140.3611	1.493844	0.98443
45576	-408.1534	-548.5777	140.4243	1.543462	0.8611064
45582	-417.0852	-555.8772	138.7919	2.76288	0.1327608
45588	-419.9524	-558.8385	138.8861	2.76288	0.1514251
45594	-410.4724	-550.6594	140.187	1.891793	0.707071
45600	-406.8226	-546.9093	140.0867	2.026886	0.6392781
45606	-408.6918	-548.9812	140.2894	1.695882	0.8399168
45612	-406.8238	-546.9762	140.1525	1.504878	1.169313
45618	-408.719	-548.9151	140.1961	1.746595	0.8903274
45624	-409.1899	-549.2401	140.0501	1.660186	1.122311
45630	-406.9864	-546.7819	139.7955	1.570277	1.407954
45636	-413.1374	-553.1187	139.9813	1.788397	1.067698
45642	-421.5026	-561.7548	140.2522	1.794707	0.7573839
45648	-420.5513	-560.8053	140.254	1.891315	0.5231922
45654	-430.8733	-571.1568	140.2834	1.743156	0.7862044
45660	-409.5764	-549.8207	140.2443	1.743156	0.8371405
45666	-418.4827	-558.7968	140.3141	1.775385	0.6881075
45672	-415.5201	-555.7496	140.2295	1.745277	0.8526944
45678	-418.6475	-558.7476	140.1001	1.952564	0.7487445
45684	-416.3977	-556.4263	140.0285	1.598351	1.19568
45690	-413.6216	-553.8536	140.232	1.87212	0.6597129
45696	-412.3407	-552.5469	140.2062	1.743272	0.8825998
45702	-408.5913	-548.6575	140.0661	1.806715	0.9660925
45708	-417.481	-557.7825	140.3015	1.629156	0.9040027
45714	-412.4517	-552.6455	140.1938	1.882272	0.7115811
45720	-425.1425	-564.6777	139.5352	1.582098	1.594355
45726	-415.6697	-555.8557	140.186	1.693209	0.9594694
45732	-422.4532	-562.5461	140.0929	1.890476	0.8422082
45738	-415.1039	-555.0274	139.9235	1.762345	1.144191
45744	-407.0068	-547.1861	140.1793	1.453637	1.190451
45750	-407.8899	-548.1001	140.2101	1.793311	0.8169624
45756	-409.8395	-549.5266	139.6871	1.402801	1.614232
45762	-415.0891	-554.7487	139.6597	1.43028	1.614232
45768	-408.7351	-548.79	140.0549	1.470356	1.280927
45774	-411.1018	-551.1267	140.0249	1.365836	1.38854
45780	-410.3931	-550.629	140.2359	1.610816	0.9928184
45786	-415.9349	-555.6755	139.7407	1.489453	1.511145
45792	-412.4134	-552.5707	140.1573	1.401969	1.252885
45798	-413.8395	-553.7439	139.9044	1.377066	1.472518
45804	-408.933	-548.5908	139.6577	1.689623	1.422183
45810	-414.2528	-554.0292	139.7764	1.570937	1.422183
45816	-411.2417	-550.4599	139.2183	1.658732	1.76548
45822	-413.8606	-553.8365	139.9759	2.079725	0.7443379
45828	-415.2087	-555.3332	140.1245	2.01781	0.5465697
45834	-420.5882	-560.5302	139.9421	1.30331	1.499731
45840	-411.9256	-551.8025	139.8769	2.268952	0.5160028
45846	-412.4712	-552.5437	140.0725	2.043812	0.6329524
45852	-414.5269	-554.2467	139.7198	2.367204	0.3468675
45858	-420.383	-559.9857	139.6027	2.444603	0.3091805
45864	-413.6121	-553.5145	139.9024	1.9839	0.9520656
45870	-400.4516	-540.6832	140.2315	1.640911	0.9665085
45876	-407.6936	-548.0635	140.3699	1.656122	0.7869943
45882	-403.7658	-543.9816	140.2158	1.7608	0.8505148
45888	-406.3031	-546.5266	140.2235	1.813204	0.7720829
45894	-405.3022	-545.3749	140.0727	1.907639	0.8459917
45900	-403.53	-543.7345	140.2045	1.701913	0.9306033
45906	-404.6204	-544.7526	140.1323	1.970156	0.6632883
45912	-412.4358	-551.8356	139.3998	2.53509	0.2411347
45918	-404.9491	-544.4784	139.5293	2.53509	0.3238624
45924	-412.0838	-551.4311	139.3473	2.65348	0.2763805
45930	-404.7766	-544.124	139.3473	2.65348	0.2763805
45936	-403.1864	-542.8105	139.6241	2.454997	0.3383085
45942	-406.7158	-546.474	139.7582	2.384042	0.5470742
45948	-412.0582	-552.0668	140.0086	2.135257	0.4651551
45954	-411.4242	-551.3573	139.9332	2.164091	0.359176
45960	-410.6605	-550.7391	140.0786	2.04485	0.4003663
45966	-412.5967	-552.5657	139.969	2.110763	0.3389838
45972	-406.897	-546.4751	139.5781	2.469886	0.3096972
45978	-405.8094	-545.3309	139.5216	2.46314	0.2668123
45984	-414.5047	-554.5198	140.015	1.866058	0.9575237
45990	-400.3523	-540.1539	139.8016	2.325387	0.4079424
45996	-402.4016	-542.3904	139.9888	2.155385	0.4674606
46002	-415.6826	-555.8061	140.1235	2.016287	0.5596108
46008	-403.6851	-543.8086	140.1235	2.016287	0.5596108
46014	-406.2409	-546.4831	140.2422	1.900259	0.5455537
46020	-413.2039	-552.0452	138.8413	2.761826	0.1419018
46026	-409.0691	-547.9101	138.841	2.906781	0.175323
46032	-409.5307	-549.0757	139.545	1.175499	1.873377
46038	-412.2148	-552.1368	139.9221	1.341904	1.485754
46044	-409.6093	-549.6311	140.0217	1.734802	1.079989
46050	-412.29	-552.4305	140.1404	1.85879	0.8223734
46056	-422.0137	-562.0661	140.0524	1.673785	1.107925
46062	-418.6914	-558.4612	139.7698	2.354714	0.4026275
46068	-417.6392	-557.3421	139.7029	2.354714	0.3177635
46074	-407.3804	-546.9095	139.5292	2.515132	0.3067266
46080	-412.0933	-551.5002	139.4069	2.615304	0.2903675
46086	-409.9919	-549.8389	139.847	2.236156	0.3426146
46092	-409.4624	-549.5328	140.0704	2.007649	0.3372287
46098	-406.4078	-546.1702	139.7624	2.32347	0.3456319
46104	-399.7422	-539.5043	139.7621	2.32347	0.3453089
46110	-405.5474	-545.3814	139.834	2.253745	0.3477726
46116	-401.8436	-541.9352	140.0916	2.032327	0.6136154
46122	-399.4134	-539.4984	140.085	1.73786	1.016539
46128	-405.9492	-545.8485	139.8993	2.235075	0.5817267
46134	-402.0397	-542.0621	140.0224	2.111892	0.5817267
46140	-408.0312	-548.1743	140.1431	1.994213	0.5704176
46146	-413.2798	-553.3622	140.0823	2.044089	0.6066546
46152	-423.6387	-563.9998	140.3611	1.690688	0.7500929
46158	-423.2215	-563.4107	140.1892	1.778139	0.8616472
46164	-421.3641	-561.5642	140.2001	1.814573	0.8022782
46170	-418.5933	-559.0261	140.4328	1.533277	0.8631278
46176	-413.2064	-553.1595	139.9531	1.567415	1.284823
46182	-411.9227	-552.0545	140.1318	1.770922	0.9345294
46188	-400.0018	-540.2391	140.2373	1.771852	0.8095947
46194	-400.8781	-541.2611	140.383	1.662463	0.759502
46200	-395.0137	-535.2286	140.2149	1.662463	0.9613994
46206	-404.8622	-544.9867	140.1245	1.957912	0.7007573
46212	-407.5735	-547.688	140.1145	1.943249	0.7409928
46218	-412.8478	-552.8104	139.9626	2.160416	0.6160455
46224	-418.5285	-558.4718	139.9433	2.065193	0.8104174
46230	-424.7913	-564.5101	139.7188	1.288995	1.67327
46236	-429.0819	-569.1184	140.0365	1.544245	1.234919
46242	-424.0785	-564.1069	140.0284	2.110461	0.5638884
46248	-419.8576	-559.8934	140.0358	2.02075	0.7429039
46254	-432.2265	-572.2068	139.9804	1.951741	0.9023025
46260	-424.9357	-564.9969	140.0612	2.075494	0.4336508
46266	-427.9796	-567.7992	139.8195	2.325853	0.5228176
46272	-420.6578	-560.6326	139.9747	1.678132	1.173201
46278	-417.5426	-557.6504	140.1078	1.394664	1.299525
46284	-422.648	-562.1139	139.4659	1.104373	1.974915
46290	-407.7018	-547.1975	139.4958	1.491285	1.688014
46296	-407.5802	-547.6301	140.0499	1.620274	1.158047
46302	-413.6261	-553.2957	139.6696	1.872304	1.267218
46308	-419.7803	-559.8185	140.0382	1.654775	1.137876
46314	-413.315	-552.9422	139.6272	1.402215	1.657831
46320	-414.6859	-553.1853	138.4994	1.022798	2.645005
46326	-414.0746	-553.0828	139.0082	1.30892	2.142093
46332	-417.9553	-556.9454	138.9901	1.245014	2.195413
46338	-419.715	-559.6948	139.9799	1.535809	1.288772
46344	-418.4989	-558.2503	139.7515	1.46237	1.523277
46350	-424.0437	-564.2121	140.1684	1.890303	0.7396005
46356	-414.9053	-554.9607	140.0554	1.858991	0.9219304
46362	-420.6829	-560.2179	139.535	1.351141	1.759106
46368	-416.1515	-556.0288	139.8773	1.903021	1.057631
46374	-416.6368	-556.2124	139.5756	1.326024	1.748288
46380	-421.6075	-561.1496	139.5421	1.228226	1.839316
46386	-428.3505	-568.4247	140.0742	1.324203	1.382504
46392	-412.9674	-552.7321	139.7647	1.615436	1.396759
46398	-426.6538	-566.0819	139.428	2.086608	1.289635
46404	-412.8834	-552.8449	139.9615	2.144636	0.6556771
46410	-409.2645	-549.1014	139.8369	2.281746	0.3912996
46416	-405.3217	-544.919	139.5973	2.473982	0.3303932
46422	-408.6536	-548.3564	139.7028	2.38342	0.3459586
46428	-402.213	-541.8326	139.6196	2.465085	0.3442632
46434	-401.2626	-541.1501	139.8875	2.242052	0.4137853
46440	-404.2424	-544.1891	139.9466	2.162961	0.3763352
46446	-413.1909	-553.0978	139.9069	2.204042	0.3784545
46452	-414.7997	-555.1143	140.3146	1.683115	0.8243
46458	-401.3101	-541.532	140.2219	1.923835	0.5186934
46464	-400.4966	-540.7997	140.3032	1.839581	0.5439541
46470	-398.5285	-538.8582	140.3297	1.759693	0.6883153
46476	-405.1512	-545.3674	140.2162	1.875323	0.6843762
46482	-409.7369	-550.0685	140.3316	1.786236	0.6291925
46488	-407.8144	-548.0125	140.198	1.89523	0.6811528
46494	-421.8099	-560.3161	138.5062	1.126091	2.576914
46500	-410.1682	-550.5069	140.3387	1.80261	0.5523461
46506	-411.1015	-550.99	139.8885	2.218082	0.3718258
46512	-405.4886	-545.3754	139.8868	2.200739	0.3474977
46518	-411.4365	-551.2223	139.7858	2.329032	0.3847497
46524	-420.1513	-560.0082	139.8569	2.082642	0.8939633
46530	-409.95	-549.903	139.953	2.191077	0.5344671
46536	-403.2462	-543.2564	140.0102	2.123068	0.5854529
46542	-405.1161	-545.1804	140.0644	2.033522	0.6723042
46548	-401.7224	-541.8128	140.0904	2.033522	0.6136297
46554	-406.6091	-546.6917	140.0825	2.023127	0.6566106
46560	-402.9699	-543.1937	140.2238	1.801291	0.7882969
46566	-408.0184	-548.0836	140.0651	2.023444	0.6898119
46572	-412.8697	-553.2073	140.3376	1.75094	0.6898119
46578	-415.2145	-555.3097	140.0952	2.043184	0.5661492
46584	-416.3302	-556.495	140.1648	1.928031	0.6820453
46590	-411.8188	-552.0288	140.21	1.88855	0.6711016
46596	-401.9527	-541.9888	140.0361	1.894146	0.9044457
46602	-398.9433	-539.064	140.1206	2.017038	0.5689315
46608	-406.9161	-546.763	139.8469	2.287481	0.4264049
46614	-405.0596	-545.0336	139.974	2.172237	0.4909571
46620	-407.9665	-548.1657	140.1992	1.946871	0.5123598
46626	-406.3106	-546.4321	140.1214	2.013386	0.580063
46632	-401.2785	-541.5562	140.2777	1.840422	0.6284884
46638	-413.0312	-553.1992	140.168	1.840422	0.8105595
46644	-418.6394	-558.6955	140.0561	1.839579	0.9420804
46650	-425.1178	-564.129	139.0111	1.39961	2.08078
46656	-434.3593	-572.8366	138.4773	1.354369	2.45246
46662	-423.9604	-564.3737	140.4133	1.299667	1.119925
46668	-421.6076	-561.6838	140.0762	1.402111	1.31908
46674	-414.0765	-554.2661	140.1896	1.579343	1.06833
46680	-406.3677	-546.52	140.1523	1.837349	0.8345237
46686	-404.0982	-544.4503	140.3521	1.637473	0.8345237
46692	-404.2138	-544.5802	140.3663	1.647226	0.8037887
46698	-416.7977	-556.9296	140.1319	2.011535	0.5393481
46704	-414.4936	-554.6034	140.1098	2.030595	0.4473014
46710	-409.6498	-549.8528	140.203	1.838641	0.7649882
46716	-414.8853	-554.8815	139.9962	1.938638	0.8992043
46722	-416.7277	-556.8968	140.1691	1.920308	0.6883483
46728	-411.3216	-551.5748	140.2532	1.861361	0.6370227
46734	-408.5694	-548.685	140.1156	1.733435	0.9904281
46740	-415.8978	-555.8221	139.9243	1.659909	1.231995
46746	-406.1115	-546.2482	140.1367	1.637323	1.063605
46752	-416.7284	-556.8732	140.1448	1.682879	1.011746
46758	-403.6407	-543.9438	140.3032	1.795343	0.6710838
46764	-411.5229	-551.7048	140.1818	1.82986	0.8062162
46770	-405.4014	-545.6906	140.2892	1.670437	0.8707892
46776	-407.4522	-547.7281	140.2759	1.806165	0.701429
46782	-410.6622	-550.9471	140.2849	1.806165	0.6852948
46788	-408.8999	-548.7695	139.8696	1.698481	1.245456
46794	-412.7417	-552.2959	139.5542	1.073022	1.936619
46800	-407.2781	-546.5085	139.2304	1.173598	2.085183
46806	-410.9894	-551.022	140.0326	1.344441	1.399173
46812	-409.172	-548.31	139.138	1.34099	2.035682
46818	-407.9083	-546.5573	138.6491	1.098088	2.505422
46824	-416.5955	-555.3589	138.7633	1.012589	2.487447
46830	-413.6054	-552.8433	139.2379	1.245525	2.032757
46836	-415.107	-554.1874	139.0803	1.403083	2.032757
46842	-412.9282	-551.8074	138.8792	1.209667	2.289521
46848	-415.7122	-554.6692	138.957	1.167926	2.266388
46854	-406.6956	-546.4508	139.7552	1.458126	1.523648
46860	-406.3725	-546.3945	140.0219	1.469721	1.30833
46866	-406.4023	-546.1989	139.7966	1.076043	1.768546
46872	-409.167	-547.7181	138.5511	1.079736	2.57781
46878	-419.8684	-556.647	136.7786	0.8321563	3.779113
46884	-420.1929	-558.0385	137.8456	0.7076139	3.229302
46890	-410.227	-549.2517	139.0246	1.020934	2.317166
46896	-415.2319	-553.2335	138.0016	0.8979481	3.023149
46902	-404.7944	-544.9332	140.1388	1.513786	1.173443
46908	-406.0209	-546.1181	140.0972	1.535215	1.190911
46914	-403.5879	-543.7474	140.1596	1.927309	0.69291
46920	-401.545	-541.4506	139.9057	1.613014	1.286303
46926	-400.9667	-540.8751	139.9084	1.233422	1.576446
46932	-405.4322	-545.1206	139.6884	1.278921	1.702051
46938	-417.2751	-557.0942	139.8191	1.186468	1.674864
46944	-419.3674	-558.7256	139.3582	1.201112	1.982207
46950	-406.8363	-546.1956	139.3593	1.199998	1.982207
46956	-416.7479	-556.8221	140.0742	1.266498	1.42732
46962	-413.4151	-553.7804	140.3654	1.708981	0.7144993
46968	-403.7925	-544.1096	140.3172	1.766835	0.6979544
46974	-404.1563	-544.4729	140.3166	1.828856	0.4783979
46980	-416.2914	-556.3017	140.0103	2.007693	0.7979219
46986	-412.7153	-552.8497	140.1344	1.816299	0.8811516
46992	-400.9939	-541.1886	140.1948	1.875961	0.7205199
46998	-408.4872	-548.4305	139.9433	1.877982	1.018058
47004	-419.2189	-558.5171	139.2982	1.391881	1.8941
47010	-411.706	-550.8082	139.1022	1.165046	2.174537
47016	-413.4069	-551.5681	138.1612	1.007504	2.860994
47022	-415.4595	-555.5845	140.125	1.764653	0.9485178
47028	-412.2251	-552.499	140.2739	1.866573	0.5563044
47034	-412.0508	-552.2183	140.1675	1.973001	0.5563044
47040	-408.391	-548.5805	140.1895	1.956653	0.4884543
47046	-411.8397	-551.8974	140.0578	2.076231	0.5829636
47052	-405.2612	-545.409	140.1478	1.981894	0.5971799
47058	-406.7246	-546.5314	139.8068	2.049788	0.9827778
47064	-409.0345	-549.1526	140.1181	1.919599	0.7706657
47070	-407.5843	-547.4297	139.8454	1.596294	1.348333
47076	-413.755	-553.8075	140.0525	1.389243	1.348333
47082	-413.3796	-552.579	139.1994	1.457294	1.916764
47088	-407.777	-547.5363	139.7592	1.42895	1.542312
47094	-408.2204	-547.8888	139.6685	1.360968	1.657793
47100	-408.0649	-548.0764	140.0115	1.71197	1.110387
47106	-407.7576	-547.8866	140.129	1.658808	1.050466
47112	-409.8737	-549.7969	139.9232	1.593806	1.287681
47118	-410.3517	-550.2548	139.903	1.307154	1.525998
47124	-412.5694	-552.9881	140.4186	1.548274	0.8621963
47130	-411.9663	-552.1491	140.1828	1.773313	0.8748669
47136	-420.6144	-560.6751	140.0607	1.72396	1.053474
47142	-419.4962	-559.5876	140.0914	1.965607	0.7422164
47148	-415.5542	-555.8251	140.2709	1.639909	0.9258694
47154	-428.5155	-568.6556	140.14	1.71253	0.9869001
47160	-422.167	-562.1774	140.0105	1.957421	0.8610044
47166	-427.1719	-567.0576	139.8857	1.664684	1.260223
47172	-420.3744	-560.374	139.9997	2.145996	0.5193698
47178	-413.8495	-553.7986	139.949	2.1892	0.5667453
47184	-422.5053	-562.3876	139.8823	2.216764	0.3615407
47190	-411.5118	-551.0047	139.4928	2.506833	0.2756864
47196	-407.2255	-546.6878	139.4623	2.506833	0.258194
47202	-410.5489	-550.0027	139.4538	2.45528	0.2296537
47208	-417.8095	-557.7126	139.9031	2.239893	0.4598857
47214	-417.0111	-557.1254	140.1143	2.03176	0.4866672
47220	-409.6407	-549.6814	140.0406	2.084264	0.4033945
47226	-417.6628	-557.4302	139.7674	2.357501	0.4033945
47232	-412.3302	-552.4294	140.0992	2.046501	0.4822508
47238	-413.2324	-553.3527	140.1203	1.692707	1.026179
47244	-403.6121	-543.696	140.0839	1.745572	1.010031
47250	-398.9836	-538.875	139.8913	1.675359	1.246658
47256	-406.5558	-546.3341	139.7783	1.392399	1.555233
47262	-415.7875	-555.8067	140.0192	1.441681	1.333097
47268	-409.6482	-549.6898	140.0416	1.521043	1.250043
47274	-416.7179	-556.6894	139.9715	2.055868	0.7851132
47280	-418.8181	-559.1432	140.3251	1.820416	0.5215476
47286	-413.2109	-553.3422	140.1312	1.91163	0.7632405
47292	-418.7509	-558.6146	139.8637	1.64852	1.291581
47298	-419.8275	-559.532	139.7045	1.492329	1.535916
47304	-402.1326	-542.3681	140.2355	1.826874	0.73384
47310	-411.8004	-552.0103	140.2099	1.414852	1.197514
47316	-411.7946	-551.7053	139.9107	1.65513	1.247397
47322	-408.7045	-548.8741	140.1696	1.92122	0.6856314
47328	-410.6194	-550.7806	140.1613	1.825326	0.8382668
47334	-410.252	-550.4507	140.1987	1.631597	1.009203
47340	-404.5738	-544.1963	139.6225	1.442811	1.632009
47346	-411.4117	-551.6948	140.2832	1.563892	0.9924545
47352	-407.6678	-548.0136	140.3458	1.555037	0.9366301
47358	-408.2343	-548.4304	140.1961	1.889885	0.6944499
47364	-409.1693	-549.2025	140.0332	2.075031	0.6511486
47370	-409.2126	-549.4043	140.1917	1.890879	0.7005177
47376	-422.4772	-562.663	140.1859	1.835152	0.7937897
47382	-419.4015	-559.6549	140.2534	1.718712	0.8559739
47388	-415.578	-555.2873	139.7093	1.327863	1.652264
47394	-419.1607	-558.8272	139.6666	1.370579	1.652264
47400	-418.1185	-557.8122	139.6937	1.343456	1.652264
47406	-415.5756	-554.4764	138.9008	1.026	2.392546
47412	-411.3276	-549.7937	138.4661	1.032063	2.659801
47418	-416.9831	-556.0467	139.0636	1.128335	2.223311
47424	-407.6231	-547.8225	140.1994	1.641666	0.9984555
47430	-410.333	-550.5921	140.2591	1.464527	1.11028
47436	-422.346	-560.8399	138.4939	1.356016	2.441008
47442	-420.3395	-558.8642	138.5247	1.314304	2.447856
47448	-413.7737	-551.0602	137.2865	0.7871589	3.510879
47454	-405.7469	-545.7199	139.973	1.36767	1.427344
47460	-409.954	-550.2531	140.2992	1.620632	0.9159922
47466	-404.0976	-544.2891	140.1915	1.613174	1.034315
47472	-412.4345	-552.7922	140.3578	1.74048	0.6715601
47478	-424.0886	-564.4004	140.3118	1.525875	1.001834
47484	-421.838	-561.9404	140.1024	1.857914	0.8699632
47490	-420.6718	-560.6348	139.963	2.159885	0.6163493
47496	-422.4099	-562.3846	139.9748	2.080318	0.7451178
47502	-422.1758	-562.2979	140.122	1.928676	0.7517029
47508	-426.1632	-566.3354	140.1722	1.885129	0.7417248
47514	-422.1436	-559.7545	137.611	1.013568	3.187057
47520	-427.386	-566.1494	138.7634	1.34366	2.277856
47526	-421.2897	-560.6575	139.3677	1.117779	2.031362
47532	-417.4485	-557.6688	140.2203	1.686295	0.9304062
47538	-415.8323	-556.089	140.2567	1.761713	0.7972984
47544	-412.9947	-553.133	140.1383	1.900641	0.7689046
47550	-410.0832	-550.3368	140.2536	1.864701	0.6279502
47556	-414.1669	-554.2569	140.09	2.029682	0.6245172
47562	-426.3935	-565.175	138.7815	1.083565	2.431482
47568	-420.9885	-560.9154	139.9269	1.475482	1.37944
47574	-419.784	-559.7667	139.9827	2.163443	0.5106866
47580	-422.2029	-562.3738	140.1709	1.901947	0.7169918
47586	-405.4346	-545.5779	140.1433	1.628781	1.065388
47592	-407.6584	-547.7447	140.0863	1.984071	0.7210825
47598	-402.1581	-542.3161	140.1581	1.984071	0.5475872
47604	-422.2455	-562.216	139.9705	2.073421	0.7617811
47610	-408.7182	-548.6569	139.9387	2.191338	0.4150132
47616	-406.4371	-546.5927	140.1556	1.887779	0.7624465
47622	-400.1018	-540.2724	140.1706	1.745553	0.9199875
47628	-405.6744	-545.9399	140.2655	1.683604	0.8830225
47634	-410.1312	-550.3149	140.1837	1.860991	0.7606391
47640	-411.4505	-551.4777	140.0272	2.091591	0.6268982
47646	-407.6104	-547.8063	140.1958	1.922927	0.6268982
47652	-405.0369	-545.213	140.1761	1.798554	0.852853
47658	-414.5208	-554.5755	140.0546	1.620062	1.15409
47664	-415.9093	-555.9385	140.0292	1.620062	1.176325
47670	-421.558	-561.5036	139.9456	1.79797	1.092028
47676	-413.1305	-553.2593	140.1288	1.981434	0.6468591
47682	-415.1889	-555.3138	140.1248	1.969244	0.6796156
47688	-418.8614	-558.8866	140.0252	1.87435	0.9380157
47694	-415.6447	-555.6094	139.9647	1.934841	0.9380157
47700	-404.8102	-545.0359	140.2258	1.689888	0.9205663
47706	-409.8768	-550.0849	140.2082	1.70749	0.9205663
47712	-407.0619	-547.2149	140.153	1.621335	1.063306
47718	-405.8364	-545.9941	140.1577	1.72961	0.951035
47724	-426.4609	-566.5943	140.1334	2.0057	0.5628064
47730	-427.305	-567.554	140.249	1.863816	0.6409719
47736	-429.9974	-570.2871	140.2896	1.854284	0.5360142
47742	-414.429	-554.7054	140.2764	1.807667	0.6978308
47748	-404.0152	-544.4513	140.4362	1.660975	0.6737379
47754	-406.8112	-547.0599	140.2487	1.895901	0.5309528
47760	-404.2921	-543.8677	139.5756	2.437162	0.2840041
47766	-409.5962	-549.1718	139.5756	2.437162	0.2840041
47772	-419.0787	-558.7758	139.697	2.289093	0.2676322
47778	-408.3496	-547.8796	139.53	2.45618	0.2676322
47784	-414.3383	-554.1936	139.8553	2.23388	0.3493579
47790	-419.2699	-559.1798	139.9099	2.208289	0.3905439
47796	-414.2264	-553.6546	139.4282	2.565686	0.2721828
47802	-412.6331	-551.9163	139.2832	2.565686	0.2064372
47808	-415.0192	-554.2876	139.2684	2.565686	0.2013222
47814	-410.9097	-550.2991	139.3894	2.565686	0.2509245
47820	-414.5442	-554.0306	139.4864	2.468721	0.2509245
47826	-411.9835	-551.964	139.9805	2.126922	0.3731574
47832	-405.5364	-545.1997	139.6633	2.418198	0.3408573
47838	-406.1254	-545.7094	139.584	2.466921	0.3121241
47844	-402.8192	-542.1793	139.36	2.559859	0.2343523
47850	-399.8964	-538.9496	139.0532	2.824054	0.2168488
47856	-398.1358	-537.9998	139.864	2.199436	0.3230362
47862	-399.3418	-539.4414	140.0996	2.041522	0.4504677
47868	-394.8047	-534.9054	140.1007	2.041522	0.5468929
47874	-404.5398	-544.7432	140.2033	1.938922	0.5468929
47880	-402.3996	-542.4872	140.0876	2.04098	0.6002839
47886	-404.0138	-544.186	140.1722	1.742606	0.9215036
47892	-404.877	-545.225	140.3481	1.435126	1.054879
47898	-402.4409	-542.6231	140.1823	1.499986	1.147395
47904	-408.4393	-548.6384	140.1992	1.3703	1.244352
47910	-415.0531	-553.4226	138.3695	1.200606	2.615449
47916	-415.8172	-554.4105	138.5933	1.012466	2.593351
47922	-418.7459	-557.796	139.0501	1.000166	2.314173
47928	-418.5087	-556.9297	138.421	1.087426	2.653471
47934	-422.1805	-561.1006	138.9202	1.180644	2.281843
47940	-424.961	-564.6139	139.6529	1.97901	1.191323
47946	-410.7892	-551.0805	140.2914	1.765478	0.7424
47952	-410.9358	-551.0845	140.1487	1.816567	0.8640737
47958	-416.4583	-555.999	139.5407	1.342145	1.761433
47964	-413.8512	-553.7023	139.8511	1.342145	1.538598
47970	-417.7232	-557.5108	139.7875	1.28634	1.625866
47976	-415.7308	-555.5154	139.7846	1.291837	1.623987
47982	-425.1036	-565.4029	140.2993	1.767314	0.7271117
47988	-413.0153	-553.1345	140.1192	1.947407	0.7271117
47994	-417.9016	-557.7781	139.8765	1.753291	1.193167
48000	-421.7136	-562.1439	140.4303	1.542906	0.8546235
48006	-412.7339	-552.9056	140.1717	1.644066	1.023507
48012	-412.3381	-552.536	140.1978	1.522468	1.113272
48018	-406.8152	-547.0595	140.2443	1.467812	1.120715
48024	-419.2695	-559.4793	140.2098	1.840281	0.7526746
48030	-410.0371	-549.8915	139.8545	1.590792	1.345532
48036	-406.063	-546.4068	140.3439	1.491362	1.004301
48042	-403.7935	-543.8961	140.1026	2.033205	0.5762174
48048	-398.8484	-539.1559	140.3074	1.793556	0.6661986
48054	-394.0402	-534.2522	140.212	1.915423	0.6039041
48060	-395.9356	-536.1602	140.2246	1.890281	0.6362134
48066	-400.6186	-540.8056	140.1869	1.943906	0.5934134
48072	-407.5807	-547.457	139.8763	2.176731	0.7481633
48078	-406.443	-546.5428	140.0998	1.841328	0.892124
48084	-411.9629	-552.2653	140.3023	1.730838	0.7770734
48090	-410.2873	-550.4279	140.1406	1.566396	1.125336
48096	-409.3983	-549.5856	140.1873	1.504752	1.138646
48102	-407.0531	-547.3983	140.3453	1.433089	1.05949
48108	-399.4908	-539.6262	140.1354	1.635252	1.066771
48114	-396.6266	-536.8474	140.2208	1.569811	1.047823
48120	-404.8886	-545.2425	140.3539	1.436707	1.047823
48126	-402.4731	-542.2297	139.7566	1.408377	1.55948
48132	-410.0642	-550.1037	140.0395	1.809934	0.9900786
48138	-415.8157	-555.8456	140.03	1.81945	0.9900786
48144	-417.9496	-558.0835	140.1339	1.883337	0.7989299
48150	-419.4764	-559.7563	140.28	1.631708	0.9249067
48156	-415.3275	-555.596	140.2685	1.569416	1.00166
48162	-413.0382	-553.1501	140.1119	1.730002	0.9976661
48168	-404.1447	-544.3223	140.1776	1.589784	1.069817
48174	-406.7416	-546.8624	140.1208	1.619614	1.094854
48180	-402.9916	-542.8887	139.8971	1.49616	1.386528
48186	-416.1975	-556.2443	140.0469	1.49616	1.266317
48192	-416.1953	-555.8197	139.6244	1.523408	1.57208
48198	-414.3844	-554.1228	139.7385	1.346862	1.617558
48204	-406.1354	-546.2351	140.0997	1.504847	1.214784
48210	-406.7805	-546.9704	140.19	1.445301	1.188467
48216	-405.1773	-545.1216	139.9442	1.614122	1.253614
48222	-403.1985	-543.2621	140.0636	1.464398	1.278664
48228	-408.0532	-547.7558	139.7026	1.773788	1.320666
48234	-411.4035	-551.6198	140.2162	1.551241	1.069762
48240	-407.3434	-547.408	140.0646	1.560161	1.197498
48246	-405.4515	-545.5477	140.0963	1.560161	1.170086
48252	-409.1781	-549.5065	140.3284	1.74069	0.7231557
48258	-413.3623	-553.5544	140.1922	1.794724	0.8378978
48264	-405.6545	-545.8908	140.2363	1.495121	1.103152
48270	-406.9587	-547.1355	140.1768	1.554622	1.103152
48276	-412.4246	-552.5104	140.0857	1.577117	1.164489
48282	-417.9289	-557.2662	139.3373	1.557617	1.752961
48288	-421.2729	-561.0924	139.8194	1.357099	1.550946
48294	-416.2216	-556.238	140.0164	1.541832	1.253694
48300	-417.6486	-557.5817	139.9332	1.581707	1.289431
48306	-413.7336	-553.9132	140.1795	1.478482	1.168735
48312	-418.5159	-558.5081	139.9923	1.24879	1.502959
48318	-421.7038	-561.5304	139.8266	1.685437	1.29175
48324	-418.02	-557.7145	139.6945	1.5122	1.528621
48330	-413.7796	-553.9896	140.21	1.34309	1.257972
48336	-414.5028	-554.2209	139.7181	1.364723	1.619364
48342	-409.7973	-549.6839	139.8867	1.244917	1.583919
48348	-410.8462	-550.6487	139.8025	1.461707	1.485559
48354	-405.5679	-545.6088	140.041	1.520869	1.250689
48360	-408.3874	-548.2532	139.8658	1.525658	1.38798
48366	-418.9967	-558.1814	139.1846	1.122709	2.148485
48372	-417.0203	-557.1931	140.1729	1.957756	0.5940977
48378	-410.5753	-550.5463	139.971	2.113886	0.6964544
48384	-410.8331	-550.8761	140.0431	2.072068	0.6356216
48390	-408.4851	-548.6823	140.1972	1.892261	0.6882068
48396	-408.1505	-548.4263	140.2758	1.713101	0.8353582
48402	-407.6598	-548.0484	140.3887	1.688287	0.710165
48408	-404.83	-544.8832	140.0532	2.091194	0.5322883
48414	-402.5847	-542.579	139.9943	2.029701	0.7897643
48420	-404.752	-544.5203	139.7683	1.801559	1.243981
48426	-408.0389	-547.8302	139.7913	1.480499	1.479822
48432	-404.6245	-544.5879	139.9634	1.642678	1.213515
48438	-400.2349	-540.2136	139.9787	1.57642	1.256286
48444	-404.6259	-544.7172	140.0913	1.51862	1.210194
48450	-407.5557	-547.6	140.0443	1.91556	0.8704683
48456	-416.1776	-556.4428	140.2653	1.558236	1.015891
48462	-410.397	-550.6343	140.2374	1.23423	1.324483
48468	-416.3269	-555.6957	139.3689	1.126275	2.024988
48474	-416.8762	-556.1647	139.2885	2.574528	0.2114886
48480	-411.5195	-550.7626	139.2431	2.645233	0.2211446
48486	-407.9186	-547.12	139.2014	2.686947	0.2211446
48492	-418.0048	-556.9636	138.9587	2.830469	0.1870953
48498	-410.5006	-549.4854	138.9849	2.780717	0.1802343
48504	-404.0206	-542.6806	138.66	2.90197	0.1340655
48510	-403.6239	-542.2763	138.6525	2.90197	0.1326916
48516	-403.0594	-541.8459	138.7865	2.880926	0.1555036
48522	-404.136	-543.0163	138.8803	2.854069	0.1717744
48528	-417.1771	-556.1662	138.9891	2.703037	0.1612333
48534	-404.3124	-544.4992	140.1868	1.906604	0.6808584
48540	-409.21	-549.3524	140.1424	1.732978	0.9634645
48546	-407.3626	-547.5715	140.2088	1.66655	0.9634645
48552	-404.4799	-544.7863	140.3065	1.486787	1.045301
48558	-402.8819	-543.139	140.2571	1.536135	1.045301
48564	-415.2278	-555.2007	139.9729	1.291485	1.48542
48570	-408.2994	-547.7065	139.4071	1.450197	1.779227
48576	-403.1286	-543.0409	139.9122	1.545553	1.335535
48582	-408.938	-549.0398	140.1018	1.996218	0.6720635
48588	-404.7548	-544.7684	140.0136	2.131319	0.4735415
48594	-407.1858	-547.2386	140.0527	2.093489	0.4906927
48600	-401.5587	-541.7961	140.2374	1.908904	0.4947271
48606	-402.8314	-542.8949	140.0635	2.047875	0.6442629
48612	-405.2173	-545.29	140.0727	2.067036	0.5600617
48618	-410.0068	-550.1115	140.1046	2.030117	0.5802671
48624	-411.8078	-551.9818	140.174	1.960785	0.5802671
48630	-393.7791	-533.8864	140.1073	2.000949	0.6511613
48636	-398.5183	-538.9196	140.4013	1.706943	0.6511613
48642	-407.1807	-547.3144	140.1337	2.012672	0.4973069
48648	-404.7676	-544.8679	140.1003	1.977219	0.7091752
48654	-403.513	-543.8954	140.3824	1.711782	0.679455
48660	-409.4323	-549.5543	140.122	1.846743	0.8599874
48666	-417.9298	-557.6011	139.6713	1.26218	1.725899
48672	-400.5892	-541.0586	140.4694	1.614088	0.6989633
48678	-401.273	-541.5448	140.2718	1.516596	1.049956
48684	-408.3496	-548.1303	139.7807	1.776254	1.254736
48690	-416.8471	-556.9894	140.1423	1.604286	1.089227
48696	-413.6351	-553.472	139.8368	1.541274	1.398378
48702	-406.494	-546.6872	140.1932	1.911795	0.6580085
48708	-410.0497	-550.2363	140.1867	1.950521	0.5709399
48714	-405.9534	-546.1223	140.169	1.970367	0.5616673
48720	-402.0478	-541.8372	139.7894	2.277403	0.3261532
48726	-409.5598	-549.0647	139.5049	2.479937	0.2668879
48732	-408.1923	-548.2298	140.0375	2.094507	0.589559
48738	-411.573	-551.4707	139.8977	2.247914	0.4806858
48744	-420.0984	-560.3193	140.2209	1.924738	0.4806858
48750	-413.9941	-554.1897	140.1956	1.949819	0.4786256
48756	-421.7077	-561.8061	140.0984	2.04703	0.4784506
48762	-414.8082	-555.0238	140.2156	1.890658	0.6552749
48768	-407.9157	-548.1215	140.2058	1.890658	0.6750834
48774	-413.025	-553.1464	140.1215	1.99986	0.6204952
48780	-407.028	-547.2186	140.1906	1.949532	0.5580774
48786	-418.4945	-558.1612	139.6667	2.387992	0.3152827
48792	-412.522	-552.5039	139.982	2.076463	0.7399997
48798	-408.1522	-548.1731	140.0208	1.715791	1.098393
48804	-402.3128	-542.2138	139.901	1.786151	1.142998
48810	-405.1855	-545.0157	139.8302	1.527451	1.414247
48816	-414.746	-554.304	139.558	1.538408	1.609543
48822	-415.8926	-555.3483	139.4557	2.567314	0.2909228
48828	-421.5461	-560.7229	139.1767	2.698247	0.21597
48834	-414.8447	-554.0284	139.1837	2.605962	0.1872324
48840	-414.3168	-553.8808	139.564	2.470853	0.2994377
48846	-423.4756	-563.3262	139.8505	2.263744	0.383751
48852	-415.6598	-555.8111	140.1513	1.787221	0.8950809
48858	-406.0316	-546.2593	140.2278	1.631959	0.9796088
48864	-407.2468	-547.0779	139.8311	1.635518	1.328477
48870	-405.7397	-545.9261	140.1864	1.946752	0.5858588
48876	-407.5763	-547.8621	140.2857	1.834905	0.6221922
48882	-406.773	-547.13	140.357	1.702963	0.7377004
48888	-411.3658	-551.593	140.2272	1.51897	1.089609
48894	-416.1939	-556.2992	140.1053	1.472705	1.237194
48900	-408.5268	-548.6373	140.1105	1.8358	0.8862719
48906	-404.1039	-544.1242	140.0203	1.944415	0.8647531
48912	-397.3338	-537.3433	140.0095	1.698965	1.123931
48918	-406.8651	-546.4172	139.5521	1.174751	1.869058
48924	-407.7888	-547.2735	139.4847	1.287662	1.837911
48930	-424.0923	-561.9106	137.8183	1.003096	3.069895
48936	-419.0578	-556.6377	137.5799	1.194349	3.098028
48942	-417.713	-556.0178	138.3047	1.158367	2.681387
48948	-420.2668	-557.5921	137.3253	1.10903	3.299499
48954	-417.6049	-556.8833	139.2783	1.329077	1.949986
48960	-408.3622	-548.0384	139.6762	1.627861	1.455373
48966	-405.0082	-544.7843	139.7761	1.527943	1.455373
48972	-404.0565	-543.2363	139.1798	1.502935	1.899104
48978	-413.1963	-553.1142	139.9179	1.539123	1.336123
48984	-420.3554	-560.5151	140.1597	1.486702	1.178869
48990	-418.8089	-558.4731	139.6642	1.658212	1.441369
48996	-410.1193	-550.0794	139.9602	1.318986	1.474284
49002	-409.0161	-548.5701	139.554	1.462531	1.666998
49008	-405.3991	-545.0874	139.6882	1.531146	1.519163
49014	-411.2442	-551.5761	140.3319	1.555793	0.9506088
49020	-408.9525	-549.0771	140.1246	1.773831	0.9391937
49026	-413.9344	-553.8959	139.9614	1.581196	1.266644
49032	-419.4022	-559.251	139.8488	1.228185	1.623633
49038	-413.3265	-553.3697	140.0432	1.446151	1.310165
49044	-407.1266	-547.1925	140.066	1.496011	1.250602
49050	-422.809	-563.1574	140.3484	1.44585	1.044374
49056	-417.1276	-557.4777	140.3501	1.692712	0.7633303
49062	-409.1017	-548.8394	139.7376	1.719601	1.335986
49068	-406.8988	-546.5726	139.6738	1.133871	1.81356
49074	-408.2738	-548.1366	139.8628	1.470607	1.432897
49080	-407.9152	-547.9703	140.0551	1.254108	1.451484
49086	-400.5203	-540.3155	139.7952	1.189338	1.689812
49092	-411.3777	-551.2472	139.8695	1.807638	1.151919
49098	-415.5409	-555.5416	140.0007	2.142607	0.4615264
49104	-403.7729	-543.8215	140.0486	2.097052	0.4806469
49110	-410.7366	-550.8513	140.1147	2.030008	0.5292987
49116	-415.0911	-555.1898	140.0986	2.011172	0.6477136
49122	-410.9886	-551.3306	140.342	1.761736	0.6606151
49128	-423.186	-563.3444	140.1584	1.452733	1.209166
49134	-416.6685	-556.7806	140.1121	1.669735	1.056201
49140	-422.5536	-562.6657	140.1121	1.669735	1.056201
49146	-419.2501	-559.3272	140.077	1.704768	1.056201
49152	-415.4265	-555.4516	140.0251	1.867278	0.9456131
49158	-420.7254	-560.5952	139.8698	1.77311	1.181838
49164	-411.8836	-551.7769	139.8933	2.144985	0.3020712
49170	-409.7101	-549.6221	139.912	2.167012	0.3382077
49176	-401.1484	-541.1494	140.001	2.144413	0.4786633
49182	-402.8345	-542.9478	140.1133	2.032134	0.5220593
49188	-405.1392	-545.3543	140.2151	1.930356	0.5220593
49194	-393.9374	-534.0874	140.15	1.953918	0.6601857
49200	-404.487	-544.4461	139.9591	2.140541	0.3622612
49206	-412.9678	-552.942	139.9742	2.162597	0.4339114
49212	-407.2169	-547.013	139.7961	2.295355	0.352043
49218	-411.804	-551.6022	139.7982	2.327352	0.4048382
49224	-406.5163	-546.4877	139.9714	2.117797	0.3494245
49230	-395.5314	-535.5528	140.0214	2.122321	0.4640666
49236	-402.056	-542.281	140.225	1.920489	0.5221184
49242	-404.9017	-545.1317	140.2301	1.889619	0.6245514
49248	-412.5418	-552.7693	140.2275	1.789579	0.7990797
49254	-400.3397	-540.3944	140.0547	1.648343	1.128814
49260	-417.831	-557.9577	140.1267	1.282004	1.374416
49266	-414.7984	-554.4874	139.689	1.406207	1.610393
49272	-418.5592	-558.1714	139.6122	1.273441	1.759471
49278	-419.4528	-559.4237	139.9709	1.30968	1.473186
49284	-423.4075	-563.6951	140.2876	1.837311	0.6109629
49290	-428.7802	-568.65	139.8698	1.748483	1.20309
49296	-425.7239	-565.8852	140.1614	1.604754	1.071003
49302	-421.2178	-561.4863	140.2686	1.597174	0.9734407
49308	-419.0479	-559.2784	140.2305	1.888941	0.6253404
49314	-420.8808	-561.054	140.1732	1.639102	1.026848
49320	-414.9412	-555.0616	140.1204	1.408982	1.277542
49326	-409.6253	-548.3848	138.7595	1.168498	2.391802
49332	-411.0018	-550.3438	139.342	1.304408	1.923711
49338	-411.1798	-550.2899	139.11	1.247006	2.116016
49344	-410.493	-550.2113	139.7183	1.521562	1.503881
49350	-417.709	-557.4122	139.7032	1.269964	1.697868
49356	-423.5297	-563.3053	139.7756	1.346419	1.590932
49362	-425.1778	-564.3372	139.1595	1.048802	2.212749
49368	-423.174	-562.4453	139.2714	1.422772	1.891345
49374	-408.0829	-547.7498	139.6669	1.271116	1.722738
49380	-408.5547	-548.7659	140.2112	1.2367	1.34347
49386	-407.2913	-547.5661	140.2749	1.500915	1.061911
49392	-408.6269	-548.2709	139.644	1.359679	1.676196
49398	-408.3877	-547.9004	139.5127	1.490961	1.676196
49404	-417.6329	-557.6768	140.0439	1.797392	0.9982318
49410	-430.7435	-570.8666	140.1231	1.799393	0.9130233
49416	-424.3591	-564.529	140.1699	1.943241	0.6402129
49422	-435.6412	-575.7852	140.144	1.868943	0.8045958
49428	-427.2014	-567.2753	140.0739	2.024511	0.6712302
49434	-422.8696	-562.7513	139.8817	2.249215	0.4170642
49440	-424.2039	-564.1082	139.9043	2.241404	0.4815009
49446	-430.938	-570.4966	139.5586	2.550113	0.3749704
49452	-414.7549	-554.4966	139.7416	2.333291	0.3339921
49458	-411.1225	-551.0013	139.8789	2.253199	0.4201077
49464	-415.5304	-555.5103	139.9799	2.160893	0.5549541
49470	-408.4568	-548.6271	140.1703	1.95411	0.6122775
49476	-406.1279	-546.2304	140.1025	2.004137	0.6545186
49482	-402.2455	-542.4318	140.1863	1.829125	0.8012955
49488	-405.3987	-545.6794	140.2807	1.803372	0.6979202
49494	-410.6243	-550.8787	140.2544	1.869491	0.6138186
49500	-405.3128	-545.3563	140.0435	1.604226	1.177652
49506	-408.2658	-548.2332	139.9674	1.917394	0.953629
49512	-414.3322	-554.5325	140.2003	1.693798	0.9438423
49518	-424.4179	-564.562	140.1441	1.686617	1.008813
49524	-412.9253	-552.9525	140.0273	2.060295	0.6916703
49530	-410.1652	-550.3007	140.1355	1.968521	0.6599562
49536	-415.4054	-555.1841	139.7788	1.922247	1.130671
49542	-414.8357	-554.9981	140.1624	1.913887	0.7112374
49548	-419.3194	-559.4387	140.1194	1.905905	0.7880308
49554	-424.252	-564.5195	140.2675	1.868538	0.5755317
49560	-415.7819	-556.0699	140.288	1.733143	0.7936333
49566	-416.9678	-557.0332	140.0653	1.71095	1.061445
49572	-416.0034	-556.1267	140.1234	1.734478	0.9815354
49578	-412.8646	-552.5759	139.7113	1.634272	1.423582
49584	-412.2543	-552.1958	139.9415	1.792153	1.10112
49590	-406.8567	-546.1705	139.3139	1.447865	1.845201
49596	-411.042	-551.2341	140.1921	1.593173	1.052919
49602	-410.6079	-550.5966	139.9886	1.715813	1.127601
49608	-411.2046	-550.895	139.6904	1.202071	1.754696
49614	-404.3578	-544.06	139.7022	1.404108	1.602328
49620	-408.9401	-548.7434	139.8033	0.9622793	1.842527
49626	-406.8074	-545.5945	138.7871	0.9892648	2.487177
49632	-419.178	-557.9707	138.7928	0.9835808	2.487177
49638	-415.0153	-554.9524	139.9371	1.041639	1.693905
49644	-410.6117	-550.0055	139.3938	2.591278	0.2670448
49650	-407.1761	-545.6564	138.4803	1.109634	2.603171
49656	-409.3176	-547.7102	138.3926	1.304579	2.536585
49662	-410.6075	-548.8111	138.2036	0.8885598	2.907323
49668	-411.2468	-549.4049	138.1581	0.9340124	2.907323
49674	-409.3779	-548.0891	138.7112	1.082688	2.476184
49680	-413.1371	-552.3208	139.1837	1.036359	2.205145
49686	-408.9974	-547.2705	138.2731	1.014396	2.788847
49692	-408.2996	-546.784	138.4844	1.12259	2.592601
49698	-416.6169	-556.1739	139.5569	1.289136	1.786999
49704	-420.2665	-559.468	139.2014	2.676908	0.2172559
49710	-413.0824	-552.7352	139.6528	2.394733	0.309299
49716	-417.8607	-557.8299	139.9692	2.171139	0.4468676
49722	-410.0087	-549.8115	139.8027	1.474596	1.475655
49728	-422.1561	-561.8429	139.6868	1.590554	1.475655
49734	-421.2563	-561.2678	140.0115	1.636558	1.17738
49740	-419.3902	-559.4737	140.0835	2.060868	0.4690783
49746	-425.2691	-565.3837	140.1146	1.925431	0.7672821
49752	-421.0819	-561.4852	140.4033	1.572534	0.8514097
49758	-412.5926	-552.7654	140.1728	1.808088	0.8452477
49764	-418.0781	-558.3305	140.2524	1.733741	0.8388146
49770	-422.1901	-562.278	140.0879	1.702263	1.048223
49776	-413.9196	-554.0405	140.1209	1.538016	1.167891
49782	-408.3132	-548.1733	139.8601	1.756032	1.204879
49788	-410.6436	-550.6812	140.0377	1.61317	1.174964
49794	-411.8856	-551.774	139.8884	1.739746	1.194574
49800	-416.6726	-556.6226	139.95	1.857494	1.031575
49806	-417.8476	-558.1616	140.314	1.493494	1.031575
49812	-410.1389	-550.4442	140.3052	1.667441	0.8552525
49818	-402.4236	-542.5307	140.1071	1.960418	0.7257346
49824	-422.2318	-562.3781	140.1463	1.996839	0.5414167
49830	-413.5746	-553.8036	140.229	1.88933	0.6280437
49836	-408.6883	-548.8434	140.1551	1.954013	0.6492308
49842	-418.5425	-558.7632	140.2207	1.924765	0.4784471
49848	-414.0757	-554.2329	140.1572	1.988216	0.4784471
49854	-423.5658	-563.3585	139.7928	2.273908	0.3259861
49860	-407.3994	-547.3064	139.907	2.237585	0.5307981
49866	-413.9982	-554.0278	140.0296	1.795127	1.014716
49872	-413.0931	-553.0843	139.9912	1.162414	1.567824
49878	-411.0838	-550.6585	139.5746	1.450734	1.660716
49884	-404.0698	-542.9681	138.8983	1.163591	2.30673
49890	-411.6074	-549.4809	137.8735	1.152959	2.946923
49896	-406.3902	-546.6623	140.272	1.586315	0.9809934
49902	-410.9562	-551.0482	140.092	1.879782	0.8562894
49908	-410.9523	-551.394	140.4417	1.675284	0.6312271
49914	-409.7985	-549.5459	139.7474	1.647572	1.385248
49920	-402.7732	-542.9086	140.1355	1.474398	1.210266
49926	-413.2768	-553.497	140.2202	1.592496	1.0265
49932	-410.6418	-550.8958	140.2539	1.653834	0.9291317
49938	-415.9448	-556.1953	140.2505	1.695042	0.8871089
49944	-415.043	-555.3566	140.3136	1.697243	0.8074009
49950	-404.3607	-544.5108	140.1501	1.653919	1.034904
49956	-409.2649	-549.4761	140.2112	1.592798	1.034904
49962	-414.6715	-555.1042	140.4327	1.507821	0.8928266
49968	-410.1355	-550.5887	140.4532	1.64228	0.6769269
49974	-416.6643	-556.7091	140.0448	1.517268	1.250553
49980	-421.4512	-561.5792	140.128	1.466519	1.223267
49986	-417.5908	-557.6405	140.0497	1.478229	1.278774
49992	-418.5947	-558.4713	139.8766	1.397126	1.478358
49998	-416.517	-556.0929	139.5759	1.292148	1.771732
50004	-423.0133	-562.9385	139.9252	1.611284	1.271724
50010	-412.448	-552.2289	139.7809	1.34791	1.58594
50016	-411.8878	-551.6148	139.727	1.401808	1.58594
50022	-410.6097	-550.8386	140.2289	1.3867	1.205383
50028	-414.3666	-554.1554	139.7888	1.454814	1.501062
50034	-402.3124	-542.3136	140.0012	1.503172	1.297961
50040	-409.8294	-550.0449	140.2155	1.757396	0.8549832
50046	-405.6683	-545.9379	140.2696	1.757396	0.7856877
50052	-404.9748	-543.499	138.5242	1.056979	2.608573
50058	-402.8046	-542.024	139.2195	1.137034	2.116371
50064	-413.0678	-552.336	139.2681	1.193095	2.047458
50070	-416.1306	-556.4019	140.2713	1.590656	0.9773079
50076	-406.1407	-546.504	140.3633	1.498661	0.9773079
50082	-404.285	-544.3245	140.0395	1.637322	1.152189
50088	-401.6306	-541.7127	140.082	1.778284	0.9789952
50094	-411.2141	-551.6128	140.3987	1.548223	0.8855238
50100	-408.9283	-549.1469	140.2186	1.728319	0.8855238
50106	-419.186	-559.3709	140.1849	1.682276	0.971928
50112	-408.0806	-547.8383	139.7577	1.637254	1.385215
50118	-412.0161	-551.8079	139.7918	1.203876	1.681881
50124	-405.9219	-545.4424	139.5205	1.281996	1.817192
50130	-414.1954	-554.4209	140.2255	1.727221	0.8788415
50136	-414.1998	-554.5805	140.3808	1.663797	0.7607761
50142	-408.6864	-548.9863	140.2999	1.653	0.8786415
50148	-412.5986	-552.8945	140.2958	1.527121	1.016454
50154	-407.4323	-547.7852	140.3529	1.470037	1.016454
50160	-408.3774	-548.4354	140.0579	1.542823	1.217992
50166	-414.4093	-554.5563	140.1469	1.477517	1.197791
50172	-410.1994	-550.5802	140.3809	1.477517	0.9809608
50178	-409.8128	-550.102	140.2892	1.78535	0.7142361
50184	-409.4061	-549.5253	140.1192	2.011113	0.5950006
50190	-402.6124	-542.8781	140.2657	1.834228	0.6682902
50196	-400.1088	-540.2309	140.1221	2.011485	0.5842604
50202	-409.0417	-548.9049	139.8632	2.263339	0.4068491
50208	-404.3794	-544.0749	139.6955	2.397037	0.3533674
50214	-406.5103	-546.1322	139.6219	2.388963	0.2827496
50220	-403.199	-542.7815	139.5825	2.446911	0.2954434
50226	-405.1567	-544.6523	139.4956	2.545262	0.3040715
50232	-407.2947	-546.7797	139.485	2.60416	0.3493581
50238	-416.8597	-556.4912	139.6315	2.436543	0.3273112
50244	-410.8413	-550.2503	139.409	2.586326	0.2730575
50250	-414.2918	-553.5245	139.2326	2.680702	0.2314856
50256	-410.953	-550.2919	139.3389	2.574432	0.2314856
50262	-410.5971	-550.5495	139.9524	1.205157	1.564867
50268	-407.5573	-547.4065	139.8492	1.641147	1.309368
50274	-409.0729	-548.4396	139.3667	1.351706	1.874815
50280	-405.3532	-545.0557	139.7024	1.2377	1.721223
50286	-404.635	-544.8791	140.2441	1.449982	1.136897
50292	-403.9118	-543.8945	139.9827	1.99719	0.8465049
50298	-407.0148	-547.067	140.0522	1.925941	0.848606
50304	-406.4242	-546.5919	140.1677	1.771235	0.8946511
50310	-409.6116	-549.7123	140.1007	1.5402	1.183581
50316	-409.6022	-549.7494	140.1473	1.52938	1.152332
50322	-407.7443	-547.9669	140.2225	1.795609	0.7976476
50328	-408.8089	-548.9217	140.1128	1.348083	1.333086
50334	-409.2713	-549.4343	140.163	1.49047	1.172683
50340	-405.4393	-545.5419	140.1027	1.613325	1.11716
50346	-407.3156	-547.222	139.9064	2.228379	0.5801424
50352	-413.7187	-553.6579	139.9392	2.195421	0.4272183
50358	-401.8563	-541.9148	140.0585	2.087009	0.4792293
50364	-405.1069	-544.9852	139.8783	2.091553	0.8586102
50370	-402.1785	-542.4821	140.3036	1.666275	0.8586102
50376	-403.2573	-543.5278	140.2705	1.592458	0.9762974
50382	-402.4389	-542.6122	140.1734	1.733022	0.930645
50388	-415.6737	-555.7959	140.1222	1.741225	0.9758178
50394	-408.0963	-548.0517	139.9554	1.426217	1.395639
50400	-400.334	-540.6715	140.3375	1.651366	0.8354247
50406	-402.305	-542.5756	140.2705	1.472603	1.092385
50412	-402.012	-542.1815	140.1696	1.689395	0.9803767
50418	-406.1786	-546.2857	140.1071	1.636474	1.092004
50424	-410.1635	-550.4621	140.2986	1.486684	1.052894
50430	-405.723	-545.7886	140.0656	1.307309	1.402447
50436	-411.8013	-552.1336	140.3324	1.506565	1.000621
50442	-407.3775	-547.1225	139.7449	1.466468	1.525104
50448	-407.4326	-547.1862	139.7537	1.457724	1.525104
50454	-405.9272	-546.0196	140.0924	1.84976	0.8909825
50460	-407.1473	-547.2433	140.096	1.939101	0.7744019
50466	-407.6177	-547.7895	140.1718	1.761917	0.9005024
50472	-408.6557	-548.9755	140.3198	1.761917	0.70195
50478	-406.7641	-546.7189	139.9548	1.971884	0.9083967
50484	-412.3209	-552.2627	139.9418	1.540596	1.315832
50490	-413.2587	-553.2567	139.998	1.484376	1.315832
50496	-413.3969	-552.6985	139.3015	1.208738	2.014916
50502	-414.5616	-553.988	139.4264	1.4822	1.743362
50508	-402.7041	-542.921	140.2169	1.870477	0.6919824
50514	-401.8645	-541.9473	140.0827	1.72518	1.031153
50520	-405.8381	-546.0013	140.1632	1.365377	1.278193
50526	-406.4767	-546.7915	140.3148	1.469651	1.053741
50532	-404.7001	-544.8626	140.1626	1.734249	0.9408975
50538	-411.7992	-552.2436	140.4443	1.536089	0.8458471
50544	-419.5359	-559.8079	140.2719	1.688565	0.8697436
50550	-415.6756	-555.9231	140.2475	1.542467	1.048439
50556	-412.8319	-553.133	140.3011	1.685042	0.8388267
50562	-420.6409	-560.7398	140.0989	2.044139	0.5417582
50568	-417.4269	-557.712	140.2851	1.853655	0.5642067
50574	-405.7123	-545.7861	140.0738	1.359502	1.355012
50580	-412.3699	-552.1501	139.7802	1.272718	1.640969
50586	-420.8981	-560.1055	139.2074	1.26684	2.038838
50592	-419.2983	-558.9231	139.6249	1.330724	1.71031
50598	-415.0107	-554.2131	139.2023	0.9303924	2.261398
50604	-421.206	-560.5572	139.3512	1.072485	2.072222
50610	-413.3126	-553.2542	139.9416	2.170149	0.3796424
50616	-416.0248	-556.2181	140.1933	1.875444	0.7237219
50622	-412.2263	-552.4644	140.238	1.859675	0.6726862
50628	-412.0908	-552.2363	140.1455	1.608633	1.082208
50634	-405.7486	-545.9972	140.2486	1.759272	0.8112184
50640	-402.9015	-543.1211	140.2196	1.788238	0.8112184
50646	-413.3248	-553.5659	140.2411	1.708336	0.8826714
50652	-416.6987	-556.959	140.2603	1.536098	1.04225
50658	-408.0114	-548.1501	140.1386	1.580091	1.114712
50664	-410.5943	-550.5631	139.9688	1.909448	0.960482
50670	-403.9349	-544.1558	140.2209	1.578734	1.039119
50676	-403.8904	-544.1685	140.2781	1.598596	0.9621542
50682	-419.6088	-559.8168	140.2081	1.752116	0.8701265
50688	-421.4964	-561.6138	140.1174	1.827441	0.8878868
50694	-420.6315	-560.6505	140.019	2.069396	0.6901645
50700	-421.8706	-561.9584	140.0879	2.009783	0.6727299
50706	-413.5927	-553.7659	140.1732	1.970516	0.5375476
50712	-414.8076	-554.9332	140.1256	1.515047	1.183807
50718	-408.8171	-548.6611	139.844	1.73141	1.239348
50724	-410.7052	-550.7013	139.9961	1.289942	1.469072
50730	-414.4194	-554.4412	140.0218	1.605351	1.195453
50736	-414.7283	-554.9811	140.2528	1.800635	0.7475934
50742	-411.1998	-550.5958	139.396	0.9269818	2.138283
50748	-410.3111	-549.2691	138.9579	0.9342347	2.414418
50754	-406.0797	-546.1732	140.0935	2.013503	0.6537311
50760	-403.5	-543.6893	140.1892	1.760586	0.8821739
50766	-407.3281	-547.3056	139.9775	2.159259	0.4338891
50772	-411.7313	-551.5821	139.8508	2.258283	0.3755551
50778	-410.5885	-550.5512	139.9628	2.145859	0.3748706
50784	-416.134	-556.415	140.281	1.76961	0.7519019
50790	-407.2743	-547.5491	140.2748	1.775827	0.7519019
50796	-406.7944	-547.0332	140.2388	1.727376	0.8630299
50802	-408.7722	-549.1223	140.3501	1.396853	1.08887
50808	-412.1815	-552.3653	140.1839	1.702353	0.9521477
50814	-417.6575	-557.7345	140.0769	2.060402	0.5704511
50820	-421.7969	-561.9569	140.1601	1.85907	0.7963328
50826	-417.1268	-557.3294	140.2026	1.839934	0.7637645
50832	-416.775	-556.851	140.0759	2.053262	0.5986502
50838	-418.4731	-558.6661	140.193	1.936149	0.5986502
50844	-415.2641	-554.8774	139.6133	1.473921	1.616193
50850	-423.8235	-563.8388	140.0152	1.600559	1.205193
50856	-433.3922	-573.4302	140.038	1.577805	1.205193
50862	-425.5013	-565.3954	139.8942	1.499355	1.386347
50868	-415.7726	-555.8182	140.0456	1.409642	1.3376
50874	-409.0124	-548.2785	139.2661	1.463822	1.86694
50880	-411.0813	-551.1473	140.066	1.810225	0.9625988
50886	-411.4543	-551.6822	140.2279	1.757615	0.8396528
50892	-410.3817	-550.5322	140.1505	1.690691	0.99832
50898	-421.9395	-562.0449	140.1053	1.607089	1.120429
50904	-413.7015	-553.5509	139.8494	1.58467	1.354447
50910	-416.4008	-556.2433	139.8425	1.69644	1.269682
50916	-406.1401	-546.1081	139.9679	1.494136	1.332116
50922	-404.3117	-544.2802	139.9685	1.462339	1.35696
50928	-395.7955	-535.4246	139.6291	1.449589	1.622376
50934	-423.0332	-563.1295	140.0963	1.317457	1.370435
50940	-414.5971	-554.4188	139.8217	1.837545	1.167606
50946	-415.7392	-556.0651	140.3259	1.814068	0.4454378
50952	-412.6551	-551.5587	138.9036	1.145734	2.31474
50958	-413.275	-552.2107	138.9357	1.082813	2.334391
50964	-414.0173	-553.6972	139.6799	1.011175	1.893427
50970	-411.4636	-550.8368	139.3732	1.135857	2.015755
50976	-408.9606	-546.3876	137.427	1.045053	3.277218
50982	-411.0981	-549.7386	138.6405	1.156313	2.47433
50988	-418.635	-557.8767	139.2416	1.358448	1.954888
50994	-410.2541	-549.8181	139.5639	1.179588	1.85766
51000	-406.9727	-546.8556	139.8829	1.197989	1.620744
51006	-408.0078	-547.6342	139.6264	1.329364	1.710199
51012	-412.9205	-552.0835	139.163	1.489765	1.919381
51018	-410.7607	-550.211	139.4503	1.202446	1.919381
51024	-425.4647	-565.5429	140.0782	1.643903	1.111673
51030	-405.2941	-544.2259	138.9318	1.353004	2.163145
51036	-410.6228	-550.2718	139.649	1.467511	1.59493
51042	-421.4269	-561.3394	139.9125	2.233287	0.5172898
51048	-411.2456	-551.4064	140.1608	1.961898	0.6169227
51054	-403.769	-544.0224	140.2534	1.88435	0.5687001
51060	-405.9459	-546.1065	140.1606	1.984512	0.4747158
51066	-408.6268	-548.6444	140.0176	2.11897	0.4332636
51072	-422.7071	-562.3583	139.6512	1.445274	1.609491
51078	-418.6226	-558.1318	139.5091	1.257043	1.842141
51084	-408.9242	-549.0293	140.1051	2.005089	0.6469719
51090	-420.3841	-559.8858	139.5017	1.46989	1.69896
51096	-418.1282	-557.795	139.6668	1.301226	1.701512
51102	-420.6984	-559.6727	138.9743	1.205214	2.231318
51108	-417.5724	-557.0625	139.4901	1.374799	1.77391
51114	-409.2529	-548.4699	139.217	1.2878	2.018545
51120	-407.6102	-547.9313	140.3211	1.537463	0.9807893
51126	-411.1946	-551.4416	140.247	1.611528	0.9807893
51132	-413.5972	-553.7772	140.18	1.753919	0.9002434
51138	-404.9195	-545.196	140.2766	1.700271	0.8502426
51144	-411.8183	-552.1294	140.3111	1.586114	0.9404431
51150	-407.8806	-547.906	140.0255	1.5246	1.260496
51156	-411.348	-551.1151	139.7671	1.168057	1.724736
51162	-408.5942	-547.9061	139.3119	1.229286	1.994339
51168	-405.978	-545.2186	139.2406	1.392474	1.932718
51174	-404.4209	-543.5807	139.1597	1.206172	2.110208
51180	-410.2271	-549.8843	139.6571	1.293748	1.713655
51186	-417.6307	-557.1879	139.5572	1.280125	1.793054
51192	-430.9277	-571.0957	140.168	1.634513	1.036381
51198	-412.9976	-553.1686	140.171	1.782544	0.8779186
51204	-407.3526	-546.5905	139.2379	1.322731	1.981361
51210	-411.9792	-552.104	140.1248	1.871007	0.8267277
51216	-411.9483	-551.9777	140.0294	1.979818	0.8094987
51222	-412.7597	-552.8039	140.0442	2.055774	0.6682392
51228	-408.183	-548.2956	140.1126	2.022734	0.5781137
51234	-407.5131	-547.0168	139.5037	2.481135	0.2669084
51240	-404.9706	-544.2964	139.3258	2.545849	0.2147149
51246	-413.6808	-552.6868	139.0061	2.783956	0.1873361
51252	-419.5553	-559.5618	140.0065	1.816835	1.016078
51258	-419.9	-559.8188	139.9189	1.51882	1.351556
51264	-414.5381	-554.7458	140.2077	1.729596	0.8965096
51270	-411.2787	-551.1857	139.907	1.960373	0.9717851
51276	-412.1623	-552.2083	140.046	1.576919	1.199095
51282	-418.662	-558.7749	140.113	1.796942	0.9268018
51288	-422.6777	-563.0464	140.3687	1.541268	0.9268018
51294	-411.3466	-551.4384	140.0918	1.75923	0.9884707
51300	-409.2492	-549.2453	139.9961	2.138449	0.5808946
51306	-415.8401	-555.8464	140.0063	2.128263	0.5808946
51312	-419.4433	-559.3011	139.8578	2.288373	0.4901434
51318	-407.7312	-547.6126	139.8813	2.264852	0.4901434
51324	-409.7748	-549.7525	139.9777	2.168392	0.5122542
51330	-397.9842	-538.0394	140.0552	2.091153	0.4987781
51336	-405.0568	-545.0129	139.9561	2.18721	0.4618303
51342	-413.5588	-553.4567	139.8979	2.245439	0.4618303
51348	-412.4532	-552.3746	139.9213	2.200596	0.3973777
51354	-410.5412	-550.2936	139.7523	2.261379	0.2846357
51360	-417.0385	-557.1956	140.1571	1.435302	1.225101
51366	-415.7752	-555.9226	140.1475	1.831312	0.8478814
51372	-403.9283	-544.003	140.0748	2.070807	0.5205804
51378	-402.5692	-542.6685	140.0993	2.025535	0.6111079
51384	-415.8584	-555.3969	139.5385	2.522111	0.3204627
51390	-410.6588	-550.2252	139.5664	2.450894	0.286985
51396	-405.453	-544.9807	139.5277	2.489523	0.286985
51402	-411.751	-552.0539	140.3029	1.532099	1.004523
51408	-401.2133	-541.4935	140.2801	1.767321	0.7565648
51414	-397.3773	-537.6391	140.2617	1.793214	0.7453606
51420	-397.6965	-537.8228	140.1263	1.997099	0.400358
51426	-396.5156	-536.6073	140.0917	1.997099	0.689458
51432	-413.005	-553.0342	140.0292	2.101615	0.5935479
51438	-412.4417	-552.4439	140.0023	2.136715	0.5634339
51444	-408.7932	-548.7437	139.9505	2.188792	0.4427504
51450	-401.6752	-541.6473	139.9721	2.17243	0.4697711
51456	-399.0978	-539.158	140.0602	2.079229	0.561202
51462	-402.4276	-542.7439	140.3163	1.743529	0.7378295
51468	-409.2617	-549.4949	140.2332	1.698207	0.9030944
51474	-411.9628	-552.2206	140.2579	1.392109	1.175703
51480	-420.7412	-560.091	139.3498	2.635978	0.2674174
51486	-424.7182	-563.6847	138.9665	2.714149	0.1585366
51492	-417.1511	-556.2211	139.0699	2.790643	0.2106145
51498	-418.2858	-557.0965	138.8107	2.861545	0.1565841
51504	-424.1037	-562.8604	138.7567	2.915528	0.1565841
51510	-418.3127	-557.0694	138.7567	2.915528	0.1565841
51516	-420.9625	-559.8031	138.8406	2.831596	0.1565841
51522	-415.0909	-554.0082	138.9173	2.831596	0.1756207
51528	-414.8566	-553.8416	138.985	2.764768	0.1758579
51534	-418.4915	-557.0378	138.5463	3.009857	0.132996
51540	-414.3714	-553.3506	138.9792	2.70689	0.1598008
51546	-412.2622	-551.4132	139.151	2.70689	0.2096362
51552	-417.5597	-556.7656	139.2059	2.70689	0.2312409
51558	-410.4192	-549.9125	139.4932	2.53924	0.2977121
51564	-413.5319	-553.258	139.7262	2.39107	0.3887997
51570	-431.0983	-569.888	138.7897	2.985223	0.1829115
51576	-423.5227	-562.2771	138.7544	2.985223	0.1731415
51582	-425.1277	-564.8513	139.7236	2.288995	0.2838812
51588	-414.7057	-554.0982	139.3925	2.620129	0.2838812
51594	-427.1164	-566.4718	139.3555	2.614161	0.258478
51600	-423.6619	-563.112	139.4501	2.558073	0.2810456
51606	-419.1082	-558.4913	139.3831	2.676493	0.3195242
51612	-405.3576	-545.0895	139.7319	2.401187	0.4227536
51618	-408.2061	-548.1036	139.8975	2.238008	0.4299609
51624	-411.7472	-551.8486	140.1014	2.005673	0.6535417
51630	-419.4604	-558.7415	139.2811	1.361637	1.92616
51636	-420.8326	-560.4457	139.613	1.379892	1.683844
51642	-415.2223	-555.3428	140.1205	1.890771	0.8067287
51648	-414.3065	-554.188	139.8814	2.108399	0.8342166
51654	-410.2745	-550.0314	139.7569	1.700297	1.336045
51660	-404.2224	-544.2891	140.0667	1.347901	1.369795
51666	-408.5932	-547.9204	139.3272	1.33404	1.913649
51672	-407.7324	-546.4252	138.6927	1.016255	2.529227
51678	-412.4157	-550.9641	138.5485	0.8577291	2.716319
51684	-412.1041	-550.8031	138.6991	0.8653214	2.618969
51690	-420.8749	-559.3172	138.4422	2.99132	0.1130517
51696	-414.5434	-552.9856	138.4422	2.99132	0.1130517
51702	-415.633	-553.9301	138.2972	3.136355	0.1130517
51708	-423.7205	-561.9056	138.1851	3.09807	0.09354511
51714	-407.2984	-547.2068	139.9084	1.825341	1.101021
51720	-420.6955	-560.8625	140.167	1.56041	1.106845
51726	-413.621	-552.8029	139.1819	1.537653	1.87405
51732	-408.4125	-547.9809	139.5684	1.417592	1.688808
51738	-412.5814	-552.8292	140.2478	1.248701	1.304395
51744	-406.5398	-546.3517	139.8119	2.330737	0.4578108
51750	-410.4093	-550.4591	140.0498	2.096049	0.4841313
51756	-408.4254	-548.474	140.0487	2.097254	0.4851738
51762	-408.7623	-548.9452	140.1829	1.930602	0.6393888
51768	-410.876	-550.9397	140.0637	2.058495	0.3978407
51774	-411.9567	-551.9781	140.0214	2.100717	0.3978407
51780	-414.3543	-554.1094	139.7551	1.425099	1.548198
51786	-413.0495	-553.0772	140.0277	1.817414	0.9944476
51792	-421.0789	-561.1628	140.0839	1.900249	0.841275
51798	-427.1839	-567.3189	140.1351	1.963796	0.6703657
51804	-422.3014	-562.3443	140.0429	1.702677	1.090107
51810	-419.9592	-560.2325	140.2734	1.679948	0.8781078
51816	-411.0127	-551.0708	140.0581	1.571903	1.192997
51822	-424.2034	-563.4111	139.2078	1.292023	2.02189
51828	-434.9057	-574.1019	139.1962	1.266771	2.046287
51834	-418.5017	-558.573	140.0713	1.638261	1.122988
51840	-402.9252	-542.9252	140	1.375166	1.400672
51846	-409.2409	-549.0383	139.7975	1.577685	1.400672
51852	-410.7265	-550.711	139.9845	1.742115	1.107518
51858	-417.6566	-557.9862	140.3296	1.55019	0.9588488
51864	-407.056	-547.4411	140.3852	1.622922	0.8109487
51870	-410.388	-550.4336	140.0456	1.565823	1.208898
51876	-411.9764	-552.2482	140.2718	1.221748	1.306786
51882	-407.4051	-547.3775	139.9724	1.521094	1.306786
51888	-412.9547	-553.1377	140.1831	1.708448	0.9465283
51894	-416.373	-556.4953	140.1223	1.965908	0.6904395
51900	-414.327	-554.012	139.685	1.751371	1.35259
51906	-418.8459	-558.6121	139.7662	1.805929	1.242144
51912	-425.605	-564.3577	138.7527	1.684596	2.063252
51918	-421.2832	-561.4542	140.171	1.918879	0.6874166
51924	-418.4778	-558.519	140.0411	2.104991	0.4886876
51930	-412.4713	-552.6589	140.1876	1.897354	0.6963302
51936	-419.1868	-558.9311	139.7444	1.521709	1.484167
51942	-418.4479	-558.5432	140.0953	1.537179	1.190911
51948	-420.7767	-560.9232	140.1465	1.797253	0.8891852
51954	-424.2532	-562.5739	138.3206	1.197715	2.647381
51960	-421.8592	-560.5741	138.7149	1.295989	2.339208
51966	-418.4043	-557.2276	138.8234	1.580412	2.085359
51972	-412.4125	-552.5355	140.123	1.527306	1.175438
51978	-420.3827	-560.4272	140.0445	1.963045	0.8117199
51984	-422.5036	-561.4283	138.9247	1.352082	2.168369
51990	-433.0885	-573.4084	140.3199	1.716898	0.7719827
51996	-412.9459	-553.0736	140.1276	1.980523	0.6512648
52002	-408.8596	-549.0741	140.2145	1.907666	0.6181651
52008	-408.0422	-548.2705	140.2283	1.88059	0.6496727
52014	-410.1868	-550.4356	140.2488	1.88776	0.5732459
52020	-409.9471	-550.24	140.293	1.732784	0.7873763
52026	-409.3391	-549.337	139.9979	1.775682	1.063976
52032	-407.0707	-547.0939	140.0232	2.059709	0.6999863
52038	-412.2686	-552.3512	140.0826	1.504867	1.229198
52044	-408.7702	-547.9945	139.2243	1.382135	1.950615
52050	-413.5453	-553.7731	140.2278	1.723984	0.8798631
52056	-422.663	-562.427	139.764	1.787943	1.25897
52062	-415.2026	-555.313	140.1104	1.892315	0.8179514
52068	-412.4433	-552.6872	140.2439	1.871616	0.6347414
52074	-419.2825	-559.3729	140.0904	1.914766	0.8147722
52080	-417.8293	-557.2291	139.3999	2.567939	0.2575105
52086	-414.0068	-553.3375	139.3307	2.645104	0.2618458
52092	-404.2364	-544.5154	140.279	1.651045	0.904681
52098	-401.9221	-541.8875	139.9654	1.629359	1.22304
52104	-406.1793	-546.3168	140.1375	1.629359	1.070292
52110	-411.6989	-551.9999	140.301	1.659525	0.8697119
52116	-414.0405	-554.3004	140.2598	1.802797	0.7335071
52122	-411.3245	-551.6877	140.3632	1.685897	0.7540782
52128	-411.7629	-551.9492	140.1863	1.931816	0.6286254
52134	-410.8139	-550.7347	139.9207	2.137515	0.7402756
52140	-404.5842	-544.8423	140.2581	1.830746	0.6894004
52146	-409.1724	-549.2653	140.0928	1.714486	1.031749
52152	-407.2377	-547.3483	140.1107	1.98391	0.6786647
52158	-416.6524	-556.9245	140.2721	1.780964	0.7481986
52164	-416.1362	-556.5051	140.3689	1.430792	1.039105
52170	-402.6763	-542.9574	140.2811	1.518548	1.039105
52176	-407.1556	-547.4288	140.2732	1.598719	0.9670569
52182	-411.6549	-550.4002	138.7454	2.865301	0.1434096
52188	-397.931	-536.3444	138.4134	2.994436	0.1093794
52194	-406.9577	-545.8198	138.8622	2.77072	0.1479746
52200	-406.7115	-545.4881	138.7766	2.897138	0.1569232
52206	-409.772	-548.7391	138.9671	2.790956	0.1781422
52212	-408.6325	-547.6005	138.968	2.829635	0.1896512
52218	-408.947	-547.4787	138.5317	2.998574	0.1284279
52224	-411.0284	-549.6037	138.5754	2.992439	0.1351384
52230	-416.4825	-554.803	138.3205	3.125747	0.1149277
52236	-424.4337	-563.0405	138.6069	2.847566	0.1161597
52242	-404.9651	-545.101	140.1359	1.679137	1.024241
52248	-403.1125	-543.2746	140.1621	1.754623	0.9193874
52254	-412.0893	-552.2795	140.1901	1.68258	0.9662459
52260	-422.6509	-562.8954	140.2445	1.726429	0.8573786
52266	-407.7558	-547.8163	140.0605	2.019507	0.7049536
52272	-413.7084	-553.6624	139.954	2.019507	0.8542854
52278	-412.0608	-552.239	140.1782	1.64631	1.014942
52284	-424.8664	-565.1215	140.2551	1.569477	1.014892
52290	-408.0619	-547.8717	139.8098	1.59474	1.377742
52296	-403.6001	-543.8702	140.27	1.421942	1.138745
52302	-408.011	-547.7341	139.7231	1.33288	1.638744
52308	-416.2996	-555.5775	139.2779	1.228043	2.017822
52314	-416.7063	-555.8032	139.0969	1.098578	2.221017
52320	-412.9665	-552.7669	139.8004	2.292976	0.3543766
52326	-410.8046	-550.5738	139.7692	2.360722	0.4145393
52332	-416.2627	-555.9199	139.6572	2.42311	0.3395931
52338	-408.4205	-547.9386	139.5182	2.488707	0.2801982
52344	-414.0183	-553.355	139.3367	2.645709	0.2655282
52350	-410.5665	-549.9182	139.3517	2.551186	0.227043
52356	-405.5209	-544.5228	139.0018	2.727758	0.1705206
52362	-408.2653	-547.3159	139.0506	2.836537	0.2206781
52368	-407.4409	-546.2348	138.794	2.835385	0.1472347
52374	-399.7763	-538.9018	139.1255	2.709905	0.2017781
52380	-399.5551	-538.5585	139.0034	2.735191	0.1728687
52386	-412.021	-551.0804	139.0594	2.752857	0.1941806
52392	-403.5826	-542.5772	138.9946	2.752857	0.1752449
52398	-407.3881	-546.5008	139.1127	2.692746	0.1920506
52404	-418.4899	-558.0566	139.5667	1.588921	1.566321
52410	-411.4473	-550.6742	139.2269	2.674651	0.2265272
52416	-407.9223	-547.2576	139.3352	2.485862	0.1970343
52422	-410.6828	-550.1933	139.5105	2.447417	0.2523547
52428	-409.1793	-548.9997	139.8204	2.307595	0.4100845
52434	-410.5631	-550.1899	139.6268	2.485579	0.3807213
52440	-418.5115	-558.314	139.8024	2.322494	0.4033789
52446	-421.806	-561.5608	139.7548	2.387196	0.4546677
52452	-418.7846	-558.5422	139.7576	2.340277	0.3599798
52458	-419.8903	-559.7552	139.8649	2.271592	0.4329459
52464	-410.706	-550.5948	139.8888	2.247685	0.4329459
52470	-409.263	-549.1362	139.8732	2.247685	0.3953369
52476	-403.4908	-543.2836	139.7929	2.327978	0.3953369
52482	-420.5514	-560.7392	140.1877	1.957796	0.521021
52488	-420.1948	-560.0487	139.8539	2.26401	0.3899721
52494	-408.3026	-548.0599	139.7573	2.302552	0.319774
52500	-411.7712	-551.5265	139.7553	2.310329	0.3250303
52506	-415.9605	-555.6073	139.6468	2.416657	0.3230467
52512	-412.5374	-552.3163	139.7789	2.30593	0.3444768
52518	-404.4852	-544.4602	139.975	2.171224	0.4914608
52524	-402.7226	-542.6976	139.975	2.171224	0.4914608
52530	-415.8275	-555.7667	139.9392	2.207176	0.5028896
52536	-410.1826	-550.0902	139.9076	2.238454	0.4868535
52542	-403.4534	-543.3755	139.9221	2.21695	0.5629099
52548	-406.7882	-546.5689	139.7808	2.338855	0.3930329
52554	-411.9617	-552.1074	140.1457	1.984426	0.4152288
52560	-410.7161	-550.959	140.2428	1.859541	0.6633706
52566	-406.8392	-547.0435	140.2043	1.859541	0.7316048
52572	-415.5273	-555.6976	140.1704	1.919992	0.6865753
52578	-415.5681	-555.8166	140.2485	1.841812	0.6865753
52584	-413.3911	-553.2646	139.8735	1.351072	1.51528
52590	-408.6848	-548.7456	140.0608	1.728385	1.049165
52596	-408.2745	-548.4712	140.1967	1.647408	0.9954038
